[run_eval] 日志写入 eval/eval_20260711_110540.log
loaded 550 items for benchmark=p08_calibration
predictions: 0 cached, 550 to run
predict 1/550 item=ceval::accountant-val-11 status=ok
predict 2/550 item=ceval::accountant-val-22 status=ok
predict 3/550 item=ceval::accountant-val-34 status=ok
[run_eval] 日志写入 eval/eval_20260711_110623.log
loaded 500 items for benchmark=p08_abstention
predictions: 0 cached, 500 to run
predict 1/500 item=umwp-2360 status=ok
predict 2/500 item=umwp-3252 status=ok
predict 3/500 item=umwp-1509 status=ok
predict 4/500 item=umwp-1350 status=ok
predict 5/500 item=umwp-2952 status=ok
predict 6/500 item=umwp-5028 status=ok
predict 7/500 item=umwp-2519 status=ok
predict 8/500 item=umwp-4243 status=ok
predict 9/500 item=umwp-2504 status=ok
predict 10/500 item=umwp-1774 status=ok
predict 11/500 item=umwp-4421 status=ok
predict 12/500 item=umwp-1677 status=ok
predict 13/500 item=umwp-561 status=ok
predict 4/550 item=ceval::advanced_mathematics-val-5 status=ok
predict 14/500 item=umwp-1579 status=ok
predict 5/550 item=ceval::art_studies-val-7 status=ok
predict 15/500 item=umwp-4050 status=ok
predict 16/500 item=umwp-5186 status=ok
predict 17/500 item=umwp-1629 status=ok
predict 6/550 item=ceval::art_studies-val-13 status=ok
predict 18/500 item=umwp-1769 status=ok
predict 19/500 item=umwp-333 status=ok
predict 20/500 item=umwp-4253 status=ok
predict 21/500 item=umwp-3842 status=ok
predict 7/550 item=ceval::art_studies-val-20 status=ok
predict 22/500 item=umwp-1043 status=ok
predict 23/500 item=umwp-2888 status=ok
predict 24/500 item=umwp-2474 status=ok
predict 25/500 item=umwp-683 status=ok
predict 26/500 item=umwp-3020 status=ok
predict 27/500 item=umwp-3194 status=ok
predict 28/500 item=umwp-2351 status=ok
predict 29/500 item=umwp-2996 status=ok
predict 8/550 item=ceval::art_studies-val-22 status=ok
predict 30/500 item=umwp-4965 status=ok
predict 31/500 item=umwp-2138 status=ok
predict 32/500 item=umwp-3632 status=ok
predict 9/550 item=ceval::business_administration-val-0 status=ok
predict 33/500 item=umwp-3011 status=ok
predict 34/500 item=umwp-2455 status=ok
predict 35/500 item=umwp-1500 status=ok
predict 36/500 item=umwp-426 status=ok
predict 37/500 item=umwp-1989 status=ok
predict 38/500 item=umwp-4316 status=ok
predict 39/500 item=umwp-2930 status=ok
predict 40/500 item=umwp-4032 status=ok
predict 41/500 item=umwp-911 status=ok
predict 42/500 item=umwp-4309 status=ok
predict 43/500 item=umwp-2416 status=ok
predict 44/500 item=umwp-4678 status=ok
predict 45/500 item=umwp-864 status=ok
predict 46/500 item=umwp-2965 status=ok
predict 47/500 item=umwp-2478 status=ok
predict 48/500 item=umwp-3158 status=ok
predict 49/500 item=umwp-1600 status=ok
predict 50/500 item=umwp-2268 status=ok
predict 51/500 item=umwp-1251 status=ok
predict 52/500 item=umwp-390 status=ok
predict 53/500 item=umwp-4365 status=ok
predict 54/500 item=umwp-4826 status=ok
predict 55/500 item=umwp-1122 status=ok
predict 56/500 item=umwp-3598 status=ok
predict 57/500 item=umwp-2195 status=ok
predict 58/500 item=umwp-4057 status=ok
predict 59/500 item=umwp-3494 status=ok
predict 60/500 item=umwp-3068 status=ok
predict 61/500 item=umwp-2388 status=ok
predict 62/500 item=umwp-1275 status=ok
predict 63/500 item=umwp-3593 status=ok
predict 64/500 item=umwp-1272 status=ok
predict 65/500 item=umwp-2783 status=ok
predict 66/500 item=umwp-1351 status=ok
predict 67/500 item=umwp-596 status=ok
predict 68/500 item=umwp-559 status=ok
predict 69/500 item=umwp-3518 status=ok
predict 70/500 item=umwp-4227 status=ok
predict 10/550 item=ceval::business_administration-val-2 status=ok
predict 71/500 item=umwp-1131 status=ok
predict 72/500 item=umwp-4207 status=ok
predict 11/550 item=ceval::business_administration-val-8 status=ok
predict 73/500 item=umwp-1322 status=ok
predict 74/500 item=umwp-1267 status=ok
predict 75/500 item=umwp-4753 status=ok
predict 76/500 item=umwp-605 status=ok
predict 77/500 item=umwp-2507 status=ok
predict 78/500 item=umwp-586 status=ok
predict 12/550 item=ceval::business_administration-val-9 status=ok
predict 79/500 item=umwp-4104 status=ok
predict 80/500 item=umwp-4283 status=ok
predict 81/500 item=umwp-2376 status=ok
predict 82/500 item=umwp-735 status=ok
predict 83/500 item=umwp-3350 status=ok
predict 84/500 item=umwp-3626 status=ok
predict 85/500 item=umwp-2806 status=ok
predict 86/500 item=umwp-2647 status=ok
predict 87/500 item=umwp-3693 status=ok
predict 88/500 item=umwp-3553 status=ok
predict 89/500 item=umwp-1672 status=ok
predict 90/500 item=umwp-109 status=ok
predict 91/500 item=umwp-1347 status=ok
predict 92/500 item=umwp-3510 status=ok
predict 93/500 item=umwp-5108 status=ok
predict 94/500 item=umwp-1781 status=ok
predict 95/500 item=umwp-1671 status=ok
predict 13/550 item=ceval::business_administration-val-11 status=ok
predict 96/500 item=umwp-1156 status=ok
predict 97/500 item=umwp-4877 status=ok
predict 98/500 item=umwp-334 status=ok
predict 99/500 item=umwp-1849 status=ok
predict 100/500 item=umwp-2586 status=ok
predict 101/500 item=umwp-681 status=ok
predict 102/500 item=umwp-670 status=ok
predict 103/500 item=umwp-3957 status=ok
predict 104/500 item=umwp-4261 status=ok
predict 105/500 item=umwp-3815 status=ok
predict 106/500 item=umwp-1395 status=ok
predict 107/500 item=umwp-3051 status=ok
predict 108/500 item=umwp-4388 status=ok
predict 109/500 item=umwp-318 status=ok
predict 110/500 item=umwp-1474 status=ok
predict 111/500 item=umwp-3932 status=ok
predict 112/500 item=umwp-2290 status=ok
predict 113/500 item=umwp-3583 status=ok
predict 114/500 item=umwp-875 status=ok
predict 115/500 item=umwp-1120 status=ok
predict 116/500 item=umwp-1480 status=ok
predict 117/500 item=umwp-3655 status=ok
predict 14/550 item=ceval::business_administration-val-26 status=ok
predict 118/500 item=umwp-2631 status=ok
predict 119/500 item=umwp-2598 status=ok
predict 120/500 item=umwp-4561 status=ok
predict 121/500 item=umwp-717 status=ok
predict 122/500 item=umwp-3860 status=ok
predict 123/500 item=umwp-1767 status=ok
predict 124/500 item=umwp-2107 status=ok
predict 125/500 item=umwp-1423 status=ok
predict 126/500 item=umwp-3727 status=ok
predict 127/500 item=umwp-542 status=ok
predict 128/500 item=umwp-2761 status=ok
predict 129/500 item=umwp-1045 status=ok
predict 130/500 item=umwp-4626 status=ok
predict 131/500 item=umwp-2377 status=ok
predict 132/500 item=umwp-4002 status=ok
predict 133/500 item=umwp-4644 status=ok
predict 134/500 item=umwp-1691 status=ok
predict 135/500 item=umwp-2131 status=ok
predict 136/500 item=umwp-2775 status=ok
predict 137/500 item=umwp-2096 status=ok
predict 138/500 item=umwp-3396 status=ok
predict 139/500 item=umwp-1334 status=ok
predict 140/500 item=umwp-4485 status=ok
predict 141/500 item=umwp-1529 status=ok
predict 142/500 item=umwp-4385 status=ok
predict 143/500 item=umwp-5154 status=ok
predict 144/500 item=umwp-1034 status=ok
predict 145/500 item=umwp-105 status=ok
predict 146/500 item=umwp-1815 status=ok
predict 147/500 item=umwp-2509 status=ok
predict 148/500 item=umwp-1418 status=ok
predict 149/500 item=umwp-2919 status=ok
predict 150/500 item=umwp-4125 status=ok
predict 151/500 item=umwp-336 status=ok
predict 152/500 item=umwp-1589 status=ok
predict 153/500 item=umwp-4878 status=ok
predict 154/500 item=umwp-3927 status=ok
predict 15/550 item=ceval::advanced_mathematics-val-3 status=ok
predict 155/500 item=umwp-923 status=ok
predict 156/500 item=umwp-2597 status=ok
predict 157/500 item=umwp-3619 status=ok
predict 158/500 item=umwp-1150 status=ok
predict 159/500 item=umwp-2428 status=ok
predict 160/500 item=umwp-4831 status=ok
predict 16/550 item=ceval::business_administration-val-29 status=ok
predict 161/500 item=umwp-1643 status=ok
predict 162/500 item=umwp-1397 status=ok
predict 163/500 item=umwp-3635 status=ok
predict 17/550 item=ceval::business_administration-val-31 status=ok
predict 164/500 item=umwp-60 status=ok
predict 18/550 item=ceval::chinese_language_and_literature-val-2 status=ok
predict 165/500 item=umwp-4616 status=ok
predict 166/500 item=umwp-2860 status=ok
predict 167/500 item=umwp-4286 status=ok
predict 168/500 item=umwp-4290 status=ok
predict 19/550 item=ceval::chinese_language_and_literature-val-3 status=ok
predict 169/500 item=umwp-348 status=ok
predict 170/500 item=umwp-123 status=ok
predict 171/500 item=umwp-2411 status=ok
predict 172/500 item=umwp-4015 status=ok
predict 173/500 item=umwp-1001 status=ok
predict 174/500 item=umwp-2739 status=ok
predict 175/500 item=umwp-8 status=ok
predict 176/500 item=umwp-2415 status=ok
predict 177/500 item=umwp-2577 status=ok
predict 20/550 item=ceval::chinese_language_and_literature-val-8 status=ok
predict 178/500 item=umwp-989 status=ok
predict 179/500 item=umwp-3726 status=ok
predict 180/500 item=umwp-2970 status=ok
predict 181/500 item=umwp-3659 status=ok
predict 182/500 item=umwp-1162 status=ok
predict 21/550 item=ceval::chinese_language_and_literature-val-11 status=ok
predict 183/500 item=umwp-530 status=ok
predict 184/500 item=umwp-745 status=ok
predict 185/500 item=umwp-2945 status=ok
predict 186/500 item=umwp-4779 status=ok
predict 187/500 item=umwp-5071 status=ok
predict 188/500 item=umwp-3422 status=ok
predict 189/500 item=umwp-2369 status=ok
predict 190/500 item=umwp-4608 status=ok
predict 191/500 item=umwp-405 status=ok
predict 192/500 item=umwp-3949 status=ok
predict 193/500 item=umwp-466 status=ok
predict 194/500 item=umwp-118 status=ok
predict 195/500 item=umwp-4474 status=ok
predict 196/500 item=umwp-2699 status=ok
predict 22/550 item=ceval::accountant-val-7 status=ok
predict 197/500 item=umwp-4419 status=ok
predict 198/500 item=umwp-2450 status=ok
predict 199/500 item=umwp-1552 status=ok
predict 200/500 item=umwp-83 status=ok
predict 201/500 item=umwp-4521 status=ok
predict 23/550 item=ceval::civil_servant-val-2 status=ok
predict 202/500 item=umwp-523 status=ok
predict 203/500 item=umwp-4295 status=ok
predict 204/500 item=umwp-1559 status=ok
predict 205/500 item=umwp-3248 status=ok
predict 24/550 item=ceval::civil_servant-val-4 status=ok
predict 206/500 item=umwp-2635 status=ok
predict 207/500 item=umwp-132 status=ok
predict 208/500 item=umwp-4617 status=ok
predict 209/500 item=umwp-2121 status=ok
predict 210/500 item=umwp-1969 status=ok
predict 25/550 item=ceval::civil_servant-val-8 status=ok
predict 211/500 item=umwp-3657 status=ok
predict 212/500 item=umwp-4068 status=ok
predict 213/500 item=umwp-4280 status=ok
predict 214/500 item=umwp-515 status=ok
predict 215/500 item=umwp-1085 status=ok
predict 216/500 item=umwp-5018 status=ok
predict 26/550 item=ceval::civil_servant-val-9 status=ok
predict 217/500 item=umwp-3483 status=ok
predict 218/500 item=umwp-3731 status=ok
predict 219/500 item=umwp-5067 status=ok
predict 220/500 item=umwp-2638 status=ok
predict 27/550 item=ceval::civil_servant-val-13 status=ok
predict 221/500 item=umwp-249 status=ok
predict 222/500 item=umwp-5123 status=ok
predict 223/500 item=umwp-2367 status=ok
predict 224/500 item=umwp-4223 status=ok
predict 225/500 item=umwp-4822 status=ok
predict 226/500 item=umwp-3224 status=ok
predict 227/500 item=umwp-1311 status=ok
predict 228/500 item=umwp-55 status=ok
predict 229/500 item=umwp-3429 status=ok
predict 230/500 item=umwp-1338 status=ok
predict 231/500 item=umwp-3288 status=ok
predict 232/500 item=umwp-2334 status=ok
predict 233/500 item=umwp-2580 status=ok
predict 234/500 item=umwp-3535 status=ok
predict 235/500 item=umwp-522 status=ok
predict 236/500 item=umwp-2778 status=ok
predict 237/500 item=umwp-3918 status=ok
predict 238/500 item=umwp-1699 status=ok
predict 239/500 item=umwp-2487 status=ok
predict 240/500 item=umwp-1883 status=ok
predict 241/500 item=umwp-2316 status=ok
predict 242/500 item=umwp-4001 status=ok
predict 243/500 item=umwp-873 status=ok
predict 244/500 item=umwp-3588 status=ok
predict 28/550 item=ceval::civil_servant-val-15 status=ok
predict 245/500 item=umwp-845 status=ok
predict 246/500 item=umwp-3213 status=ok
predict 247/500 item=umwp-999 status=ok
predict 248/500 item=umwp-3882 status=ok
predict 249/500 item=umwp-4638 status=ok
predict 250/500 item=umwp-3164 status=ok
predict 29/550 item=ceval::civil_servant-val-16 status=ok
predict 251/500 item=umwp-1789 status=ok
predict 252/500 item=umwp-796 status=ok
predict 253/500 item=umwp-1547 status=ok
predict 254/500 item=umwp-3376 status=ok
predict 255/500 item=umwp-300 status=ok
predict 256/500 item=umwp-4192 status=ok
predict 30/550 item=ceval::civil_servant-val-18 status=ok
predict 257/500 item=umwp-3450 status=ok
predict 258/500 item=umwp-3053 status=ok
predict 259/500 item=umwp-3647 status=ok
predict 260/500 item=umwp-5095 status=ok
predict 261/500 item=umwp-360 status=ok
predict 262/500 item=umwp-1809 status=ok
predict 31/550 item=ceval::civil_servant-val-42 status=ok
predict 263/500 item=umwp-1109 status=ok
predict 264/500 item=umwp-3889 status=ok
predict 265/500 item=umwp-1313 status=ok
predict 266/500 item=umwp-3554 status=ok
predict 267/500 item=umwp-2656 status=ok
predict 268/500 item=umwp-4043 status=ok
predict 269/500 item=umwp-303 status=ok
predict 270/500 item=umwp-2331 status=ok
predict 271/500 item=umwp-4766 status=ok
predict 272/500 item=umwp-4476 status=ok
predict 273/500 item=umwp-1257 status=ok
predict 274/500 item=umwp-3596 status=ok
predict 275/500 item=umwp-620 status=ok
predict 276/500 item=umwp-5033 status=ok
predict 277/500 item=umwp-404 status=ok
predict 278/500 item=umwp-2747 status=ok
predict 279/500 item=umwp-598 status=ok
predict 280/500 item=umwp-4120 status=ok
predict 281/500 item=umwp-317 status=ok
predict 282/500 item=umwp-4345 status=ok
predict 283/500 item=umwp-4748 status=ok
predict 284/500 item=umwp-914 status=ok
predict 285/500 item=umwp-1846 status=ok
predict 286/500 item=umwp-4411 status=ok
predict 287/500 item=umwp-3005 status=ok
predict 288/500 item=umwp-2758 status=ok
predict 289/500 item=umwp-2092 status=ok
predict 290/500 item=umwp-1754 status=ok
predict 291/500 item=umwp-1273 status=ok
predict 292/500 item=umwp-3032 status=ok
predict 32/550 item=ceval::civil_servant-val-44 status=ok
predict 293/500 item=umwp-4749 status=ok
predict 294/500 item=umwp-4452 status=ok
predict 295/500 item=umwp-2250 status=ok
predict 296/500 item=umwp-505 status=ok
predict 297/500 item=umwp-3825 status=ok
predict 298/500 item=umwp-1063 status=ok
predict 299/500 item=umwp-3329 status=ok
predict 300/500 item=umwp-2381 status=ok
predict 301/500 item=umwp-3411 status=ok
predict 302/500 item=umwp-1046 status=ok
predict 303/500 item=umwp-679 status=ok
predict 304/500 item=umwp-4036 status=ok
predict 305/500 item=umwp-4577 status=ok
predict 306/500 item=umwp-687 status=ok
predict 307/500 item=umwp-5176 status=ok
predict 308/500 item=umwp-2151 status=ok
predict 309/500 item=umwp-3069 status=ok
predict 310/500 item=umwp-4163 status=ok
predict 311/500 item=umwp-3641 status=ok
predict 312/500 item=umwp-2140 status=ok
predict 33/550 item=ceval::clinical_medicine-val-1 status=ok
predict 313/500 item=umwp-3090 status=ok
predict 34/550 item=ceval::clinical_medicine-val-10 status=ok
predict 314/500 item=umwp-2327 status=ok
predict 315/500 item=umwp-1905 status=ok
predict 316/500 item=umwp-3506 status=ok
predict 317/500 item=umwp-1897 status=ok
predict 318/500 item=umwp-1556 status=ok
predict 319/500 item=umwp-2547 status=ok
predict 320/500 item=umwp-4596 status=ok
predict 321/500 item=umwp-2309 status=ok
predict 322/500 item=umwp-3942 status=ok
predict 323/500 item=umwp-3534 status=ok
predict 324/500 item=umwp-1816 status=ok
predict 325/500 item=umwp-1382 status=ok
predict 326/500 item=umwp-4314 status=ok
predict 327/500 item=umwp-1246 status=ok
predict 328/500 item=umwp-412 status=ok
predict 329/500 item=umwp-898 status=ok
predict 330/500 item=umwp-2594 status=ok
predict 35/550 item=ceval::clinical_medicine-val-12 status=ok
predict 331/500 item=umwp-4685 status=ok
predict 332/500 item=umwp-3044 status=ok
predict 333/500 item=umwp-2402 status=ok
predict 334/500 item=umwp-341 status=ok
predict 335/500 item=umwp-4449 status=ok
predict 36/550 item=ceval::clinical_medicine-val-21 status=ok
predict 336/500 item=umwp-1708 status=ok
predict 337/500 item=umwp-2501 status=ok
predict 338/500 item=umwp-1884 status=ok
predict 339/500 item=umwp-987 status=ok
predict 340/500 item=umwp-5013 status=ok
predict 341/500 item=umwp-4694 status=ok
predict 37/550 item=ceval::college_chemistry-val-7 status=ok
predict 342/500 item=umwp-854 status=ok
predict 343/500 item=umwp-4862 status=ok
predict 344/500 item=umwp-3283 status=ok
predict 345/500 item=umwp-4299 status=ok
predict 346/500 item=umwp-1777 status=ok
predict 347/500 item=umwp-4940 status=ok
predict 348/500 item=umwp-3754 status=ok
predict 349/500 item=umwp-1515 status=ok
predict 350/500 item=umwp-180 status=ok
predict 38/550 item=ceval::college_economics-val-1 status=ok
predict 351/500 item=umwp-5099 status=ok
predict 352/500 item=umwp-4194 status=ok
predict 353/500 item=umwp-4724 status=ok
predict 354/500 item=umwp-1431 status=ok
predict 355/500 item=umwp-497 status=ok
predict 39/550 item=ceval::college_economics-val-2 status=ok
predict 356/500 item=umwp-4806 status=ok
predict 357/500 item=umwp-4041 status=ok
predict 358/500 item=umwp-3915 status=ok
predict 359/500 item=umwp-3921 status=ok
predict 360/500 item=umwp-5125 status=ok
predict 361/500 item=umwp-400 status=ok
predict 362/500 item=umwp-2498 status=ok
predict 363/500 item=umwp-528 status=ok
predict 364/500 item=umwp-4424 status=ok
predict 365/500 item=umwp-1400 status=ok
predict 366/500 item=umwp-2999 status=ok
predict 367/500 item=umwp-3148 status=ok
predict 368/500 item=umwp-2013 status=ok
predict 369/500 item=umwp-1819 status=ok
predict 370/500 item=umwp-3100 status=ok
predict 371/500 item=umwp-2362 status=ok
predict 372/500 item=umwp-4709 status=ok
predict 373/500 item=umwp-576 status=ok
predict 374/500 item=umwp-4868 status=ok
predict 375/500 item=umwp-1895 status=ok
predict 376/500 item=umwp-994 status=ok
predict 377/500 item=umwp-5023 status=ok
predict 378/500 item=umwp-2617 status=ok
predict 379/500 item=umwp-3039 status=ok
predict 380/500 item=umwp-4344 status=ok
predict 381/500 item=umwp-1995 status=ok
predict 382/500 item=umwp-3581 status=ok
predict 383/500 item=umwp-1009 status=ok
predict 384/500 item=umwp-770 status=ok
predict 385/500 item=umwp-4420 status=ok
predict 386/500 item=umwp-3925 status=ok
predict 387/500 item=umwp-1093 status=ok
predict 388/500 item=umwp-1653 status=ok
predict 389/500 item=umwp-480 status=ok
predict 390/500 item=umwp-3981 status=ok
predict 391/500 item=umwp-4759 status=ok
predict 392/500 item=umwp-686 status=ok
predict 393/500 item=umwp-3427 status=ok
predict 394/500 item=umwp-852 status=ok
predict 395/500 item=umwp-2983 status=ok
predict 396/500 item=umwp-1054 status=ok
predict 397/500 item=umwp-2552 status=ok
predict 398/500 item=umwp-2237 status=ok
predict 399/500 item=umwp-4146 status=ok
predict 400/500 item=umwp-4022 status=ok
predict 401/500 item=umwp-49 status=ok
predict 402/500 item=umwp-3828 status=ok
predict 403/500 item=umwp-1992 status=ok
predict 40/550 item=ceval::college_economics-val-6 status=ok
predict 404/500 item=umwp-1634 status=ok
predict 405/500 item=umwp-2696 status=ok
predict 41/550 item=ceval::college_economics-val-10 status=ok
predict 406/500 item=umwp-2350 status=ok
predict 407/500 item=umwp-4500 status=ok
predict 408/500 item=umwp-346 status=ok
predict 42/550 item=ceval::college_economics-val-11 status=ok
predict 409/500 item=umwp-24 status=ok
predict 410/500 item=umwp-2530 status=ok
predict 411/500 item=umwp-4924 status=ok
predict 412/500 item=umwp-568 status=ok
predict 413/500 item=umwp-4884 status=ok
predict 414/500 item=umwp-225 status=ok
predict 415/500 item=umwp-1848 status=ok
predict 416/500 item=umwp-4785 status=ok
predict 417/500 item=umwp-2526 status=ok
predict 418/500 item=umwp-1369 status=ok
predict 43/550 item=ceval::chinese_language_and_literature-val-13 status=ok
predict 419/500 item=umwp-3479 status=ok
predict 420/500 item=umwp-1801 status=ok
predict 421/500 item=umwp-3543 status=ok
predict 422/500 item=umwp-1858 status=ok
predict 423/500 item=umwp-2838 status=ok
predict 424/500 item=umwp-3492 status=ok
predict 44/550 item=ceval::college_economics-val-24 status=ok
predict 425/500 item=umwp-1477 status=ok
predict 426/500 item=umwp-2425 status=ok
predict 427/500 item=umwp-20 status=ok
predict 45/550 item=ceval::college_economics-val-25 status=ok
predict 428/500 item=umwp-4329 status=ok
predict 429/500 item=umwp-314 status=ok
predict 430/500 item=umwp-3904 status=ok
predict 431/500 item=umwp-2576 status=ok
predict 432/500 item=umwp-2019 status=ok
predict 433/500 item=umwp-4725 status=ok
predict 434/500 item=umwp-3424 status=ok
predict 435/500 item=umwp-2522 status=ok
predict 436/500 item=umwp-834 status=ok
predict 437/500 item=umwp-675 status=ok
predict 46/550 item=ceval::college_economics-val-33 status=ok
predict 438/500 item=umwp-3743 status=ok
predict 439/500 item=umwp-1033 status=ok
predict 440/500 item=umwp-762 status=ok
predict 441/500 item=umwp-4800 status=ok
predict 442/500 item=umwp-3609 status=ok
predict 443/500 item=umwp-2482 status=ok
predict 444/500 item=umwp-4067 status=ok
predict 445/500 item=umwp-1386 status=ok
predict 446/500 item=umwp-2207 status=ok
predict 447/500 item=umwp-4664 status=ok
predict 448/500 item=umwp-702 status=ok
predict 449/500 item=umwp-4545 status=ok
predict 450/500 item=umwp-1096 status=ok
predict 451/500 item=umwp-3977 status=ok
predict 452/500 item=umwp-4349 status=ok
predict 453/500 item=umwp-2433 status=ok
predict 454/500 item=umwp-1948 status=ok
predict 455/500 item=umwp-870 status=ok
predict 456/500 item=umwp-3251 status=ok
predict 457/500 item=umwp-1241 status=ok
predict 458/500 item=umwp-3330 status=ok
predict 459/500 item=umwp-2124 status=ok
predict 460/500 item=umwp-2732 status=ok
predict 461/500 item=umwp-3421 status=ok
predict 462/500 item=umwp-1979 status=ok
predict 463/500 item=umwp-3415 status=ok
predict 464/500 item=umwp-3276 status=ok
predict 465/500 item=umwp-810 status=ok
predict 466/500 item=umwp-5092 status=ok
predict 467/500 item=umwp-2986 status=ok
predict 468/500 item=umwp-386 status=ok
predict 469/500 item=umwp-2135 status=ok
predict 470/500 item=umwp-4115 status=ok
predict 471/500 item=umwp-3234 status=ok
predict 472/500 item=umwp-3185 status=ok
predict 473/500 item=umwp-1227 status=ok
predict 474/500 item=umwp-4920 status=ok
predict 475/500 item=umwp-1573 status=ok
predict 476/500 item=umwp-200 status=ok
predict 477/500 item=umwp-2633 status=ok
predict 478/500 item=umwp-2473 status=ok
predict 479/500 item=umwp-1489 status=ok
predict 480/500 item=umwp-2607 status=ok
predict 481/500 item=umwp-535 status=ok
predict 482/500 item=umwp-1298 status=ok
predict 483/500 item=umwp-3074 status=ok
predict 484/500 item=umwp-4281 status=ok
predict 485/500 item=umwp-788 status=ok
predict 486/500 item=umwp-3771 status=ok
predict 487/500 item=umwp-1683 status=ok
predict 488/500 item=umwp-424 status=ok
predict 489/500 item=umwp-3362 status=ok
predict 490/500 item=umwp-2512 status=ok
predict 491/500 item=umwp-164 status=ok
predict 492/500 item=umwp-2815 status=ok
predict 493/500 item=umwp-4849 status=ok
predict 494/500 item=umwp-1362 status=ok
predict 495/500 item=umwp-2548 status=ok
predict 496/500 item=umwp-2780 status=ok
predict 497/500 item=umwp-2171 status=ok
predict 498/500 item=umwp-1696 status=ok
predict 499/500 item=umwp-2652 status=ok
predict 500/500 item=umwp-3696 status=ok
extractions: 0 cached, 500 to run
extract 1/500 item=umwp-2360 -> '305.0'
extract 2/500 item=umwp-4243 -> 'unanswerable'
extract 3/500 item=umwp-1350 -> '95.0'
extract 4/500 item=umwp-3252 -> 'unanswerable'
extract 5/500 item=umwp-1509 -> '2.0'
extract 6/500 item=umwp-2952 -> '21.0'
extract 7/500 item=umwp-5028 -> '500.0'
extract 8/500 item=umwp-2519 -> 'unanswerable'
extract 9/500 item=umwp-1774 -> '19.0'
extract 10/500 item=umwp-2504 -> 'unanswerable'
extract 11/500 item=umwp-1677 -> '30.0'
extract 12/500 item=umwp-4421 -> 'unanswerable'
extract 13/500 item=umwp-561 -> '2.0'
extract 14/500 item=umwp-4050 -> 'unanswerable'
extract 15/500 item=umwp-1579 -> '13.0'
extract 16/500 item=umwp-5186 -> 'unanswerable'
extract 17/500 item=umwp-1629 -> '120.0'
extract 18/500 item=umwp-2888 -> 'unanswerable'
extract 19/500 item=umwp-1769 -> '5.0'
extract 20/500 item=umwp-4253 -> 'unanswerable'
extract 21/500 item=umwp-333 -> '450.0'
extract 22/500 item=umwp-3842 -> '2756.0'
extract 23/500 item=umwp-1043 -> '180.0'
extract 24/500 item=umwp-3194 -> 'unanswerable'
extract 25/500 item=umwp-2474 -> '10.0'
extract 26/500 item=umwp-4965 -> '10.0'
extract 27/500 item=umwp-683 -> '60.0'
extract 28/500 item=umwp-3020 -> 'unanswerable'
extract 29/500 item=umwp-2351 -> '70.0'
extract 30/500 item=umwp-2996 -> '21.0'
extract 31/500 item=umwp-2455 -> '2000.0'
extract 32/500 item=umwp-3632 -> 'unanswerable'
extract 33/500 item=umwp-2138 -> '220.0'
extract 34/500 item=umwp-3011 -> '21.0'
extract 35/500 item=umwp-1500 -> '975.0'
extract 36/500 item=umwp-2930 -> '80.0'
extract 37/500 item=umwp-426 -> '2.0'
extract 38/500 item=umwp-4032 -> '2340.0'
extract 39/500 item=umwp-1989 -> '188.0'
extract 40/500 item=umwp-4316 -> 'unanswerable'
extract 41/500 item=umwp-1600 -> '10.0'
extract 42/500 item=umwp-4309 -> 'unanswerable'
extract 43/500 item=umwp-911 -> '500.0'
extract 44/500 item=umwp-3158 -> 'unanswerable'
extract 45/500 item=umwp-2416 -> '42.0'
extract 46/500 item=umwp-4678 -> '24.0'
extract 47/500 item=umwp-864 -> '20.0'
extract 48/500 item=umwp-2965 -> 'unanswerable'
extract 49/500 item=umwp-2478 -> '80.0'
extract 50/500 item=umwp-4365 -> 'unanswerable'
extract 51/500 item=umwp-2268 -> '53.0'
extract 52/500 item=umwp-3593 -> 'unanswerable'
extract 53/500 item=umwp-1251 -> '1500.0'
extract 54/500 item=umwp-4826 -> 'unanswerable'
extract 55/500 item=umwp-390 -> '6.0'
extract 56/500 item=umwp-4057 -> '559.0'
extract 57/500 item=umwp-1122 -> '364.0'
extract 58/500 item=umwp-3598 -> '0.0'
extract 59/500 item=umwp-2195 -> '150.0'
extract 60/500 item=umwp-3494 -> 'unanswerable'
extract 61/500 item=umwp-2388 -> '2.0'
extract 62/500 item=umwp-3068 -> 'unanswerable'
extract 63/500 item=umwp-1272 -> '180.0'
extract 64/500 item=umwp-2783 -> 'unanswerable'
extract 65/500 item=umwp-1275 -> '21.0'
extract 66/500 item=umwp-4207 -> 'unanswerable'
extract 67/500 item=umwp-1351 -> '1800.0'
extract 68/500 item=umwp-2806 -> '324775.0'
extract 69/500 item=umwp-596 -> '32.0'
extract 70/500 item=umwp-3518 -> 'unanswerable'
extract 71/500 item=umwp-559 -> '18.0'
extract 72/500 item=umwp-4227 -> 'unanswerable'
extract 73/500 item=umwp-1131 -> '1244.0'
extract 74/500 item=umwp-4753 -> '3.0'
extract 75/500 item=umwp-1322 -> '80.0'
extract 76/500 item=umwp-4283 -> '-1.0'
extract 77/500 item=umwp-1267 -> '65.0'
extract 78/500 item=umwp-2507 -> 'unanswerable'
extract 79/500 item=umwp-605 -> '2.0'
extract 80/500 item=umwp-4104 -> 'unanswerable'
extract 81/500 item=umwp-586 -> '11.0'
extract 82/500 item=umwp-3350 -> 'unanswerable'
extract 83/500 item=umwp-2376 -> '40.0'
extract 84/500 item=umwp-3553 -> 'unanswerable'
extract 85/500 item=umwp-735 -> '47.0'
extract 86/500 item=umwp-3626 -> '6.0'
extract 87/500 item=umwp-1347 -> '11.0'
extract 88/500 item=umwp-2647 -> 'unanswerable'
extract 89/500 item=umwp-1672 -> '42.0'
extract 90/500 item=umwp-3693 -> 'unanswerable'
extract 91/500 item=umwp-109 -> '22.0'
extract 92/500 item=umwp-3510 -> 'unanswerable'
extract 93/500 item=umwp-1671 -> '9.0'
extract 94/500 item=umwp-5108 -> 'unanswerable'
extract 95/500 item=umwp-1156 -> '88.0'
extract 96/500 item=umwp-4877 -> 'unanswerable'
extract 97/500 item=umwp-1781 -> '5.0'
extract 98/500 item=umwp-3815 -> 'unanswerable'
extract 99/500 item=umwp-334 -> '1.0'
extract 100/500 item=umwp-2586 -> '127.0'
extract 101/500 item=umwp-1849 -> '72000.0'
extract 102/500 item=umwp-3957 -> 'unanswerable'
extract 103/500 item=umwp-681 -> '56.0'
extract 104/500 item=umwp-4261 -> 'unanswerable'
extract 105/500 item=umwp-670 -> '39.0'
extract 106/500 item=umwp-3051 -> '36.0'
extract 107/500 item=umwp-1395 -> '2400.0'
extract 108/500 item=umwp-4388 -> 'unanswerable'
extract 109/500 item=umwp-1474 -> '25.0'
extract 110/500 item=umwp-3860 -> '95.0'
extract 111/500 item=umwp-318 -> '268627.0'
extract 112/500 item=umwp-3932 -> 'unanswerable'
extract 113/500 item=umwp-2290 -> '14.0'
extract 114/500 item=umwp-3583 -> 'unanswerable'
extract 115/500 item=umwp-875 -> '33.0'
extract 116/500 item=umwp-3655 -> 'unanswerable'
extract 117/500 item=umwp-1120 -> '360.0'
extract 118/500 item=umwp-2631 -> 'unanswerable'
extract 119/500 item=umwp-1480 -> '12.0'
extract 120/500 item=umwp-2598 -> 'unanswerable'
extract 121/500 item=umwp-1767 -> 'unanswerable'
extract 122/500 item=umwp-4561 -> 'unanswerable'
extract 123/500 item=umwp-717 -> '9.0'
extract 124/500 item=umwp-3727 -> 'unanswerable'
extract 125/500 item=umwp-2107 -> '5.0'
extract 126/500 item=umwp-4192 -> '6.0'
extract 127/500 item=umwp-1423 -> '400.0'
extract 128/500 item=umwp-2761 -> 'unanswerable'
extract 129/500 item=umwp-542 -> '14.0'
extract 130/500 item=umwp-4626 -> '420.0'
extract 131/500 item=umwp-1045 -> '40.0'
extract 132/500 item=umwp-4644 -> '4340.0'
extract 133/500 item=umwp-2377 -> '20.0'
extract 134/500 item=umwp-4002 -> 'unanswerable'
extract 135/500 item=umwp-1691 -> '5.0'
extract 136/500 item=umwp-3396 -> 'unanswerable'
extract 137/500 item=umwp-2131 -> '426.0'
extract 138/500 item=umwp-2775 -> '7.0'
extract 139/500 item=umwp-2096 -> '195.0'
extract 140/500 item=umwp-4485 -> 'unanswerable'
extract 141/500 item=umwp-1334 -> '27.0'
extract 142/500 item=umwp-4385 -> 'unanswerable'
extract 143/500 item=umwp-1529 -> '18.0'
extract 144/500 item=umwp-5154 -> 'unanswerable'
extract 145/500 item=umwp-1034 -> '1040.0'
extract 146/500 item=umwp-2919 -> 'unanswerable'
extract 147/500 item=umwp-105 -> '38.0'
extract 148/500 item=umwp-2509 -> '15.0'
extract 149/500 item=umwp-1815 -> '14.0'
extract 150/500 item=umwp-4125 -> 'unanswerable'
extract 151/500 item=umwp-1418 -> '40.0'
extract 152/500 item=umwp-3927 -> 'unanswerable'
extract 153/500 item=umwp-336 -> '16.0'
extract 154/500 item=umwp-4878 -> 'unanswerable'
extract 155/500 item=umwp-1589 -> '20.0'
extract 156/500 item=umwp-3619 -> '-33.0'
extract 157/500 item=umwp-923 -> '40.0'
extract 158/500 item=umwp-2597 -> 'unanswerable'
extract 159/500 item=umwp-1150 -> '90.0'
extract 160/500 item=umwp-3635 -> '310.0'
extract 161/500 item=umwp-2428 -> '220.0'
extract 162/500 item=umwp-4831 -> 'unanswerable'
extract 163/500 item=umwp-1643 -> '10.0'
extract 164/500 item=umwp-4290 -> 'unanswerable'
extract 165/500 item=umwp-1397 -> '36.0'
extract 166/500 item=umwp-4616 -> '5.0'
extract 167/500 item=umwp-60 -> '65.0'
extract 168/500 item=umwp-2860 -> 'unanswerable'
extract 169/500 item=umwp-123 -> '82482.0'
extract 170/500 item=umwp-4286 -> '5.0'
extract 171/500 item=umwp-348 -> '14.0'
extract 172/500 item=umwp-4015 -> 'unanswerable'
extract 173/500 item=umwp-2411 -> '50.0'
extract 174/500 item=umwp-2739 -> 'unanswerable'
extract 175/500 item=umwp-1001 -> '1200.0'
extract 176/500 item=umwp-2577 -> 'unanswerable'
extract 177/500 item=umwp-8 -> '10.0'
extract 178/500 item=umwp-3659 -> '245.0'
extract 179/500 item=umwp-2415 -> '190.0'
extract 180/500 item=umwp-3726 -> '28.0'
extract 181/500 item=umwp-989 -> '6.0'
extract 182/500 item=umwp-2970 -> 'unanswerable'
extract 183/500 item=umwp-1162 -> '270.0'
extract 184/500 item=umwp-4779 -> 'unanswerable'
extract 185/500 item=umwp-530 -> '6.0'
extract 186/500 item=umwp-2945 -> '2.0'
extract 187/500 item=umwp-745 -> '15.0'
extract 188/500 item=umwp-3422 -> '32.0'
extract 189/500 item=umwp-5071 -> '66.0'
extract 190/500 item=umwp-4608 -> 'unanswerable'
extract 191/500 item=umwp-2369 -> '28800.0'
extract 192/500 item=umwp-4474 -> 'unanswerable'
extract 193/500 item=umwp-405 -> '11.0'
extract 194/500 item=umwp-3949 -> 'unanswerable'
extract 195/500 item=umwp-466 -> '19.0'
extract 196/500 item=umwp-2699 -> 'unanswerable'
extract 197/500 item=umwp-118 -> '3.0'
extract 198/500 item=umwp-4419 -> '730.0'
extract 199/500 item=umwp-2450 -> '56.0'
extract 200/500 item=umwp-4295 -> '15.0'
extract 201/500 item=umwp-1552 -> '1085.0'
extract 202/500 item=umwp-4521 -> 'unanswerable'
extract 203/500 item=umwp-83 -> '58462.0'
extract 204/500 item=umwp-4617 -> 'unanswerable'
extract 205/500 item=umwp-523 -> '9.0'
extract 206/500 item=umwp-3248 -> '7.0'
extract 207/500 item=umwp-1559 -> '371.0'
extract 208/500 item=umwp-2635 -> 'unanswerable'
extract 209/500 item=umwp-132 -> '33.0'
extract 210/500 item=umwp-4280 -> 'unanswerable'
extract 211/500 item=umwp-2121 -> '12.0'
extract 212/500 item=umwp-4068 -> 'unanswerable'
extract 213/500 item=umwp-1969 -> '9.0'
extract 214/500 item=umwp-3657 -> 'unanswerable'
extract 215/500 item=umwp-1085 -> '600.0'
extract 216/500 item=umwp-3731 -> '8.0'
extract 217/500 item=umwp-515 -> '40.0'
extract 218/500 item=umwp-2638 -> 'unanswerable'
extract 219/500 item=umwp-5018 -> '13.0'
extract 220/500 item=umwp-3483 -> 'unanswerable'
extract 221/500 item=umwp-5067 -> '16.0'
extract 222/500 item=umwp-4822 -> 'unanswerable'
extract 223/500 item=umwp-249 -> '2.0'
extract 224/500 item=umwp-5123 -> 'unanswerable'
extract 225/500 item=umwp-2367 -> '1.0'
extract 226/500 item=umwp-4223 -> 'unanswerable'
extract 227/500 item=umwp-2487 -> '83200.0'
extract 228/500 item=umwp-3224 -> 'unanswerable'
extract 229/500 item=umwp-1311 -> '32.0'
extract 230/500 item=umwp-3429 -> 'unanswerable'
extract 231/500 item=umwp-55 -> '6.0'
extract 232/500 item=umwp-3288 -> 'unanswerable'
extract 233/500 item=umwp-1338 -> '52.0'
extract 234/500 item=umwp-3535 -> 'unanswerable'
extract 235/500 item=umwp-2334 -> '350.0'
extract 236/500 item=umwp-2580 -> '-2673.0'
extract 237/500 item=umwp-522 -> '15.0'
extract 238/500 item=umwp-2778 -> 'unanswerable'
extract 239/500 item=umwp-1699 -> '475.0'
extract 240/500 item=umwp-3918 -> 'unanswerable'
extract 241/500 item=umwp-1883 -> '3.0'
extract 242/500 item=umwp-4001 -> 'unanswerable'
extract 243/500 item=umwp-2316 -> '60.0'
extract 244/500 item=umwp-3213 -> 'unanswerable'
extract 245/500 item=umwp-873 -> '900.0'
extract 246/500 item=umwp-3588 -> '5.0'
extract 247/500 item=umwp-845 -> '45.0'
extract 248/500 item=umwp-4638 -> 'unanswerable'
extract 249/500 item=umwp-999 -> '100.0'
extract 250/500 item=umwp-3882 -> 'unanswerable'
extract 251/500 item=umwp-1789 -> '10.0'
extract 252/500 item=umwp-3164 -> 'unanswerable'
extract 253/500 item=umwp-1547 -> '22.0'
extract 254/500 item=umwp-3376 -> 'unanswerable'
extract 255/500 item=umwp-796 -> '23.0'
extract 256/500 item=umwp-3450 -> 'unanswerable'
extract 257/500 item=umwp-300 -> '30.0'
extract 258/500 item=umwp-3053 -> '48.0'
extract 259/500 item=umwp-1809 -> '25.0'
extract 260/500 item=umwp-3647 -> '21600.0'
extract 261/500 item=umwp-5095 -> '31.0'
extract 262/500 item=umwp-3889 -> 'unanswerable'
extract 263/500 item=umwp-360 -> '4.0'
extract 264/500 item=umwp-3554 -> '96.0'
extract 265/500 item=umwp-1109 -> '4.0'
extract 266/500 item=umwp-4043 -> 'unanswerable'
extract 267/500 item=umwp-1313 -> '9.0'
extract 268/500 item=umwp-2656 -> 'unanswerable'
extract 269/500 item=umwp-303 -> '51.0'
extract 270/500 item=umwp-4766 -> 'unanswerable'
extract 271/500 item=umwp-2331 -> '12.0'
extract 272/500 item=umwp-4476 -> 'unanswerable'
extract 273/500 item=umwp-1257 -> '64.0'
extract 274/500 item=umwp-3596 -> 'unanswerable'
extract 275/500 item=umwp-5033 -> '15.0'
extract 276/500 item=umwp-4748 -> '6.0'
extract 277/500 item=umwp-620 -> '38.0'
extract 278/500 item=umwp-2747 -> 'unanswerable'
extract 279/500 item=umwp-404 -> '25.0'
extract 280/500 item=umwp-4120 -> 'unanswerable'
extract 281/500 item=umwp-598 -> '4.0'
extract 282/500 item=umwp-4345 -> '3.0'
extract 283/500 item=umwp-317 -> '469.0'
extract 284/500 item=umwp-3005 -> 'unanswerable'
extract 285/500 item=umwp-1846 -> '16.0'
extract 286/500 item=umwp-4411 -> 'unanswerable'
extract 287/500 item=umwp-914 -> '34.0'
extract 288/500 item=umwp-2758 -> 'unanswerable'
extract 289/500 item=umwp-2092 -> '130.0'
extract 290/500 item=umwp-3032 -> 'unanswerable'
extract 291/500 item=umwp-1754 -> '1500.0'
extract 292/500 item=umwp-4452 -> 'unanswerable'
extract 293/500 item=umwp-1273 -> '102.0'
extract 294/500 item=umwp-4749 -> 'unanswerable'
extract 295/500 item=umwp-2250 -> '198.0'
extract 296/500 item=umwp-3825 -> 'unanswerable'
extract 297/500 item=umwp-505 -> '6.0'
extract 298/500 item=umwp-3411 -> 'unanswerable'
extract 299/500 item=umwp-1063 -> '52.0'
extract 300/500 item=umwp-3329 -> '4.0'
extract 301/500 item=umwp-2381 -> '58.0'
extract 302/500 item=umwp-4036 -> 'unanswerable'
extract 303/500 item=umwp-1046 -> '8.0'
extract 304/500 item=umwp-4577 -> 'unanswerable'
extract 305/500 item=umwp-679 -> '52.0'
extract 306/500 item=umwp-5176 -> '0.0'
extract 307/500 item=umwp-412 -> '2.0'
extract 308/500 item=umwp-3641 -> 'unanswerable'
extract 309/500 item=umwp-687 -> '34.0'
extract 310/500 item=umwp-4163 -> 'unanswerable'
extract 311/500 item=umwp-2151 -> '25.0'
extract 312/500 item=umwp-3069 -> 'unanswerable'
extract 313/500 item=umwp-2327 -> '440.0'
extract 314/500 item=umwp-3506 -> 'unanswerable'
extract 315/500 item=umwp-2140 -> '78.0'
extract 316/500 item=umwp-3090 -> 'unanswerable'
extract 317/500 item=umwp-1905 -> '8.0'
extract 318/500 item=umwp-4596 -> '322.5'
extract 319/500 item=umwp-1897 -> '10.0'
extract 320/500 item=umwp-2547 -> 'unanswerable'
extract 321/500 item=umwp-1556 -> '96.0'
extract 322/500 item=umwp-3534 -> 'unanswerable'
extract 323/500 item=umwp-2309 -> '107.0'
extract 324/500 item=umwp-3942 -> '21.0'
extract 325/500 item=umwp-1816 -> '53.0'
extract 326/500 item=umwp-4449 -> '350.0'
extract 327/500 item=umwp-1382 -> '96.0'
extract 328/500 item=umwp-4314 -> 'unanswerable'
extract 329/500 item=umwp-1246 -> '80.0'
extract 330/500 item=umwp-2594 -> 'unanswerable'
extract 331/500 item=umwp-898 -> '96.0'
extract 332/500 item=umwp-4685 -> 'unanswerable'
extract 333/500 item=umwp-1708 -> '75.0'
extract 334/500 item=umwp-3044 -> '63.0'
extract 335/500 item=umwp-2402 -> '100.0'
extract 336/500 item=umwp-4299 -> 'unanswerable'
extract 337/500 item=umwp-341 -> '308.0'
extract 338/500 item=umwp-2501 -> 'unanswerable'
extract 339/500 item=umwp-1884 -> '32.0'
extract 340/500 item=umwp-4694 -> 'unanswerable'
extract 341/500 item=umwp-987 -> '96.0'
extract 342/500 item=umwp-3754 -> '5.0'
extract 343/500 item=umwp-5013 -> '44.0'
extract 344/500 item=umwp-4862 -> 'unanswerable'
extract 345/500 item=umwp-854 -> '8.0'
extract 346/500 item=umwp-3283 -> 'unanswerable'
extract 347/500 item=umwp-1515 -> '28.0'
extract 348/500 item=umwp-4940 -> 'unanswerable'
extract 349/500 item=umwp-1777 -> '23.0'
extract 350/500 item=umwp-4194 -> 'unanswerable'
extract 351/500 item=umwp-180 -> '1.0'
extract 352/500 item=umwp-3915 -> 'unanswerable'
extract 353/500 item=umwp-5099 -> '30.0'
extract 354/500 item=umwp-4724 -> 'unanswerable'
extract 355/500 item=umwp-1431 -> '16.0'
extract 356/500 item=umwp-4806 -> '480.0'
extract 357/500 item=umwp-497 -> '638.0'
extract 358/500 item=umwp-4041 -> 'unanswerable'
extract 359/500 item=umwp-1400 -> '624.0'
extract 360/500 item=umwp-3921 -> '6.0'
extract 361/500 item=umwp-400 -> '10.0'
extract 362/500 item=umwp-5125 -> 'unanswerable'
extract 363/500 item=umwp-2498 -> '1.0'
extract 364/500 item=umwp-4424 -> 'unanswerable'
extract 365/500 item=umwp-528 -> '26.0'
extract 366/500 item=umwp-3148 -> '-3.0'
extract 367/500 item=umwp-1819 -> '8.0'
extract 368/500 item=umwp-2999 -> 'unanswerable'
extract 369/500 item=umwp-2013 -> '24.0'
extract 370/500 item=umwp-4709 -> 'unanswerable'
extract 371/500 item=umwp-2362 -> '24.0'
extract 372/500 item=umwp-3100 -> 'unanswerable'
extract 373/500 item=umwp-576 -> '45.0'
extract 374/500 item=umwp-4868 -> 'unanswerable'
extract 375/500 item=umwp-1895 -> '72.0'
extract 376/500 item=umwp-2617 -> '98.0'
extract 377/500 item=umwp-994 -> '30.0'
extract 378/500 item=umwp-3039 -> 'unanswerable'
extract 379/500 item=umwp-5023 -> '1050.0'
extract 380/500 item=umwp-4344 -> 'unanswerable'
extract 381/500 item=umwp-1995 -> '15.0'
extract 382/500 item=umwp-3581 -> 'unanswerable'
extract 383/500 item=umwp-1093 -> '156.0'
extract 384/500 item=umwp-4420 -> 'unanswerable'
extract 385/500 item=umwp-1009 -> '100.0'
extract 386/500 item=umwp-3925 -> '3.0'
extract 387/500 item=umwp-770 -> '27.0'
extract 388/500 item=umwp-3981 -> 'unanswerable'
extract 389/500 item=umwp-1653 -> '6.0'
extract 390/500 item=umwp-4759 -> 'unanswerable'
extract 391/500 item=umwp-480 -> '5.0'
extract 392/500 item=umwp-3427 -> 'unanswerable'
extract 393/500 item=umwp-852 -> '59.0'
extract 394/500 item=umwp-2983 -> 'unanswerable'
extract 395/500 item=umwp-686 -> '8.0'
extract 396/500 item=umwp-3828 -> '-84.0'
extract 397/500 item=umwp-1054 -> '96.0'
extract 398/500 item=umwp-2552 -> 'unanswerable'
extract 399/500 item=umwp-2237 -> '2.0'
extract 400/500 item=umwp-4146 -> 'unanswerable'
extract 401/500 item=umwp-49 -> '16.0'
extract 402/500 item=umwp-4022 -> 'unanswerable'
extract 403/500 item=umwp-346 -> '29.0'
extract 404/500 item=umwp-4500 -> 'unanswerable'
extract 405/500 item=umwp-1992 -> '280.0'
extract 406/500 item=umwp-4924 -> '2950.0'
extract 407/500 item=umwp-1634 -> '28.0'
extract 408/500 item=umwp-2696 -> 'unanswerable'
extract 409/500 item=umwp-2350 -> '120.0'
extract 410/500 item=umwp-2530 -> 'unanswerable'
extract 411/500 item=umwp-24 -> '420.0'
extract 412/500 item=umwp-4884 -> 'unanswerable'
extract 413/500 item=umwp-568 -> '49.0'
extract 414/500 item=umwp-4785 -> 'unanswerable'
extract 415/500 item=umwp-225 -> '29.0'
extract 416/500 item=umwp-2526 -> '60.0'
extract 417/500 item=umwp-1848 -> '18.0'
extract 418/500 item=umwp-3479 -> 'unanswerable'
extract 419/500 item=umwp-1369 -> '81.0'
extract 420/500 item=umwp-3543 -> 'unanswerable'
extract 421/500 item=umwp-1801 -> '40.0'
extract 422/500 item=umwp-3492 -> 'unanswerable'
extract 423/500 item=umwp-1858 -> '164.0'
extract 424/500 item=umwp-2838 -> 'unanswerable'
extract 425/500 item=umwp-2425 -> '142.0'
extract 426/500 item=umwp-3904 -> '17.0'
extract 427/500 item=umwp-1477 -> '7.0'
extract 428/500 item=umwp-4329 -> '10.0'
extract 429/500 item=umwp-20 -> '11.0'
extract 430/500 item=umwp-2576 -> 'unanswerable'
extract 431/500 item=umwp-314 -> '140.0'
extract 432/500 item=umwp-4725 -> 'unanswerable'
extract 433/500 item=umwp-2019 -> '660.0'
extract 434/500 item=umwp-3424 -> 'unanswerable'
extract 435/500 item=umwp-1033 -> '2.0'
extract 436/500 item=umwp-3743 -> 'unanswerable'
extract 437/500 item=umwp-834 -> '7.0'
extract 438/500 item=umwp-2522 -> 'unanswerable'
extract 439/500 item=umwp-675 -> '2.0'
extract 440/500 item=umwp-4067 -> 'unanswerable'
extract 441/500 item=umwp-762 -> '3.0'
extract 442/500 item=umwp-3609 -> 'unanswerable'
extract 443/500 item=umwp-2482 -> '285000.0'
extract 444/500 item=umwp-4800 -> 'unanswerable'
extract 445/500 item=umwp-1386 -> '5.0'
extract 446/500 item=umwp-4545 -> 'unanswerable'
extract 447/500 item=umwp-2207 -> '15.0'
extract 448/500 item=umwp-4664 -> 'unanswerable'
extract 449/500 item=umwp-702 -> '72.0'
extract 450/500 item=umwp-4349 -> '72000.0'
extract 451/500 item=umwp-1096 -> '1200.0'
extract 452/500 item=umwp-3977 -> 'unanswerable'
extract 453/500 item=umwp-2433 -> '75.0'
extract 454/500 item=umwp-3251 -> 'unanswerable'
extract 455/500 item=umwp-1948 -> '11.0'
extract 456/500 item=umwp-3421 -> '2400.0'
extract 457/500 item=umwp-870 -> '14.0'
extract 458/500 item=umwp-3415 -> 'unanswerable'
extract 459/500 item=umwp-1241 -> '400.0'
extract 460/500 item=umwp-3330 -> 'unanswerable'
extract 461/500 item=umwp-2124 -> '22.0'
extract 462/500 item=umwp-2732 -> 'unanswerable'
extract 463/500 item=umwp-1979 -> '2.0'
extract 464/500 item=umwp-4920 -> 'unanswerable'
extract 465/500 item=umwp-810 -> '7.0'
extract 466/500 item=umwp-3276 -> 'unanswerable'
extract 467/500 item=umwp-5092 -> '53.0'
extract 468/500 item=umwp-2986 -> 'unanswerable'
extract 469/500 item=umwp-386 -> '16.0'
extract 470/500 item=umwp-4115 -> '60.0'
extract 471/500 item=umwp-2135 -> '9.0'
extract 472/500 item=umwp-3234 -> 'unanswerable'
extract 473/500 item=umwp-1227 -> '84.0'
extract 474/500 item=umwp-3185 -> 'unanswerable'
extract 475/500 item=umwp-1573 -> '14.0'
extract 476/500 item=umwp-4281 -> 'unanswerable'
extract 477/500 item=umwp-200 -> '30.0'
extract 478/500 item=umwp-2633 -> '4.0'
extract 479/500 item=umwp-2473 -> '32.0'
extract 480/500 item=umwp-2607 -> 'unanswerable'
extract 481/500 item=umwp-1489 -> '1.0'
extract 482/500 item=umwp-3074 -> 'unanswerable'
extract 483/500 item=umwp-535 -> '34.0'
extract 484/500 item=umwp-3771 -> 'unanswerable'
extract 485/500 item=umwp-1298 -> '5.0'
extract 486/500 item=umwp-2512 -> 'unanswerable'
extract 487/500 item=umwp-788 -> '2.0'
extract 488/500 item=umwp-3362 -> 'unanswerable'
extract 489/500 item=umwp-1683 -> '9.0'
extract 490/500 item=umwp-2548 -> 'unanswerable'
extract 491/500 item=umwp-424 -> '10011.0'
extract 492/500 item=umwp-4849 -> 'unanswerable'
extract 493/500 item=umwp-164 -> '1.0'
extract 494/500 item=umwp-2815 -> 'unanswerable'
extract 495/500 item=umwp-1362 -> '36.0'
extract 496/500 item=umwp-3696 -> '-28.0'
extract 497/500 item=umwp-2171 -> '2600.0'
extract 498/500 item=umwp-2780 -> 'unanswerable'
extract 499/500 item=umwp-1696 -> '1400.0'
extract 500/500 item=umwp-2652 -> 'unanswerable'

benchmark=p08_abstention model=MiniMax-M3
scored=500/500 accuracy=0.852
report=/home/likefallwind/code/edubenchmark/reports/eval/p08_abstention/minimax3/report.html
predict 47/550 item=ceval::college_economics-val-15 status=ok
predict 48/550 item=ceval::college_economics-val-38 status=ok
predict 49/550 item=ceval::college_economics-val-40 status=ok
predict 50/550 item=ceval::college_economics-val-42 status=ok
predict 51/550 item=ceval::college_economics-val-45 status=ok
predict 52/550 item=ceval::college_economics-val-54 status=ok
predict 53/550 item=ceval::college_economics-val-36 status=ok
predict 54/550 item=ceval::college_programming-val-14 status=ok
predict 55/550 item=ceval::college_programming-val-18 status=ok
predict 56/550 item=ceval::college_programming-val-33 status=ok
predict 57/550 item=ceval::accountant-val-30 status=ok
predict 58/550 item=ceval::college_programming-val-35 status=ok
predict 59/550 item=ceval::computer_architecture-val-7 status=ok
predict 60/550 item=ceval::computer_architecture-val-4 status=ok
predict 61/550 item=ceval::computer_architecture-val-18 status=ok
predict 62/550 item=ceval::computer_network-val-0 status=ok
predict 63/550 item=ceval::computer_network-val-12 status=ok
predict 64/550 item=ceval::computer_network-val-6 status=ok
predict 65/550 item=ceval::discrete_mathematics-val-0 status=ok
predict 66/550 item=ceval::discrete_mathematics-val-5 status=ok
predict 67/550 item=ceval::discrete_mathematics-val-6 status=ok
predict 68/550 item=ceval::education_science-val-1 status=ok
predict 69/550 item=ceval::education_science-val-9 status=ok
predict 70/550 item=ceval::education_science-val-11 status=ok
predict 71/550 item=ceval::education_science-val-14 status=ok
predict 72/550 item=ceval::education_science-val-17 status=ok
predict 73/550 item=ceval::education_science-val-20 status=ok
predict 74/550 item=ceval::education_science-val-25 status=ok
predict 75/550 item=ceval::education_science-val-27 status=ok
predict 76/550 item=ceval::electrical_engineer-val-0 status=ok
predict 77/550 item=ceval::electrical_engineer-val-5 status=ok
predict 78/550 item=ceval::computer_network-val-17 status=ok
predict 79/550 item=ceval::electrical_engineer-val-10 status=ok
predict 80/550 item=ceval::electrical_engineer-val-15 status=ok
predict 81/550 item=ceval::electrical_engineer-val-18 status=ok
predict 82/550 item=ceval::electrical_engineer-val-13 status=ok
predict 83/550 item=ceval::electrical_engineer-val-20 status=ok
predict 84/550 item=ceval::electrical_engineer-val-27 status=ok
predict 85/550 item=ceval::electrical_engineer-val-29 status=ok
predict 86/550 item=ceval::electrical_engineer-val-33 status=ok
predict 87/550 item=ceval::environmental_impact_assessment_engineer-val-2 status=ok
predict 88/550 item=ceval::environmental_impact_assessment_engineer-val-8 status=ok
predict 89/550 item=ceval::environmental_impact_assessment_engineer-val-11 status=ok
predict 90/550 item=ceval::environmental_impact_assessment_engineer-val-15 status=ok
predict 91/550 item=ceval::environmental_impact_assessment_engineer-val-16 status=ok
predict 92/550 item=ceval::business_administration-val-27 status=ok
predict 93/550 item=ceval::environmental_impact_assessment_engineer-val-25 status=ok
predict 94/550 item=ceval::fire_engineer-val-15 status=ok
predict 95/550 item=ceval::fire_engineer-val-11 status=ok
predict 96/550 item=ceval::fire_engineer-val-3 status=ok
predict 97/550 item=ceval::high_school_biology-val-15 status=ok
predict 98/550 item=ceval::high_school_biology-val-10 status=ok
predict 99/550 item=ceval::high_school_chemistry-val-16 status=ok
predict 100/550 item=ceval::high_school_chinese-val-0 status=ok
predict 101/550 item=ceval::high_school_chemistry-val-12 status=ok
predict 102/550 item=ceval::high_school_chinese-val-1 status=ok
predict 103/550 item=ceval::high_school_chinese-val-11 status=ok
predict 104/550 item=ceval::high_school_geography-val-3 status=ok
predict 105/550 item=ceval::high_school_chinese-val-3 status=ok
predict 106/550 item=ceval::high_school_geography-val-8 status=ok
predict 107/550 item=ceval::high_school_geography-val-16 status=ok
predict 108/550 item=ceval::high_school_geography-val-12 status=ok
predict 109/550 item=ceval::high_school_history-val-18 status=ok
predict 110/550 item=ceval::college_programming-val-27 status=ok
predict 111/550 item=ceval::high_school_politics-val-5 status=ok
predict 112/550 item=ceval::high_school_mathematics-val-7 status=ok
predict 113/550 item=ceval::high_school_politics-val-17 status=ok
predict 114/550 item=ceval::high_school_politics-val-8 status=ok
predict 115/550 item=ceval::ideological_and_moral_cultivation-val-16 status=ok
predict 116/550 item=ceval::ideological_and_moral_cultivation-val-11 status=ok
predict 117/550 item=ceval::high_school_chinese-val-8 status=ok
predict 118/550 item=ceval::high_school_history-val-12 status=ok
predict 119/550 item=ceval::law-val-1 status=ok
predict 120/550 item=ceval::law-val-8 status=ok
predict 121/550 item=ceval::law-val-15 status=ok
predict 122/550 item=ceval::law-val-5 status=ok
predict 123/550 item=ceval::law-val-17 status=ok
predict 124/550 item=ceval::law-val-20 status=ok
predict 125/550 item=ceval::law-val-21 status=ok
predict 126/550 item=ceval::law-val-22 status=ok
predict 127/550 item=ceval::law-val-23 status=ok
predict 128/550 item=ceval::law-val-6 status=ok
predict 129/550 item=ceval::law-val-18 status=ok
predict 130/550 item=ceval::legal_professional-val-5 status=ok
predict 131/550 item=ceval::legal_professional-val-10 status=ok
predict 132/550 item=ceval::legal_professional-val-4 status=ok
predict 133/550 item=ceval::legal_professional-val-11 status=ok
predict 134/550 item=ceval::legal_professional-val-13 status=ok
predict 135/550 item=ceval::logic-val-1 status=ok
predict 136/550 item=ceval::legal_professional-val-16 status=ok
predict 137/550 item=ceval::law-val-12 status=ok
predict 138/550 item=ceval::mao_zedong_thought-val-1 status=ok
predict 139/550 item=ceval::mao_zedong_thought-val-2 status=ok
predict 140/550 item=ceval::mao_zedong_thought-val-3 status=ok
predict 141/550 item=ceval::logic-val-20 status=ok
predict 142/550 item=ceval::mao_zedong_thought-val-5 status=ok
predict 143/550 item=ceval::mao_zedong_thought-val-8 status=ok
predict 144/550 item=ceval::marxism-val-6 status=ok
predict 145/550 item=ceval::metrology_engineer-val-1 status=ok
predict 146/550 item=ceval::middle_school_biology-val-2 status=ok
predict 147/550 item=ceval::middle_school_biology-val-16 status=ok
predict 148/550 item=ceval::logic-val-19 status=ok
predict 149/550 item=ceval::middle_school_biology-val-17 status=ok
predict 150/550 item=ceval::metrology_engineer-val-16 status=ok
predict 151/550 item=ceval::middle_school_chemistry-val-16 status=ok
predict 152/550 item=ceval::middle_school_geography-val-6 status=ok
predict 153/550 item=ceval::middle_school_history-val-2 status=ok
predict 154/550 item=ceval::middle_school_history-val-8 status=ok
predict 155/550 item=ceval::middle_school_history-val-14 status=ok
predict 156/550 item=ceval::middle_school_history-val-16 status=ok
predict 157/550 item=ceval::middle_school_physics-val-6 status=ok
predict 158/550 item=ceval::middle_school_physics-val-15 status=ok
predict 159/550 item=ceval::modern_chinese_history-val-1 status=ok
predict 160/550 item=ceval::modern_chinese_history-val-18 status=ok
predict 161/550 item=ceval::modern_chinese_history-val-3 status=ok
predict 162/550 item=ceval::operating_system-val-8 status=ok
predict 163/550 item=ceval::physician-val-6 status=ok
predict 164/550 item=ceval::operating_system-val-15 status=ok
predict 165/550 item=ceval::physician-val-21 status=ok
predict 166/550 item=ceval::physician-val-26 status=ok
predict 167/550 item=ceval::physician-val-22 status=ok
predict 168/550 item=ceval::middle_school_chemistry-val-13 status=ok
predict 169/550 item=ceval::physician-val-31 status=ok
predict 170/550 item=ceval::physician-val-28 status=ok
predict 171/550 item=ceval::physician-val-43 status=ok
predict 172/550 item=ceval::probability_and_statistics-val-15 status=ok
predict 173/550 item=ceval::probability_and_statistics-val-16 status=ok
predict 174/550 item=ceval::professional_tour_guide-val-20 status=ok
predict 175/550 item=ceval::professional_tour_guide-val-25 status=ok
predict 176/550 item=ceval::probability_and_statistics-val-2 status=ok
predict 177/550 item=ceval::professional_tour_guide-val-24 status=ok
predict 178/550 item=ceval::tax_accountant-val-17 status=ok
predict 179/550 item=ceval::tax_accountant-val-41 status=ok
predict 180/550 item=ceval::teacher_qualification-val-4 status=ok
predict 181/550 item=ceval::tax_accountant-val-1 status=ok
predict 182/550 item=ceval::teacher_qualification-val-26 status=ok
predict 183/550 item=ceval::teacher_qualification-val-23 status=ok
predict 184/550 item=ceval::teacher_qualification-val-32 status=ok
predict 185/550 item=ceval::teacher_qualification-val-40 status=ok
predict 186/550 item=ceval::urban_and_rural_planner-val-2 status=ok
predict 187/550 item=ceval::sports_science-val-6 status=ok
predict 188/550 item=ceval::urban_and_rural_planner-val-8 status=ok
predict 189/550 item=ceval::urban_and_rural_planner-val-6 status=ok
predict 190/550 item=ceval::urban_and_rural_planner-val-15 status=ok
predict 191/550 item=ceval::urban_and_rural_planner-val-13 status=ok
predict 192/550 item=ceval::urban_and_rural_planner-val-28 status=ok
predict 193/550 item=ceval::urban_and_rural_planner-val-16 status=ok
predict 194/550 item=ceval::urban_and_rural_planner-val-43 status=ok
predict 195/550 item=ceval::veterinary_medicine-val-0 status=ok
predict 196/550 item=ceval::veterinary_medicine-val-7 status=ok
predict 197/550 item=ceval::urban_and_rural_planner-val-39 status=ok
predict 198/550 item=ceval::veterinary_medicine-val-20 status=ok
predict 199/550 item=mmlu_pro::83 status=ok
predict 200/550 item=mmlu_pro::142 status=ok
predict 201/550 item=mmlu_pro::115 status=ok
predict 202/550 item=mmlu_pro::240 status=ok
predict 203/550 item=mmlu_pro::286 status=ok
predict 204/550 item=mmlu_pro::322 status=ok
predict 205/550 item=mmlu_pro::435 status=ok
predict 206/550 item=mmlu_pro::619 status=ok
predict 207/550 item=mmlu_pro::676 status=ok
predict 208/550 item=mmlu_pro::951 status=ok
predict 209/550 item=mmlu_pro::1043 status=ok
predict 210/550 item=mmlu_pro::1221 status=ok
predict 211/550 item=mmlu_pro::1244 status=ok
predict 212/550 item=mmlu_pro::1290 status=ok
predict 213/550 item=mmlu_pro::1418 status=ok
predict 214/550 item=mmlu_pro::1570 status=ok
predict 215/550 item=mmlu_pro::1739 status=ok
predict 216/550 item=mmlu_pro::1824 status=ok
predict 217/550 item=mmlu_pro::1888 status=ok
predict 218/550 item=mmlu_pro::1972 status=ok
predict 219/550 item=ceval::legal_professional-val-15 status=ok
predict 220/550 item=mmlu_pro::2223 status=ok
predict 221/550 item=mmlu_pro::2016 status=ok
predict 222/550 item=mmlu_pro::2280 status=ok
predict 223/550 item=mmlu_pro::2286 status=ok
predict 224/550 item=mmlu_pro::2261 status=ok
predict 225/550 item=mmlu_pro::2538 status=ok
predict 226/550 item=mmlu_pro::2550 status=ok
predict 227/550 item=mmlu_pro::2575 status=ok
predict 228/550 item=mmlu_pro::2687 status=ok
predict 229/550 item=mmlu_pro::2795 status=ok
predict 230/550 item=mmlu_pro::2820 status=ok
predict 231/550 item=mmlu_pro::2840 status=ok
predict 232/550 item=mmlu_pro::3062 status=ok
predict 233/550 item=mmlu_pro::2646 status=ok
predict 234/550 item=mmlu_pro::3119 status=ok
predict 235/550 item=mmlu_pro::3067 status=ok
predict 236/550 item=mmlu_pro::3202 status=ok
predict 237/550 item=mmlu_pro::3250 status=ok
predict 238/550 item=mmlu_pro::3292 status=ok
predict 239/550 item=mmlu_pro::3398 status=ok
predict 240/550 item=mmlu_pro::3430 status=ok
predict 241/550 item=mmlu_pro::3234 status=ok
predict 242/550 item=mmlu_pro::3996 status=ok
predict 243/550 item=ceval::urban_and_rural_planner-val-12 status=ok
predict 244/550 item=mmlu_pro::4215 status=ok
predict 245/550 item=mmlu_pro::4098 status=ok
predict 246/550 item=mmlu_pro::4308 status=ok
predict 247/550 item=mmlu_pro::268 status=ok
predict 248/550 item=mmlu_pro::4519 status=ok
predict 249/550 item=mmlu_pro::4576 status=ok
predict 250/550 item=mmlu_pro::4578 status=ok
predict 251/550 item=mmlu_pro::4616 status=ok
predict 252/550 item=mmlu_pro::4710 status=ok
predict 253/550 item=mmlu_pro::4714 status=ok
predict 254/550 item=mmlu_pro::4558 status=ok
predict 255/550 item=mmlu_pro::4554 status=ok
predict 256/550 item=mmlu_pro::4838 status=ok
predict 257/550 item=mmlu_pro::4877 status=ok
predict 258/550 item=mmlu_pro::4857 status=ok
predict 259/550 item=mmlu_pro::4890 status=ok
predict 260/550 item=mmlu_pro::4825 status=ok
predict 261/550 item=mmlu_pro::4881 status=ok
predict 262/550 item=mmlu_pro::4906 status=ok
predict 263/550 item=mmlu_pro::4942 status=ok
predict 264/550 item=mmlu_pro::5299 status=ok
predict 265/550 item=mmlu_pro::5393 status=ok
predict 266/550 item=mmlu_pro::5678 status=ok
predict 267/550 item=mmlu_pro::5429 status=ok
predict 268/550 item=mmlu_pro::5683 status=ok
predict 269/550 item=mmlu_pro::5767 status=ok
predict 270/550 item=mmlu_pro::5753 status=ok
predict 271/550 item=mmlu_pro::5825 status=ok
predict 272/550 item=mmlu_pro::6089 status=ok
predict 273/550 item=mmlu_pro::5111 status=ok
predict 274/550 item=mmlu_pro::5862 status=ok
predict 275/550 item=mmlu_pro::6340 status=ok
predict 276/550 item=mmlu_pro::6108 status=ok
predict 277/550 item=mmlu_pro::6503 status=ok
predict 278/550 item=mmlu_pro::6564 status=ok
predict 279/550 item=mmlu_pro::6582 status=ok
predict 280/550 item=mmlu_pro::6414 status=ok
predict 281/550 item=mmlu_pro::6721 status=ok
predict 282/550 item=mmlu_pro::6770 status=ok
predict 283/550 item=mmlu_pro::7009 status=ok
predict 284/550 item=mmlu_pro::6982 status=ok
predict 285/550 item=mmlu_pro::7104 status=ok
predict 286/550 item=mmlu_pro::6397 status=ok
predict 287/550 item=mmlu_pro::7190 status=ok
predict 288/550 item=mmlu_pro::7235 status=ok
predict 289/550 item=mmlu_pro::7367 status=ok
predict 290/550 item=mmlu_pro::7186 status=ok
predict 291/550 item=mmlu_pro::7397 status=ok
predict 292/550 item=mmlu_pro::7512 status=ok
predict 293/550 item=mmlu_pro::7687 status=ok
predict 294/550 item=mmlu_pro::8072 status=ok
predict 295/550 item=mmlu_pro::8224 status=ok
predict 296/550 item=mmlu_pro::7544 status=ok
predict 297/550 item=mmlu_pro::8311 status=ok
predict 298/550 item=mmlu_pro::8344 status=ok
predict 299/550 item=mmlu_pro::8343 status=ok
predict 300/550 item=mmlu_pro::8466 status=ok
predict 301/550 item=mmlu_pro::7167 status=ok
predict 302/550 item=mmlu_pro::8524 status=ok
predict 303/550 item=mmlu_pro::8427 status=ok
predict 304/550 item=mmlu_pro::8844 status=ok
predict 305/550 item=mmlu_pro::8510 status=ok
predict 306/550 item=mmlu_pro::9207 status=ok
predict 307/550 item=mmlu_pro::9628 status=ok
predict 308/550 item=mmlu_pro::9625 status=ok
predict 309/550 item=mmlu_pro::9797 status=ok
predict 310/550 item=mmlu_pro::9809 status=ok
predict 311/550 item=mmlu_pro::9752 status=ok
predict 312/550 item=mmlu_pro::10045 status=ok
predict 313/550 item=mmlu_pro::10048 status=ok
predict 314/550 item=mmlu_pro::10244 status=ok
predict 315/550 item=mmlu_pro::3730 status=ok
predict 316/550 item=mmlu_pro::9276 status=ok
predict 317/550 item=mmlu_pro::10445 status=ok
predict 318/550 item=mmlu_pro::10402 status=ok
predict 319/550 item=mmlu_pro::10498 status=ok
predict 320/550 item=mmlu_pro::10509 status=ok
predict 321/550 item=mmlu_pro::10401 status=ok
predict 322/550 item=mmlu_pro::10639 status=ok
predict 323/550 item=mmlu_pro::10448 status=ok
predict 324/550 item=mmlu_pro::10649 status=ok
predict 325/550 item=mmlu_pro::10731 status=ok
predict 326/550 item=mmlu_pro::10786 status=ok
predict 327/550 item=mmlu_pro::10808 status=ok
predict 328/550 item=mmlu_pro::10833 status=ok
predict 329/550 item=mmlu_pro::11011 status=ok
predict 330/550 item=mmlu_pro::11051 status=ok
predict 331/550 item=mmlu_pro::11030 status=ok
predict 332/550 item=mmlu_pro::11083 status=ok
predict 333/550 item=mmlu_pro::11063 status=ok
predict 334/550 item=mmlu_pro::11130 status=ok
predict 335/550 item=mmlu_pro::11158 status=ok
predict 336/550 item=mmlu_pro::11225 status=ok
predict 337/550 item=mmlu_pro::11272 status=ok
predict 338/550 item=mmlu_pro::11582 status=ok
predict 339/550 item=mmlu_pro::11710 status=ok
predict 340/550 item=mmlu_pro::9960 status=ok
predict 341/550 item=mmlu_pro::12002 status=ok
predict 342/550 item=mmlu_pro::12065 status=ok
predict 343/550 item=mmlu_pro::10608 status=ok
predict 344/550 item=mmlu_pro::11481 status=ok
predict 345/550 item=mmlu_pro::11792 status=ok
predict 346/550 item=mmlu_pro::12122 status=ok
predict 347/550 item=mmlu_pro::12111 status=ok
predict 348/550 item=mmlu_pro::12255 status=ok
predict 349/550 item=agieval::lsat-ar-111 status=ok
predict 350/550 item=mmlu_pro::12105 status=ok
predict 351/550 item=agieval::lsat-ar-169 status=ok
predict 352/550 item=agieval::lsat-ar-128 status=ok
predict 353/550 item=agieval::lsat-lr-136 status=ok
predict 354/550 item=agieval::lsat-lr-166 status=ok
predict 355/550 item=agieval::lsat-lr-227 status=ok
predict 356/550 item=agieval::lsat-lr-241 status=ok
predict 357/550 item=agieval::lsat-lr-286 status=ok
predict 358/550 item=agieval::lsat-rc-110 status=ok
predict 359/550 item=mmlu_pro::12151 status=ok
predict 360/550 item=agieval::lsat-ar-41 status=ok
predict 361/550 item=agieval::lsat-rc-212 status=ok
predict 362/550 item=agieval::lsat-rc-181 status=ok
predict 363/550 item=agieval::lsat-rc-226 status=ok
predict 364/550 item=agieval::logiqa-en-584 status=ok
predict 365/550 item=agieval::logiqa-en-455 status=ok
predict 366/550 item=agieval::sat-math-29 status=ok
predict 367/550 item=agieval::logiqa-en-622 status=ok
predict 368/550 item=agieval::sat-math-142 status=ok
predict 369/550 item=agieval::sat-en-80 status=ok
predict 370/550 item=agieval::sat-math-128 status=ok
predict 371/550 item=agieval::sat-en-101 status=ok
predict 372/550 item=agieval::sat-en-164 status=ok
predict 373/550 item=agieval::sat-en-128 status=ok
predict 374/550 item=agieval::aqua-rat-64 status=ok
predict 375/550 item=agieval::aqua-rat-81 status=ok
predict 376/550 item=agieval::aqua-rat-88 status=ok
predict 377/550 item=agieval::lsat-ar-227 status=ok
predict 378/550 item=agieval::logiqa-en-215 status=ok
predict 379/550 item=agieval::sat-en-without-passage-68 status=ok
predict 380/550 item=agieval::sat-en-without-passage-93 status=ok
predict 381/550 item=agieval::sat-en-without-passage-107 status=ok
predict 382/550 item=agieval::sat-en-without-passage-129 status=ok
predict 383/550 item=agieval::gaokao-english-72 status=ok
predict 384/550 item=agieval::aqua-rat-114 status=ok
predict 385/550 item=agieval::gaokao-english-122 status=ok
predict 386/550 item=agieval::gaokao-english-216 status=ok
predict 387/550 item=agieval::gaokao-english-136 status=ok
predict 388/550 item=agieval::gaokao-english-301 status=ok
predict 389/550 item=agieval::sat-en-without-passage-9 status=ok
predict 390/550 item=agieval::logiqa-zh-83 status=ok
predict 391/550 item=agieval::logiqa-zh-189 status=ok
predict 392/550 item=agieval::logiqa-zh-46 status=ok
predict 393/550 item=agieval::logiqa-zh-215 status=ok
predict 394/550 item=agieval::logiqa-zh-337 status=ok
predict 395/550 item=agieval::jec-qa-kd-186 status=ok
predict 396/550 item=agieval::logiqa-zh-616 status=ok
predict 397/550 item=agieval::jec-qa-kd-2 status=ok
predict 398/550 item=agieval::jec-qa-kd-388 status=ok
predict 399/550 item=agieval::jec-qa-kd-268 status=ok
predict 400/550 item=agieval::jec-qa-ca-26 status=ok
predict 401/550 item=agieval::aqua-rat-69 status=ok
predict 402/550 item=agieval::jec-qa-ca-67 status=ok
predict 403/550 item=agieval::jec-qa-kd-408 status=ok
predict 404/550 item=agieval::jec-qa-ca-484 status=ok
predict 405/550 item=agieval::jec-qa-ca-400 status=ok
predict 406/550 item=agieval::gaokao-chinese-140 status=ok
predict 407/550 item=agieval::gaokao-chinese-18 status=ok
predict 408/550 item=agieval::gaokao-chinese-161 status=ok
predict 409/550 item=agieval::jec-qa-ca-300 status=ok
predict 410/550 item=agieval::gaokao-chinese-241 status=ok
predict 411/550 item=agieval::gaokao-geography-11 status=ok
predict 412/550 item=agieval::gaokao-chinese-202 status=ok
predict 413/550 item=agieval::gaokao-geography-111 status=ok
predict 414/550 item=agieval::gaokao-geography-167 status=ok
predict 415/550 item=agieval::gaokao-history-72 status=ok
predict 416/550 item=agieval::gaokao-history-103 status=ok
predict 417/550 item=agieval::gaokao-geography-125 status=ok
predict 418/550 item=agieval::gaokao-history-123 status=ok
predict 419/550 item=agieval::gaokao-history-107 status=ok
predict 420/550 item=agieval::gaokao-history-164 status=ok
predict 421/550 item=agieval::gaokao-biology-8 status=ok
predict 422/550 item=agieval::gaokao-history-139 status=ok
predict 423/550 item=agieval::gaokao-biology-54 status=ok
predict 424/550 item=agieval::gaokao-biology-123 status=ok
predict 425/550 item=agieval::gaokao-biology-46 status=ok
predict 426/550 item=agieval::gaokao-chemistry-26 status=ok
predict 427/550 item=agieval::gaokao-chemistry-21 status=ok
predict 428/550 item=agieval::gaokao-chemistry-157 status=ok
predict 429/550 item=agieval::gaokao-chemistry-202 status=ok
predict 430/550 item=agieval::gaokao-physics-5 status=ok
predict 431/550 item=agieval::gaokao-physics-99 status=ok
predict 432/550 item=agieval::gaokao-physics-155 status=ok
predict 433/550 item=agieval::gaokao-physics-167 status=ok
predict 434/550 item=agieval::gaokao-mathqa-103 status=ok
predict 435/550 item=agieval::gaokao-mathqa-116 status=ok
predict 436/550 item=agieval::gaokao-chinese-163 status=ok
predict 437/550 item=agieval::gaokao-mathqa-142 status=ok
predict 438/550 item=agieval::gaokao-mathqa-340 status=ok
predict 439/550 item=agieval::math-26 status=ok
predict 440/550 item=agieval::math-265 status=ok
predict 441/550 item=agieval::math-395 status=ok
predict 442/550 item=agieval::math-724 status=ok
predict 443/550 item=agieval::gaokao-mathqa-218 status=ok
predict 444/550 item=agieval::gaokao-mathcloze-11 status=ok
predict 445/550 item=agieval::gaokao-mathcloze-87 status=ok
predict 446/550 item=agieval::gaokao-mathcloze-94 status=ok
predict 447/550 item=agieval::gaokao-mathcloze-116 status=ok
predict 448/550 item=mtb_problem_solving::ps-2 status=ok
predict 449/550 item=mtb_problem_solving::ps-12 status=ok
predict 450/550 item=mtb_problem_solving::ps-25 status=ok
predict 451/550 item=mtb_problem_solving::ps-87 status=ok
predict 452/550 item=mtb_problem_solving::ps-93 status=ok
predict 453/550 item=agieval::gaokao-mathcloze-113 status=ok
predict 454/550 item=mtb_problem_solving::ps-118 status=ok
predict 455/550 item=mtb_problem_solving::ps-146 status=ok
predict 456/550 item=mtb_problem_solving::ps-147 status=ok
predict 457/550 item=mtb_problem_solving::ps-182 status=ok
predict 458/550 item=mtb_problem_solving::ps-188 status=ok
predict 459/550 item=mtb_problem_solving::ps-255 status=ok
predict 460/550 item=mtb_problem_solving::ps-264 status=ok
predict 461/550 item=agieval::jec-qa-kd-208 status=ok
predict 462/550 item=mtb_problem_solving::ps-267 status=ok
predict 463/550 item=mtb_problem_solving::ps-288 status=ok
predict 464/550 item=mtb_problem_solving::ps-299 status=ok
predict 465/550 item=mtb_problem_solving::ps-306 status=ok
predict 466/550 item=mtb_problem_solving::ps-324 status=ok
predict 467/550 item=mtb_problem_solving::ps-340 status=ok
predict 468/550 item=mtb_problem_solving::ps-341 status=ok
predict 469/550 item=mtb_problem_solving::ps-304 status=ok
predict 470/550 item=mtb_problem_solving::ps-368 status=ok
predict 471/550 item=mtb_problem_solving::ps-380 status=ok
predict 472/550 item=mtb_problem_solving::ps-392 status=ok
predict 473/550 item=mtb_problem_solving::ps-403 status=ok
predict 474/550 item=mtb_problem_solving::ps-408 status=ok
predict 475/550 item=mtb_problem_solving::ps-418 status=ok
predict 476/550 item=mtb_problem_solving::ps-406 status=ok
predict 477/550 item=mtb_problem_solving::ps-425 status=ok
predict 478/550 item=mtb_problem_solving::ps-433 status=ok
predict 479/550 item=mtb_problem_solving::ps-449 status=ok
predict 480/550 item=mtb_problem_solving::ps-454 status=ok
predict 481/550 item=mtb_problem_solving::ps-493 status=ok
predict 482/550 item=mtb_problem_solving::ps-423 status=ok
predict 483/550 item=agieval::gaokao-chemistry-27 status=ok
predict 484/550 item=mtb_problem_solving::ps-505 status=ok
predict 485/550 item=mtb_problem_solving::ps-515 status=ok
predict 486/550 item=mtb_problem_solving::ps-552 status=ok
predict 487/550 item=mtb_problem_solving::ps-494 status=ok
predict 488/550 item=mtb_problem_solving::ps-622 status=ok
predict 489/550 item=mtb_problem_solving::ps-590 status=ok
predict 490/550 item=mtb_problem_solving::ps-634 status=ok
predict 491/550 item=mtb_problem_solving::ps-640 status=ok
predict 492/550 item=mtb_problem_solving::ps-644 status=ok
predict 493/550 item=mtb_problem_solving::ps-649 status=ok
predict 494/550 item=mtb_problem_solving::ps-685 status=ok
predict 495/550 item=mtb_problem_solving::ps-652 status=ok
predict 496/550 item=mtb_problem_solving::ps-687 status=ok
predict 497/550 item=mtb_problem_solving::ps-749 status=ok
predict 498/550 item=mtb_problem_solving::ps-675 status=ok
predict 499/550 item=mtb_problem_solving::ps-119 status=ok
predict 500/550 item=mtb_problem_solving::ps-752 status=ok
predict 501/550 item=mtb_problem_solving::ps-782 status=ok
predict 502/550 item=mtb_problem_solving::ps-768 status=ok
predict 503/550 item=mtb_problem_solving::ps-798 status=ok
predict 504/550 item=mtb_problem_solving::ps-796 status=ok
predict 505/550 item=mtb_problem_solving::ps-811 status=ok
predict 506/550 item=mtb_problem_solving::ps-823 status=ok
predict 507/550 item=mtb_problem_solving::ps-711 status=ok
predict 508/550 item=mtb_problem_solving::ps-814 status=ok
predict 509/550 item=mtb_problem_solving::ps-829 status=ok
predict 510/550 item=mtb_problem_solving::ps-825 status=ok
predict 511/550 item=mtb_problem_solving::ps-830 status=ok
predict 512/550 item=mtb_problem_solving::ps-853 status=ok
predict 513/550 item=mtb_problem_solving::ps-835 status=ok
predict 514/550 item=mtb_problem_solving::ps-857 status=ok
predict 515/550 item=mtb_problem_solving::ps-877 status=ok
predict 516/550 item=mtb_problem_solving::ps-881 status=ok
predict 517/550 item=mtb_problem_solving::ps-840 status=ok
predict 518/550 item=mtb_problem_solving::ps-894 status=ok
predict 519/550 item=mtb_problem_solving::ps-927 status=ok
predict 520/550 item=mtb_problem_solving::ps-962 status=ok
predict 521/550 item=mtb_problem_solving::ps-972 status=ok
predict 522/550 item=mtb_problem_solving::ps-952 status=ok
predict 523/550 item=mtb_problem_solving::ps-982 status=ok
predict 524/550 item=mtb_problem_solving::ps-1003 status=ok
predict 525/550 item=mtb_problem_solving::ps-1016 status=ok
predict 526/550 item=mtb_problem_solving::ps-1017 status=ok
predict 527/550 item=mtb_problem_solving::ps-1019 status=ok
predict 528/550 item=mtb_problem_solving::ps-1035 status=ok
predict 529/550 item=mtb_problem_solving::ps-1038 status=ok
predict 530/550 item=mtb_problem_solving::ps-984 status=ok
predict 531/550 item=mtb_problem_solving::ps-1048 status=ok
predict 532/550 item=mtb_problem_solving::ps-1042 status=ok
predict 533/550 item=mtb_problem_solving::ps-1059 status=ok
predict 534/550 item=mtb_problem_solving::ps-1109 status=ok
predict 535/550 item=mtb_problem_solving::ps-1130 status=ok
predict 536/550 item=mtb_problem_solving::ps-951 status=ok
predict 537/550 item=mtb_problem_solving::ps-1161 status=ok
predict 538/550 item=mtb_problem_solving::ps-1187 status=ok
predict 539/550 item=mtb_problem_solving::ps-1223 status=ok
predict 540/550 item=mtb_problem_solving::ps-1195 status=ok
predict 541/550 item=mtb_problem_solving::ps-1247 status=ok
predict 542/550 item=mtb_problem_solving::ps-1183 status=ok
predict 543/550 item=mtb_problem_solving::ps-1254 status=ok
predict 544/550 item=mtb_problem_solving::ps-1284 status=ok
predict 545/550 item=mtb_problem_solving::ps-1293 status=ok
predict 546/550 item=mtb_problem_solving::ps-1288 status=ok
predict 547/550 item=mtb_problem_solving::ps-1308 status=ok
predict 548/550 item=mtb_problem_solving::ps-1301 status=ok
predict 549/550 item=mtb_problem_solving::ps-1309 status=ok
predict 550/550 item=mtb_problem_solving::ps-1312 status=ok
extractions: 0 cached, 550 to run
extract 1/550 item=ceval::accountant-val-7 -> '{"a": "C", "c": 72}'
extract 2/550 item=ceval::accountant-val-11 -> '{"a": "C", "c": 85}'
extract 3/550 item=ceval::accountant-val-22 -> '{"a": "B", "c": 75}'
extract 4/550 item=ceval::accountant-val-30 -> '{"a": "B", "c": 75}'
extract 5/550 item=ceval::accountant-val-34 -> '{"a": "D", "c": 90}'
extract 6/550 item=ceval::advanced_mathematics-val-3 -> '{"a": "A", "c": 55}'
extract 7/550 item=ceval::advanced_mathematics-val-5 -> '{"a": "B", "c": 98}'
extract 8/550 item=ceval::art_studies-val-7 -> '{"a": "A", "c": 100}'
extract 9/550 item=ceval::art_studies-val-13 -> '{"a": "A", "c": 90}'
extract 10/550 item=ceval::art_studies-val-20 -> '{"a": "A", "c": 95}'
extract 11/550 item=ceval::art_studies-val-22 -> '{"a": "B", "c": 75}'
extract 12/550 item=ceval::business_administration-val-0 -> '{"a": "B", "c": 95}'
extract 13/550 item=ceval::business_administration-val-2 -> '{"a": "D", "c": 70}'
extract 14/550 item=ceval::business_administration-val-8 -> '{"a": "D", "c": 95}'
extract 15/550 item=ceval::business_administration-val-9 -> '{"a": "A", "c": 60}'
extract 16/550 item=ceval::business_administration-val-11 -> '{"a": "C", "c": 95}'
extract 17/550 item=ceval::business_administration-val-26 -> '{"a": "B", "c": 92}'
extract 18/550 item=ceval::business_administration-val-27 -> '{"a": "B", "c": 70}'
extract 19/550 item=ceval::business_administration-val-29 -> '{"a": "C", "c": 85}'
extract 20/550 item=ceval::business_administration-val-31 -> '{"a": "C", "c": 75}'
extract 21/550 item=ceval::chinese_language_and_literature-val-2 -> '{"a": "D", "c": 100}'
extract 22/550 item=ceval::chinese_language_and_literature-val-3 -> '{"a": "C", "c": 75}'
extract 23/550 item=ceval::chinese_language_and_literature-val-8 -> '{"a": "C", "c": 85}'
extract 24/550 item=ceval::chinese_language_and_literature-val-11 -> '{"a": "C", "c": 75}'
extract 25/550 item=ceval::chinese_language_and_literature-val-13 -> '{"a": "A", "c": 55}'
extract 26/550 item=ceval::civil_servant-val-2 -> '{"a": "C", "c": 90}'
extract 27/550 item=ceval::civil_servant-val-4 -> '{"a": "B", "c": 88}'
extract 28/550 item=ceval::civil_servant-val-8 -> '{"a": "A", "c": 85}'
extract 29/550 item=ceval::civil_servant-val-9 -> '{"a": "D", "c": 92}'
extract 30/550 item=ceval::civil_servant-val-13 -> '{"a": "D", "c": 90}'
extract 31/550 item=ceval::civil_servant-val-15 -> '{"a": "B", "c": 85}'
extract 32/550 item=ceval::civil_servant-val-16 -> '{"a": "B", "c": 75}'
extract 33/550 item=ceval::civil_servant-val-18 -> '{"a": "D", "c": 85}'
extract 34/550 item=ceval::civil_servant-val-42 -> '{"a": "A", "c": 85}'
extract 35/550 item=ceval::civil_servant-val-44 -> '{"a": "B", "c": 85}'
extract 36/550 item=ceval::clinical_medicine-val-1 -> '{"a": "D", "c": 90}'
extract 37/550 item=ceval::clinical_medicine-val-10 -> '{"a": "A", "c": 75}'
extract 38/550 item=ceval::clinical_medicine-val-12 -> '{"a": "D", "c": 90}'
extract 39/550 item=ceval::clinical_medicine-val-21 -> '{"a": "C", "c": 95}'
extract 40/550 item=ceval::college_chemistry-val-7 -> '{"a": "A", "c": 95}'
extract 41/550 item=ceval::college_economics-val-1 -> '{"a": "A", "c": 85}'
extract 42/550 item=ceval::college_economics-val-2 -> '{"a": "D", "c": 95}'
extract 43/550 item=ceval::college_economics-val-6 -> '{"a": "D", "c": 80}'
extract 44/550 item=ceval::college_economics-val-10 -> '{"a": "A", "c": 95}'
extract 45/550 item=ceval::college_economics-val-11 -> '{"a": "A", "c": 92}'
extract 46/550 item=ceval::college_economics-val-15 -> '{"a": "A", "c": 75}'
extract 47/550 item=ceval::college_economics-val-24 -> '{"a": "C", "c": 85}'
extract 48/550 item=ceval::college_economics-val-25 -> '{"a": "D", "c": 95}'
extract 49/550 item=ceval::college_economics-val-33 -> '{"a": "C", "c": 95}'
extract 50/550 item=ceval::college_economics-val-36 -> '{"a": "A", "c": 60}'
extract 51/550 item=ceval::college_economics-val-38 -> '{"a": "D", "c": 90}'
extract 52/550 item=ceval::college_economics-val-40 -> '{"a": "A", "c": 85}'
extract 53/550 item=ceval::college_economics-val-42 -> '{"a": "C", "c": 95}'
extract 54/550 item=ceval::college_economics-val-45 -> '{"a": "C", "c": 70}'
extract 55/550 item=ceval::college_economics-val-54 -> '{"a": "D", "c": 95}'
extract 56/550 item=ceval::college_programming-val-14 -> '{"a": "D", "c": 60}'
extract 57/550 item=ceval::college_programming-val-18 -> '{"a": "C", "c": 95}'
extract 58/550 item=ceval::college_programming-val-27 -> '{"a": "D", "c": 90}'
extract 59/550 item=ceval::college_programming-val-33 -> '{"a": "C", "c": 90}'
extract 60/550 item=ceval::college_programming-val-35 -> '{"a": "A", "c": 95}'
extract 61/550 item=ceval::computer_architecture-val-4 -> '{"a": "A", "c": 95}'
extract 62/550 item=ceval::computer_architecture-val-7 -> '{"a": "D", "c": 95}'
extract 63/550 item=ceval::computer_architecture-val-18 -> '{"a": "A", "c": 95}'
extract 64/550 item=ceval::computer_network-val-0 -> '{"a": "C", "c": 95}'
extract 65/550 item=ceval::computer_network-val-6 -> '{"a": "B", "c": 95}'
extract 66/550 item=ceval::computer_network-val-12 -> '{"a": "C", "c": 90}'
extract 67/550 item=ceval::computer_network-val-17 -> '{"a": "A", "c": 75}'
extract 68/550 item=ceval::discrete_mathematics-val-0 -> '{"a": "C", "c": 50}'
extract 69/550 item=ceval::discrete_mathematics-val-5 -> '{"a": "B", "c": 100}'
extract 70/550 item=ceval::discrete_mathematics-val-6 -> '{"a": "C", "c": 95}'
extract 71/550 item=ceval::education_science-val-1 -> '{"a": "D", "c": 92}'
extract 72/550 item=ceval::education_science-val-9 -> '{"a": "A", "c": 85}'
extract 73/550 item=ceval::education_science-val-11 -> '{"a": "D", "c": 95}'
extract 74/550 item=ceval::education_science-val-14 -> '{"a": "D", "c": 97}'
extract 75/550 item=ceval::education_science-val-17 -> '{"a": "C", "c": 75}'
extract 76/550 item=ceval::education_science-val-20 -> '{"a": "B", "c": 75}'
extract 77/550 item=ceval::education_science-val-25 -> '{"a": "B", "c": 95}'
extract 78/550 item=ceval::education_science-val-27 -> '{"a": "A", "c": 85}'
extract 79/550 item=ceval::electrical_engineer-val-0 -> '{"a": "B", "c": 85}'
extract 80/550 item=ceval::electrical_engineer-val-5 -> '{"a": "D", "c": 95}'
extract 81/550 item=ceval::electrical_engineer-val-10 -> '{"a": "D", "c": 90}'
extract 82/550 item=ceval::electrical_engineer-val-13 -> '{"a": "A", "c": 80}'
extract 83/550 item=ceval::electrical_engineer-val-15 -> '{"a": "A", "c": 85}'
extract 84/550 item=ceval::electrical_engineer-val-18 -> '{"a": "B", "c": 90}'
extract 85/550 item=ceval::electrical_engineer-val-20 -> '{"a": "B", "c": 70}'
extract 86/550 item=ceval::electrical_engineer-val-27 -> '{"a": "C", "c": 70}'
extract 87/550 item=ceval::electrical_engineer-val-29 -> '{"a": "B", "c": 88}'
extract 88/550 item=ceval::electrical_engineer-val-33 -> '{"a": "B", "c": 75}'
extract 89/550 item=ceval::environmental_impact_assessment_engineer-val-2 -> '{"a": "D", "c": 75}'
extract 90/550 item=ceval::environmental_impact_assessment_engineer-val-8 -> '{"a": "B", "c": 75}'
extract 91/550 item=ceval::environmental_impact_assessment_engineer-val-11 -> '{"a": "C", "c": 85}'
extract 92/550 item=ceval::environmental_impact_assessment_engineer-val-15 -> '{"a": "D", "c": 95}'
extract 93/550 item=ceval::environmental_impact_assessment_engineer-val-16 -> '{"a": "D", "c": 92}'
extract 94/550 item=ceval::environmental_impact_assessment_engineer-val-25 -> '{"a": "B", "c": 85}'
extract 95/550 item=ceval::fire_engineer-val-3 -> '{"a": "B", "c": 93}'
extract 96/550 item=ceval::fire_engineer-val-11 -> '{"a": "A", "c": 85}'
extract 97/550 item=ceval::fire_engineer-val-15 -> '{"a": "B", "c": 75}'
extract 98/550 item=ceval::high_school_biology-val-10 -> '{"a": "D", "c": 92}'
extract 99/550 item=ceval::high_school_biology-val-15 -> '{"a": "B", "c": 95}'
extract 100/550 item=ceval::high_school_chemistry-val-12 -> '{"a": "D", "c": 70}'
extract 101/550 item=ceval::high_school_chemistry-val-16 -> '{"a": "A", "c": 90}'
extract 102/550 item=ceval::high_school_chinese-val-0 -> '{"a": "D", "c": 92}'
extract 103/550 item=ceval::high_school_chinese-val-1 -> '{"a": "D", "c": 85}'
extract 104/550 item=ceval::high_school_chinese-val-3 -> '{"a": "D", "c": 90}'
extract 105/550 item=ceval::high_school_chinese-val-8 -> '{"a": "B", "c": 80}'
extract 106/550 item=ceval::high_school_chinese-val-11 -> '{"a": "B", "c": 90}'
extract 107/550 item=ceval::high_school_geography-val-3 -> '{"a": "D", "c": 95}'
extract 108/550 item=ceval::high_school_geography-val-8 -> '{"a": "B", "c": 85}'
extract 109/550 item=ceval::high_school_geography-val-12 -> '{"a": "B", "c": 90}'
extract 110/550 item=ceval::high_school_geography-val-16 -> '{"a": "A", "c": 75}'
extract 111/550 item=ceval::high_school_history-val-12 -> '{"a": "C", "c": 70}'
extract 112/550 item=ceval::high_school_history-val-18 -> '{"a": "C", "c": 99}'
extract 113/550 item=ceval::high_school_mathematics-val-7 -> '{"a": "D", "c": 98}'
extract 114/550 item=ceval::high_school_politics-val-5 -> '{"a": "C", "c": 95}'
extract 115/550 item=ceval::high_school_politics-val-8 -> '{"a": "C", "c": 95}'
extract 116/550 item=ceval::high_school_politics-val-17 -> '{"a": "C", "c": 70}'
extract 117/550 item=ceval::ideological_and_moral_cultivation-val-11 -> '{"a": "D", "c": 85}'
extract 118/550 item=ceval::ideological_and_moral_cultivation-val-16 -> '{"a": "B", "c": 95}'
extract 119/550 item=ceval::law-val-1 -> '{"a": "D", "c": 85}'
extract 120/550 item=ceval::law-val-5 -> '{"a": "D", "c": 82}'
extract 121/550 item=ceval::law-val-6 -> '{"a": "D", "c": 85}'
extract 122/550 item=ceval::law-val-8 -> '{"a": "A", "c": 95}'
extract 123/550 item=ceval::law-val-12 -> '{"a": "A", "c": 70}'
extract 124/550 item=ceval::law-val-15 -> '{"a": "D", "c": 85}'
extract 125/550 item=ceval::law-val-17 -> '{"a": "B", "c": 95}'
extract 126/550 item=ceval::law-val-18 -> '{"a": "D", "c": 85}'
extract 127/550 item=ceval::law-val-20 -> '{"a": "D", "c": 95}'
extract 128/550 item=ceval::law-val-21 -> '{"a": "C", "c": 88}'
extract 129/550 item=ceval::law-val-22 -> '{"a": "D", "c": 90}'
extract 130/550 item=ceval::law-val-23 -> '{"a": "C", "c": 95}'
extract 131/550 item=ceval::legal_professional-val-4 -> '{"a": "D", "c": 90}'
extract 132/550 item=ceval::legal_professional-val-5 -> '{"a": "D", "c": 95}'
extract 133/550 item=ceval::legal_professional-val-10 -> '{"a": "A", "c": 95}'
extract 134/550 item=ceval::legal_professional-val-11 -> '{"a": "C", "c": 85}'
extract 135/550 item=ceval::legal_professional-val-13 -> '{"a": "D", "c": 92}'
extract 136/550 item=ceval::legal_professional-val-15 -> '{"a": "D", "c": 88}'
extract 137/550 item=ceval::legal_professional-val-16 -> '{"a": "D", "c": 90}'
extract 138/550 item=ceval::logic-val-1 -> '{"a": "A", "c": 90}'
extract 139/550 item=ceval::logic-val-19 -> '{"a": "C", "c": 80}'
extract 140/550 item=ceval::logic-val-20 -> '{"a": "A", "c": 75}'
extract 141/550 item=ceval::mao_zedong_thought-val-1 -> '{"a": "A", "c": 75}'
extract 142/550 item=ceval::mao_zedong_thought-val-2 -> '{"a": "D", "c": 95}'
extract 143/550 item=ceval::mao_zedong_thought-val-3 -> '{"a": "B", "c": 80}'
extract 144/550 item=ceval::mao_zedong_thought-val-5 -> '{"a": "C", "c": 85}'
extract 145/550 item=ceval::mao_zedong_thought-val-8 -> '{"a": "C", "c": 99}'
extract 146/550 item=ceval::marxism-val-6 -> '{"a": "A", "c": 95}'
extract 147/550 item=ceval::metrology_engineer-val-1 -> '{"a": "A", "c": 75}'
extract 148/550 item=ceval::metrology_engineer-val-16 -> '{"a": "D", "c": 88}'
extract 149/550 item=ceval::middle_school_biology-val-2 -> '{"a": "B", "c": 95}'
extract 150/550 item=ceval::middle_school_biology-val-16 -> '{"a": "A", "c": 95}'
extract 151/550 item=ceval::middle_school_biology-val-17 -> '{"a": "D", "c": 99}'
extract 152/550 item=ceval::middle_school_chemistry-val-13 -> '{"a": "C", "c": 90}'
extract 153/550 item=ceval::middle_school_chemistry-val-16 -> '{"a": "C", "c": 95}'
extract 154/550 item=ceval::middle_school_geography-val-6 -> '{"a": "D", "c": 70}'
extract 155/550 item=ceval::middle_school_history-val-2 -> '{"a": "D", "c": 95}'
extract 156/550 item=ceval::middle_school_history-val-8 -> '{"a": "B", "c": 99}'
extract 157/550 item=ceval::middle_school_history-val-14 -> '{"a": "D", "c": 99}'
extract 158/550 item=ceval::middle_school_history-val-16 -> '{"a": "A", "c": 85}'
extract 159/550 item=ceval::middle_school_physics-val-6 -> '{"a": "D", "c": 99}'
extract 160/550 item=ceval::middle_school_physics-val-15 -> '{"a": "D", "c": 90}'
extract 161/550 item=ceval::modern_chinese_history-val-1 -> '{"a": "D", "c": 85}'
extract 162/550 item=ceval::modern_chinese_history-val-3 -> '{"a": "D", "c": 95}'
extract 163/550 item=ceval::modern_chinese_history-val-18 -> '{"a": "A", "c": 95}'
extract 164/550 item=ceval::operating_system-val-8 -> '{"a": "B", "c": 80}'
extract 165/550 item=ceval::operating_system-val-15 -> '{"a": "B", "c": 70}'
extract 166/550 item=ceval::physician-val-6 -> '{"a": "A", "c": 99}'
extract 167/550 item=ceval::physician-val-21 -> '{"a": "B", "c": 95}'
extract 168/550 item=ceval::physician-val-22 -> '{"a": "C", "c": 70}'
extract 169/550 item=ceval::physician-val-26 -> '{"a": "A", "c": 90}'
extract 170/550 item=ceval::physician-val-28 -> '{"a": "C", "c": 95}'
extract 171/550 item=ceval::physician-val-31 -> '{"a": "B", "c": 95}'
extract 172/550 item=ceval::physician-val-43 -> '{"a": "A", "c": 75}'
extract 173/550 item=ceval::probability_and_statistics-val-2 -> '{"a": "A", "c": 45}'
extract 174/550 item=ceval::probability_and_statistics-val-15 -> '{"a": "D", "c": 95}'
extract 175/550 item=ceval::probability_and_statistics-val-16 -> '{"a": "D", "c": 95}'
extract 176/550 item=ceval::professional_tour_guide-val-20 -> '{"a": "D", "c": 75}'
extract 177/550 item=ceval::professional_tour_guide-val-24 -> '{"a": "A", "c": 75}'
extract 178/550 item=ceval::professional_tour_guide-val-25 -> '{"a": "A", "c": 90}'
extract 179/550 item=ceval::sports_science-val-6 -> '{"a": "D", "c": 75}'
extract 180/550 item=ceval::tax_accountant-val-1 -> '{"a": "A", "c": 90}'
extract 181/550 item=ceval::tax_accountant-val-17 -> '{"a": "D", "c": 85}'
extract 182/550 item=ceval::tax_accountant-val-41 -> '{"a": "C", "c": 90}'
extract 183/550 item=ceval::teacher_qualification-val-4 -> '{"a": "D", "c": 95}'
extract 184/550 item=ceval::teacher_qualification-val-23 -> '{"a": "A", "c": 95}'
extract 185/550 item=ceval::teacher_qualification-val-26 -> '{"a": "C", "c": 85}'
extract 186/550 item=ceval::teacher_qualification-val-32 -> '{"a": "D", "c": 90}'
extract 187/550 item=ceval::teacher_qualification-val-40 -> '{"a": "B", "c": 95}'
extract 188/550 item=ceval::urban_and_rural_planner-val-2 -> '{"a": "C", "c": 70}'
extract 189/550 item=ceval::urban_and_rural_planner-val-6 -> '{"a": "A", "c": 75}'
extract 190/550 item=ceval::urban_and_rural_planner-val-8 -> '{"a": "C", "c": 85}'
extract 191/550 item=ceval::urban_and_rural_planner-val-12 -> '{"a": "B", "c": 75}'
extract 192/550 item=ceval::urban_and_rural_planner-val-13 -> '{"a": "D", "c": 80}'
extract 193/550 item=ceval::urban_and_rural_planner-val-15 -> '{"a": "A", "c": 92}'
extract 194/550 item=ceval::urban_and_rural_planner-val-16 -> '{"a": "D", "c": 75}'
extract 195/550 item=ceval::urban_and_rural_planner-val-28 -> '{"a": "D", "c": 80}'
extract 196/550 item=ceval::urban_and_rural_planner-val-39 -> '{"a": "B", "c": 80}'
extract 197/550 item=ceval::urban_and_rural_planner-val-43 -> '{"a": "A", "c": 80}'
extract 198/550 item=ceval::veterinary_medicine-val-0 -> '{"a": "B", "c": 95}'
extract 199/550 item=ceval::veterinary_medicine-val-7 -> '{"a": "D", "c": 100}'
extract 200/550 item=ceval::veterinary_medicine-val-20 -> '{"a": "D", "c": 90}'
extract 201/550 item=mmlu_pro::83 -> '{"a": "H", "c": 82}'
extract 202/550 item=mmlu_pro::115 -> '{"a": "F", "c": 75}'
extract 203/550 item=mmlu_pro::142 -> '{"a": "I", "c": 100}'
extract 204/550 item=mmlu_pro::240 -> '{"a": "F", "c": 80}'
extract 205/550 item=mmlu_pro::268 -> '{"a": "C", "c": 72}'
extract 206/550 item=mmlu_pro::286 -> '{"a": "B", "c": 92}'
extract 207/550 item=mmlu_pro::322 -> '{"a": "F", "c": 92}'
extract 208/550 item=mmlu_pro::435 -> '{"a": "F", "c": 92}'
extract 209/550 item=mmlu_pro::619 -> '{"a": "I", "c": 95}'
extract 210/550 item=mmlu_pro::676 -> '{"a": "A", "c": 95}'
extract 211/550 item=mmlu_pro::951 -> '{"a": "A", "c": 75}'
extract 212/550 item=mmlu_pro::1043 -> '{"a": "G", "c": 90}'
extract 213/550 item=mmlu_pro::1221 -> '{"a": "H", "c": 88}'
extract 214/550 item=mmlu_pro::1244 -> '{"a": "B", "c": 95}'
extract 215/550 item=mmlu_pro::1290 -> '{"a": "A", "c": 90}'
extract 216/550 item=mmlu_pro::1418 -> '{"a": "J", "c": 92}'
extract 217/550 item=mmlu_pro::1570 -> '{"a": "F", "c": 88}'
extract 218/550 item=mmlu_pro::1739 -> '{"a": "D", "c": 65}'
extract 219/550 item=mmlu_pro::1824 -> '{"a": "I", "c": 80}'
extract 220/550 item=mmlu_pro::1888 -> '{"a": "B", "c": 60}'
extract 221/550 item=mmlu_pro::1972 -> '{"a": "G", "c": 90}'
extract 222/550 item=mmlu_pro::2016 -> '{"a": "H", "c": 65}'
extract 223/550 item=mmlu_pro::2223 -> '{"a": "B", "c": 95}'
extract 224/550 item=mmlu_pro::2261 -> '{"a": "C", "c": 55}'
extract 225/550 item=mmlu_pro::2280 -> '{"a": "F", "c": null}'
extract 226/550 item=mmlu_pro::2286 -> '{"a": "B", "c": 95}'
extract 227/550 item=mmlu_pro::2538 -> '{"a": "A", "c": 97}'
extract 228/550 item=mmlu_pro::2550 -> '{"a": "A", "c": 55}'
extract 229/550 item=mmlu_pro::2575 -> '{"a": "H", "c": null}'
extract 230/550 item=mmlu_pro::2646 -> '{"a": "C", "c": 70}'
extract 231/550 item=mmlu_pro::2687 -> '{"a": "F", "c": 95}'
extract 232/550 item=mmlu_pro::2795 -> '{"a": "B", "c": 85}'
extract 233/550 item=mmlu_pro::2820 -> '{"a": "A", "c": 90}'
extract 234/550 item=mmlu_pro::2840 -> '{"a": "H", "c": 72}'
extract 235/550 item=mmlu_pro::3062 -> '{"a": "C", "c": 92}'
extract 236/550 item=mmlu_pro::3067 -> '{"a": "H", "c": 97}'
extract 237/550 item=mmlu_pro::3119 -> '{"a": "J", "c": 92}'
extract 238/550 item=mmlu_pro::3202 -> '{"a": "E", "c": 95}'
extract 239/550 item=mmlu_pro::3234 -> '{"a": "F", "c": 60}'
extract 240/550 item=mmlu_pro::3250 -> '{"a": "J", "c": 92}'
extract 241/550 item=mmlu_pro::3292 -> '{"a": "H", "c": 99}'
extract 242/550 item=mmlu_pro::3398 -> '{"a": "H", "c": 95}'
extract 243/550 item=mmlu_pro::3430 -> '{"a": "E", "c": 72}'
extract 244/550 item=mmlu_pro::3730 -> '{"a": "D", "c": 55}'
extract 245/550 item=mmlu_pro::3996 -> '{"a": "H", "c": 95}'
extract 246/550 item=mmlu_pro::4098 -> '{"a": "B", "c": 80}'
extract 247/550 item=mmlu_pro::4215 -> '{"a": "D", "c": 85}'
extract 248/550 item=mmlu_pro::4308 -> '{"a": "B", "c": 90}'
extract 249/550 item=mmlu_pro::4519 -> '{"a": "E", "c": 85}'
extract 250/550 item=mmlu_pro::4554 -> '{"a": "E", "c": 88}'
extract 251/550 item=mmlu_pro::4558 -> '{"a": "G", "c": 65}'
extract 252/550 item=mmlu_pro::4576 -> '{"a": "D", "c": 99}'
extract 253/550 item=mmlu_pro::4578 -> '{"a": "I", "c": 85}'
extract 254/550 item=mmlu_pro::4616 -> '{"a": "G", "c": 100}'
extract 255/550 item=mmlu_pro::4710 -> '{"a": "B", "c": 92}'
extract 256/550 item=mmlu_pro::4714 -> '{"a": "J", "c": 97}'
extract 257/550 item=mmlu_pro::4825 -> '{"a": "E", "c": 55}'
extract 258/550 item=mmlu_pro::4838 -> '{"a": "E", "c": 95}'
extract 259/550 item=mmlu_pro::4857 -> '{"a": "A", "c": 70}'
extract 260/550 item=mmlu_pro::4877 -> '{"a": "C", "c": 99}'
extract 261/550 item=mmlu_pro::4881 -> '{"a": "F", "c": 95}'
extract 262/550 item=mmlu_pro::4890 -> '{"a": "G", "c": 95}'
extract 263/550 item=mmlu_pro::4906 -> '{"a": "F", "c": 95}'
extract 264/550 item=mmlu_pro::4942 -> '{"a": "D", "c": 70}'
extract 265/550 item=mmlu_pro::5111 -> '{"a": "A", "c": 55}'
extract 266/550 item=mmlu_pro::5299 -> '{"a": "J", "c": 85}'
extract 267/550 item=mmlu_pro::5393 -> '{"a": "F", "c": 92}'
extract 268/550 item=mmlu_pro::5429 -> '{"a": "J", "c": 92}'
extract 269/550 item=mmlu_pro::5678 -> '{"a": "B", "c": 75}'
extract 270/550 item=mmlu_pro::5683 -> '{"a": "F", "c": 45}'
extract 271/550 item=mmlu_pro::5753 -> '{"a": "F", "c": 70}'
extract 272/550 item=mmlu_pro::5767 -> '{"a": "G", "c": 97}'
extract 273/550 item=mmlu_pro::5825 -> '{"a": "I", "c": 100}'
extract 274/550 item=mmlu_pro::5862 -> '{"a": "C", "c": 72}'
extract 275/550 item=mmlu_pro::6089 -> '{"a": "B", "c": 97}'
extract 276/550 item=mmlu_pro::6108 -> '{"a": "G", "c": 99}'
extract 277/550 item=mmlu_pro::6340 -> '{"a": "F", "c": 95}'
extract 278/550 item=mmlu_pro::6397 -> '{"a": "A", "c": 70}'
extract 279/550 item=mmlu_pro::6414 -> '{"a": "J", "c": 45}'
extract 280/550 item=mmlu_pro::6503 -> '{"a": "D", "c": null}'
extract 281/550 item=mmlu_pro::6564 -> '{"a": "B", "c": 95}'
extract 282/550 item=mmlu_pro::6582 -> '{"a": "H", "c": 65}'
extract 283/550 item=mmlu_pro::6721 -> '{"a": "I", "c": 82}'
extract 284/550 item=mmlu_pro::6770 -> '{"a": "B", "c": 88}'
extract 285/550 item=mmlu_pro::6982 -> '{"a": "H", "c": 95}'
extract 286/550 item=mmlu_pro::7009 -> '{"a": "D", "c": 98}'
extract 287/550 item=mmlu_pro::7104 -> '{"a": "J", "c": 95}'
extract 288/550 item=mmlu_pro::7167 -> '{"a": "H", "c": 55}'
extract 289/550 item=mmlu_pro::7186 -> '{"a": "J", "c": 80}'
extract 290/550 item=mmlu_pro::7190 -> '{"a": "D", "c": 90}'
extract 291/550 item=mmlu_pro::7235 -> '{"a": "D", "c": 70}'
extract 292/550 item=mmlu_pro::7367 -> '{"a": "H", "c": 97}'
extract 293/550 item=mmlu_pro::7397 -> '{"a": "G", "c": 90}'
extract 294/550 item=mmlu_pro::7512 -> '{"a": "J", "c": 85}'
extract 295/550 item=mmlu_pro::7544 -> '{"a": "B", "c": 75}'
extract 296/550 item=mmlu_pro::7687 -> '{"a": "A", "c": 97}'
extract 297/550 item=mmlu_pro::8072 -> '{"a": "D", "c": 95}'
extract 298/550 item=mmlu_pro::8224 -> '{"a": "A", "c": 98}'
extract 299/550 item=mmlu_pro::8311 -> '{"a": "J", "c": 98}'
extract 300/550 item=mmlu_pro::8343 -> '{"a": "G", "c": 95}'
extract 301/550 item=mmlu_pro::8344 -> '{"a": "D", "c": 95}'
extract 302/550 item=mmlu_pro::8427 -> '{"a": "C", "c": 70}'
extract 303/550 item=mmlu_pro::8466 -> '{"a": "C", "c": 100}'
extract 304/550 item=mmlu_pro::8510 -> '{"a": "C", "c": 78}'
extract 305/550 item=mmlu_pro::8524 -> '{"a": "J", "c": 100}'
extract 306/550 item=mmlu_pro::8844 -> '{"a": "H", "c": 90}'
extract 307/550 item=mmlu_pro::9207 -> '{"a": "A", "c": 80}'
extract 308/550 item=mmlu_pro::9276 -> '{"a": "C", "c": 45}'
extract 309/550 item=mmlu_pro::9625 -> '{"a": "C", "c": 50}'
extract 310/550 item=mmlu_pro::9628 -> '{"a": "B", "c": 95}'
extract 311/550 item=mmlu_pro::9752 -> '{"a": "E", "c": 55}'
extract 312/550 item=mmlu_pro::9797 -> '{"a": "E", "c": 95}'
extract 313/550 item=mmlu_pro::9809 -> '{"a": "H", "c": 90}'
extract 314/550 item=mmlu_pro::9960 -> '{"a": "F", "c": 70}'
extract 315/550 item=mmlu_pro::10045 -> '{"a": "F", "c": 99}'
extract 316/550 item=mmlu_pro::10048 -> '{"a": "H", "c": 75}'
extract 317/550 item=mmlu_pro::10244 -> '{"a": "H", "c": 95}'
extract 318/550 item=mmlu_pro::10401 -> '{"a": "E", "c": 90}'
extract 319/550 item=mmlu_pro::10402 -> '{"a": "C", "c": 70}'
extract 320/550 item=mmlu_pro::10445 -> '{"a": "D", "c": 95}'
extract 321/550 item=mmlu_pro::10448 -> '{"a": "J", "c": 72}'
extract 322/550 item=mmlu_pro::10498 -> '{"a": "J", "c": 90}'
extract 323/550 item=mmlu_pro::10509 -> '{"a": "A", "c": 100}'
extract 324/550 item=mmlu_pro::10608 -> '{"a": "D", "c": 70}'
extract 325/550 item=mmlu_pro::10639 -> '{"a": "E", "c": 90}'
extract 326/550 item=mmlu_pro::10649 -> '{"a": "E", "c": 92}'
extract 327/550 item=mmlu_pro::10731 -> '{"a": "E", "c": 97}'
extract 328/550 item=mmlu_pro::10786 -> '{"a": "I", "c": 75}'
extract 329/550 item=mmlu_pro::10808 -> '{"a": "B", "c": 60}'
extract 330/550 item=mmlu_pro::10833 -> '{"a": "H", "c": 72}'
extract 331/550 item=mmlu_pro::11011 -> '{"a": "C", "c": 92}'
extract 332/550 item=mmlu_pro::11030 -> '{"a": "D", "c": 80}'
extract 333/550 item=mmlu_pro::11051 -> '{"a": "A", "c": 80}'
extract 334/550 item=mmlu_pro::11063 -> '{"a": "I", "c": 75}'
extract 335/550 item=mmlu_pro::11083 -> '{"a": "A", "c": 70}'
extract 336/550 item=mmlu_pro::11130 -> '{"a": "I", "c": 72}'
extract 337/550 item=mmlu_pro::11158 -> '{"a": "A", "c": 85}'
extract 338/550 item=mmlu_pro::11225 -> '{"a": "H", "c": 98}'
extract 339/550 item=mmlu_pro::11272 -> '{"a": "A", "c": 55}'
extract 340/550 item=mmlu_pro::11481 -> '{"a": "B", "c": 60}'
extract 341/550 item=mmlu_pro::11582 -> '{"a": "A", "c": 90}'
extract 342/550 item=mmlu_pro::11710 -> '{"a": "H", "c": 80}'
extract 343/550 item=mmlu_pro::11792 -> '{"a": "J", "c": 70}'
extract 344/550 item=mmlu_pro::12002 -> '{"a": "D", "c": 98}'
extract 345/550 item=mmlu_pro::12065 -> '{"a": "H", "c": 98}'
extract 346/550 item=mmlu_pro::12105 -> '{"a": "D", "c": 70}'
extract 347/550 item=mmlu_pro::12111 -> '{"a": "J", "c": 75}'
extract 348/550 item=mmlu_pro::12122 -> '{"a": "G", "c": 75}'
extract 349/550 item=mmlu_pro::12151 -> '{"a": "H", "c": 70}'
extract 350/550 item=mmlu_pro::12255 -> '{"a": "I", "c": 72}'
extract 351/550 item=agieval::lsat-ar-41 -> '{"a": "E", "c": null}'
extract 352/550 item=agieval::lsat-ar-111 -> '{"a": "B", "c": 95}'
extract 353/550 item=agieval::lsat-ar-128 -> '{"a": "C", "c": 100}'
extract 354/550 item=agieval::lsat-ar-169 -> '{"a": "D", "c": 99}'
extract 355/550 item=agieval::lsat-ar-227 -> '{"a": "A", "c": 95}'
extract 356/550 item=agieval::lsat-lr-136 -> '{"a": "D", "c": 92}'
extract 357/550 item=agieval::lsat-lr-166 -> '{"a": "C", "c": 97}'
extract 358/550 item=agieval::lsat-lr-227 -> '{"a": "A", "c": 95}'
extract 359/550 item=agieval::lsat-lr-241 -> '{"a": "D", "c": 90}'
extract 360/550 item=agieval::lsat-lr-286 -> '{"a": "C", "c": 99}'
extract 361/550 item=agieval::lsat-rc-110 -> '{"a": "A", "c": 85}'
extract 362/550 item=agieval::lsat-rc-181 -> '{"a": "B", "c": 82}'
extract 363/550 item=agieval::lsat-rc-212 -> '{"a": "A", "c": 95}'
extract 364/550 item=agieval::lsat-rc-226 -> '{"a": "C", "c": 85}'
extract 365/550 item=agieval::logiqa-en-215 -> '{"a": "A", "c": 75}'
extract 366/550 item=agieval::logiqa-en-455 -> '{"a": "A", "c": 75}'
extract 367/550 item=agieval::logiqa-en-584 -> '{"a": "A", "c": 90}'
extract 368/550 item=agieval::logiqa-en-622 -> '{"a": "B", "c": 97}'
extract 369/550 item=agieval::sat-math-29 -> '{"a": "D", "c": 95}'
extract 370/550 item=agieval::sat-math-128 -> '{"a": "A", "c": 75}'
extract 371/550 item=agieval::sat-math-142 -> '{"a": "B", "c": 99}'
extract 372/550 item=agieval::sat-en-80 -> '{"a": "B", "c": 82}'
extract 373/550 item=agieval::sat-en-101 -> '{"a": "B", "c": 90}'
extract 374/550 item=agieval::sat-en-128 -> '{"a": "B", "c": 97}'
extract 375/550 item=agieval::sat-en-164 -> '{"a": "C", "c": null}'
extract 376/550 item=agieval::aqua-rat-64 -> '{"a": "B", "c": 100}'
extract 377/550 item=agieval::aqua-rat-69 -> '{"a": "C", "c": 30}'
extract 378/550 item=agieval::aqua-rat-81 -> '{"a": "A", "c": 100}'
extract 379/550 item=agieval::aqua-rat-88 -> '{"a": "B", "c": 85}'
extract 380/550 item=agieval::aqua-rat-114 -> '{"a": "D", "c": 88}'
extract 381/550 item=agieval::sat-en-without-passage-9 -> '{"a": "C", "c": 15}'
extract 382/550 item=agieval::sat-en-without-passage-68 -> '{"a": "C", "c": 82}'
extract 383/550 item=agieval::sat-en-without-passage-93 -> '{"a": "C", "c": 85}'
extract 384/550 item=agieval::sat-en-without-passage-107 -> '{"a": "C", "c": 60}'
extract 385/550 item=agieval::sat-en-without-passage-129 -> '{"a": "C", "c": 25}'
extract 386/550 item=agieval::gaokao-english-72 -> '{"a": "C", "c": 95}'
extract 387/550 item=agieval::gaokao-english-122 -> '{"a": "C", "c": 99}'
extract 388/550 item=agieval::gaokao-english-136 -> '{"a": "A", "c": 95}'
extract 389/550 item=agieval::gaokao-english-216 -> '{"a": "D", "c": 95}'
extract 390/550 item=agieval::gaokao-english-301 -> '{"a": "B", "c": 95}'
extract 391/550 item=agieval::logiqa-zh-46 -> '{"a": "A", "c": 80}'
extract 392/550 item=agieval::logiqa-zh-83 -> '{"a": "B", "c": 92}'
extract 393/550 item=agieval::logiqa-zh-189 -> '{"a": "C", "c": 85}'
extract 394/550 item=agieval::logiqa-zh-215 -> '{"a": "B", "c": 92}'
extract 395/550 item=agieval::logiqa-zh-337 -> '{"a": "A", "c": 90}'
extract 396/550 item=agieval::logiqa-zh-616 -> '{"a": "C", "c": 92}'
extract 397/550 item=agieval::jec-qa-kd-2 -> '{"a": "ABCD", "c": 88}'
extract 398/550 item=agieval::jec-qa-kd-186 -> '{"a": "ABCDEFG", "c": 95}'
extract 399/550 item=agieval::jec-qa-kd-208 -> '{"a": "ABCD", "c": 88}'
extract 400/550 item=agieval::jec-qa-kd-268 -> '{"a": "ABCDE", "c": 88}'
extract 401/550 item=agieval::jec-qa-kd-388 -> '{"a": "C", "c": 98}'
extract 402/550 item=agieval::jec-qa-kd-408 -> '{"a": "ABCD", "c": 75}'
extract 403/550 item=agieval::jec-qa-ca-26 -> '{"a": "ABCD", "c": 88}'
extract 404/550 item=agieval::jec-qa-ca-67 -> '{"a": "ABCD", "c": 80}'
extract 405/550 item=agieval::jec-qa-ca-300 -> '{"a": "ABCD", "c": 65}'
extract 406/550 item=agieval::jec-qa-ca-400 -> '{"a": "ABCD", "c": 88}'
extract 407/550 item=agieval::jec-qa-ca-484 -> '{"a": "D", "c": 90}'
extract 408/550 item=agieval::gaokao-chinese-18 -> '{"a": "A", "c": 80}'
extract 409/550 item=agieval::gaokao-chinese-140 -> '{"a": "D", "c": 85}'
extract 410/550 item=agieval::gaokao-chinese-161 -> '{"a": "D", "c": 95}'
extract 411/550 item=agieval::gaokao-chinese-163 -> '{"a": "D", "c": 65}'
extract 412/550 item=agieval::gaokao-chinese-202 -> '{"a": "B", "c": 90}'
extract 413/550 item=agieval::gaokao-chinese-241 -> '{"a": "D", "c": 95}'
extract 414/550 item=agieval::gaokao-geography-11 -> '{"a": "B", "c": 92}'
extract 415/550 item=agieval::gaokao-geography-111 -> '{"a": "A", "c": 90}'
extract 416/550 item=agieval::gaokao-geography-125 -> '{"a": "C", "c": 82}'
extract 417/550 item=agieval::gaokao-geography-167 -> '{"a": "A", "c": 90}'
extract 418/550 item=agieval::gaokao-history-72 -> '{"a": "C", "c": 97}'
extract 419/550 item=agieval::gaokao-history-103 -> '{"a": "A", "c": 85}'
extract 420/550 item=agieval::gaokao-history-107 -> '{"a": "B", "c": 98}'
extract 421/550 item=agieval::gaokao-history-123 -> '{"a": "C", "c": 95}'
extract 422/550 item=agieval::gaokao-history-139 -> '{"a": "D", "c": 70}'
extract 423/550 item=agieval::gaokao-history-164 -> '{"a": "D", "c": 85}'
extract 424/550 item=agieval::gaokao-biology-8 -> '{"a": "C", "c": 92}'
extract 425/550 item=agieval::gaokao-biology-46 -> '{"a": "C", "c": 80}'
extract 426/550 item=agieval::gaokao-biology-54 -> '{"a": "D", "c": 95}'
extract 427/550 item=agieval::gaokao-biology-123 -> '{"a": "C", "c": 92}'
extract 428/550 item=agieval::gaokao-chemistry-21 -> '{"a": "C", "c": 92}'
extract 429/550 item=agieval::gaokao-chemistry-26 -> '{"a": "D", "c": 95}'
extract 430/550 item=agieval::gaokao-chemistry-27 -> '{"a": "B", "c": 65}'
extract 431/550 item=agieval::gaokao-chemistry-157 -> '{"a": "D", "c": 96}'
extract 432/550 item=agieval::gaokao-chemistry-202 -> '{"a": "B", "c": 95}'
extract 433/550 item=agieval::gaokao-physics-5 -> '{"a": "ABCDE", "c": 99}'
extract 434/550 item=agieval::gaokao-physics-99 -> '{"a": "ACDEF", "c": 99}'
extract 435/550 item=agieval::gaokao-physics-155 -> '{"a": "ADE", "c": 95}'
extract 436/550 item=agieval::gaokao-physics-167 -> '{"a": "ABCDEF", "c": 97}'
extract 437/550 item=agieval::gaokao-mathqa-103 -> '{"a": "B", "c": 95}'
extract 438/550 item=agieval::gaokao-mathqa-116 -> '{"a": "A", "c": 100}'
extract 439/550 item=agieval::gaokao-mathqa-142 -> '{"a": "A", "c": 90}'
extract 440/550 item=agieval::gaokao-mathqa-218 -> '{"a": "A", "c": 96}'
extract 441/550 item=agieval::gaokao-mathqa-340 -> '{"a": "B", "c": 97}'
extract 442/550 item=agieval::math-26 -> '{"a": "-2", "c": 100}'
extract 443/550 item=agieval::math-265 -> '{"a": "\\\\left(-\\\\frac{2}{7}, -\\\\frac{34}'
extract 444/550 item=agieval::math-395 -> '{"a": "12{,}000{,}085", "c": 100}'
extract 445/550 item=agieval::math-724 -> '{"a": "\\\\left(\\\\dfrac{3}{2},\\\\ -13\\\\righ'
extract 446/550 item=agieval::gaokao-mathcloze-11 -> '{"a": "4", "c": 100}'
extract 447/550 item=agieval::gaokao-mathcloze-87 -> '{"a": "3x", "c": 99}'
extract 448/550 item=agieval::gaokao-mathcloze-94 -> '{"a": "70", "c": 98}'
extract 449/550 item=agieval::gaokao-mathcloze-113 -> '{"a": "2", "c": 98}'
extract 450/550 item=agieval::gaokao-mathcloze-116 -> '{"a": "10", "c": 100}'
extract 451/550 item=mtb_problem_solving::ps-2 -> '{"a": "70000.0", "c": 95}'
extract 452/550 item=mtb_problem_solving::ps-12 -> '{"a": "12.0", "c": 90}'
extract 453/550 item=mtb_problem_solving::ps-25 -> '{"a": "2.0", "c": 100}'
extract 454/550 item=mtb_problem_solving::ps-87 -> '{"a": "9360.0", "c": 95}'
extract 455/550 item=mtb_problem_solving::ps-93 -> '{"a": "36.36", "c": 92}'
extract 456/550 item=mtb_problem_solving::ps-118 -> '{"a": "4.0", "c": 99}'
extract 457/550 item=mtb_problem_solving::ps-119 -> '{"a": "99076.92", "c": 60}'
extract 458/550 item=mtb_problem_solving::ps-146 -> '{"a": "2125.0", "c": 95}'
extract 459/550 item=mtb_problem_solving::ps-147 -> '{"a": "75.0", "c": 90}'
extract 460/550 item=mtb_problem_solving::ps-182 -> '{"a": "23.0", "c": 100}'
extract 461/550 item=mtb_problem_solving::ps-188 -> '{"a": "50.0", "c": 100}'
extract 462/550 item=mtb_problem_solving::ps-255 -> '{"a": "192.0", "c": 85}'
extract 463/550 item=mtb_problem_solving::ps-264 -> '{"a": "400.0", "c": 100}'
extract 464/550 item=mtb_problem_solving::ps-267 -> '{"a": "91.0", "c": 95}'
extract 465/550 item=mtb_problem_solving::ps-288 -> '{"a": "3.0", "c": 99}'
extract 466/550 item=mtb_problem_solving::ps-299 -> '{"a": "31800.0", "c": 99}'
extract 467/550 item=mtb_problem_solving::ps-304 -> '{"a": "3200.0", "c": 85}'
extract 468/550 item=mtb_problem_solving::ps-306 -> '{"a": "5.0", "c": 100}'
extract 469/550 item=mtb_problem_solving::ps-324 -> '{"a": "14.0", "c": 95}'
extract 470/550 item=mtb_problem_solving::ps-340 -> '{"a": "4.0", "c": 88}'
extract 471/550 item=mtb_problem_solving::ps-341 -> '{"a": "260.0", "c": 100}'
extract 472/550 item=mtb_problem_solving::ps-368 -> '{"a": "10.0", "c": 90}'
extract 473/550 item=mtb_problem_solving::ps-380 -> '{"a": "803.0", "c": 75}'
extract 474/550 item=mtb_problem_solving::ps-392 -> '{"a": "34.0", "c": 98}'
extract 475/550 item=mtb_problem_solving::ps-403 -> '{"a": "135.0", "c": 95}'
extract 476/550 item=mtb_problem_solving::ps-406 -> '{"a": "240.0", "c": 85}'
extract 477/550 item=mtb_problem_solving::ps-408 -> '{"a": "20.0", "c": 95}'
extract 478/550 item=mtb_problem_solving::ps-418 -> '{"a": "40.0", "c": 99}'
extract 479/550 item=mtb_problem_solving::ps-423 -> '{"a": "8.0", "c": 55}'
extract 480/550 item=mtb_problem_solving::ps-425 -> '{"a": "150.0", "c": 95}'
extract 481/550 item=mtb_problem_solving::ps-433 -> '{"a": "6.0", "c": 95}'
extract 482/550 item=mtb_problem_solving::ps-449 -> '{"a": "112.0", "c": 100}'
extract 483/550 item=mtb_problem_solving::ps-454 -> '{"a": "240.0", "c": 100}'
extract 484/550 item=mtb_problem_solving::ps-493 -> '{"a": "25.0", "c": 95}'
extract 485/550 item=mtb_problem_solving::ps-494 -> '{"a": "21.0", "c": 85}'
extract 486/550 item=mtb_problem_solving::ps-505 -> '{"a": "1600.0", "c": 95}'
extract 487/550 item=mtb_problem_solving::ps-515 -> '{"a": "288.0", "c": 95}'
extract 488/550 item=mtb_problem_solving::ps-552 -> '{"a": "450.0", "c": 99}'
extract 489/550 item=mtb_problem_solving::ps-590 -> '{"a": "318.0", "c": 85}'
extract 490/550 item=mtb_problem_solving::ps-622 -> '{"a": "7.0", "c": 95}'
extract 491/550 item=mtb_problem_solving::ps-634 -> '{"a": "14.0", "c": 99}'
extract 492/550 item=mtb_problem_solving::ps-640 -> '{"a": "43500.0", "c": 95}'
extract 493/550 item=mtb_problem_solving::ps-644 -> '{"a": "29.0", "c": 100}'
extract 494/550 item=mtb_problem_solving::ps-649 -> '{"a": "160000.0", "c": 95}'
extract 495/550 item=mtb_problem_solving::ps-652 -> '{"a": "105.0", "c": 92}'
extract 496/550 item=mtb_problem_solving::ps-675 -> '{"a": "21.0", "c": 75}'
extract 497/550 item=mtb_problem_solving::ps-685 -> '{"a": "14.0", "c": 100}'
extract 498/550 item=mtb_problem_solving::ps-687 -> '{"a": "13.0", "c": 99}'
extract 499/550 item=mtb_problem_solving::ps-711 -> '{"a": "6.0", "c": 95}'
extract 500/550 item=mtb_problem_solving::ps-749 -> '{"a": "6.0", "c": 85}'
extract 501/550 item=mtb_problem_solving::ps-752 -> '{"a": "240.0", "c": 95}'
extract 502/550 item=mtb_problem_solving::ps-768 -> '{"a": "600.0", "c": 85}'
extract 503/550 item=mtb_problem_solving::ps-782 -> '{"a": "27.0", "c": 95}'
extract 504/550 item=mtb_problem_solving::ps-796 -> '{"a": "2880000.0", "c": 85}'
extract 505/550 item=mtb_problem_solving::ps-798 -> '{"a": "20.0", "c": 98}'
extract 506/550 item=mtb_problem_solving::ps-811 -> '{"a": "60.0", "c": 95}'
extract 507/550 item=mtb_problem_solving::ps-814 -> '{"a": "17.0", "c": 95}'
extract 508/550 item=mtb_problem_solving::ps-823 -> '{"a": "18.0", "c": 98}'
extract 509/550 item=mtb_problem_solving::ps-825 -> '{"a": "153.0", "c": 100}'
extract 510/550 item=mtb_problem_solving::ps-829 -> '{"a": "14000.0", "c": 95}'
extract 511/550 item=mtb_problem_solving::ps-830 -> '{"a": "1128.0", "c": 95}'
extract 512/550 item=mtb_problem_solving::ps-835 -> '{"a": "36.0", "c": 95}'
extract 513/550 item=mtb_problem_solving::ps-840 -> '{"a": "2.0", "c": 92}'
extract 514/550 item=mtb_problem_solving::ps-853 -> '{"a": "15.0", "c": 100}'
extract 515/550 item=mtb_problem_solving::ps-857 -> '{"a": "14000.0", "c": 90}'
extract 516/550 item=mtb_problem_solving::ps-877 -> '{"a": "7000.0", "c": 95}'
extract 517/550 item=mtb_problem_solving::ps-881 -> '{"a": "16.0", "c": 100}'
extract 518/550 item=mtb_problem_solving::ps-894 -> '{"a": "26.0", "c": 95}'
extract 519/550 item=mtb_problem_solving::ps-927 -> '{"a": "85000.0", "c": 99}'
extract 520/550 item=mtb_problem_solving::ps-951 -> '{"a": "300.0", "c": 80}'
extract 521/550 item=mtb_problem_solving::ps-952 -> '{"a": "1800.0", "c": 99}'
extract 522/550 item=mtb_problem_solving::ps-962 -> '{"a": "600.0", "c": 99}'
extract 523/550 item=mtb_problem_solving::ps-972 -> '{"a": "120.0", "c": 100}'
extract 524/550 item=mtb_problem_solving::ps-982 -> '{"a": "12.0", "c": 95}'
extract 525/550 item=mtb_problem_solving::ps-984 -> '{"a": "168.0", "c": 75}'
extract 526/550 item=mtb_problem_solving::ps-1003 -> '{"a": "180.0", "c": 85}'
extract 527/550 item=mtb_problem_solving::ps-1016 -> '{"a": "139.0", "c": 99}'
extract 528/550 item=mtb_problem_solving::ps-1017 -> '{"a": "45.0", "c": 95}'
extract 529/550 item=mtb_problem_solving::ps-1019 -> '{"a": "98.0", "c": 99}'
extract 530/550 item=mtb_problem_solving::ps-1035 -> '{"a": "35.0", "c": 90}'
extract 531/550 item=mtb_problem_solving::ps-1038 -> '{"a": "6.0", "c": 95}'
extract 532/550 item=mtb_problem_solving::ps-1042 -> '{"a": "3.5", "c": 85}'
extract 533/550 item=mtb_problem_solving::ps-1048 -> '{"a": "9860.78", "c": 95}'
extract 534/550 item=mtb_problem_solving::ps-1059 -> '{"a": "6.0", "c": 90}'
extract 535/550 item=mtb_problem_solving::ps-1109 -> '{"a": "3.0", "c": 100}'
extract 536/550 item=mtb_problem_solving::ps-1130 -> '{"a": "25.0", "c": 98}'
extract 537/550 item=mtb_problem_solving::ps-1161 -> '{"a": "140.0", "c": 95}'
extract 538/550 item=mtb_problem_solving::ps-1183 -> '{"a": "11.0", "c": 92}'
extract 539/550 item=mtb_problem_solving::ps-1187 -> '{"a": "5.0", "c": 95}'
extract 540/550 item=mtb_problem_solving::ps-1195 -> '{"a": "320.0", "c": 99}'
extract 541/550 item=mtb_problem_solving::ps-1223 -> '{"a": "8.0", "c": 100}'
extract 542/550 item=mtb_problem_solving::ps-1247 -> '{"a": "2.0", "c": 95}'
extract 543/550 item=mtb_problem_solving::ps-1254 -> '{"a": "30.0", "c": 100}'
extract 544/550 item=mtb_problem_solving::ps-1284 -> '{"a": "25.0", "c": 95}'
extract 545/550 item=mtb_problem_solving::ps-1288 -> '{"a": "2040.0", "c": 95}'
extract 546/550 item=mtb_problem_solving::ps-1293 -> '{"a": "140000.0", "c": 100}'
extract 547/550 item=mtb_problem_solving::ps-1301 -> '{"a": "23.0", "c": 99}'
extract 548/550 item=mtb_problem_solving::ps-1308 -> '{"a": "30.0", "c": 100}'
extract 549/550 item=mtb_problem_solving::ps-1309 -> '{"a": "2180.0", "c": 100}'
extract 550/550 item=mtb_problem_solving::ps-1312 -> '{"a": "180.0", "c": 99}'
/home/likefallwind/code/edubenchmark/sources/datasets/agieval/src/math_equivalence.py:109: SyntaxWarning: invalid escape sequence '\%'
  string = string.replace("\%", "")

benchmark=p08_calibration model=MiniMax-M3
scored=550/550 accuracy=0.587
report=/home/likefallwind/code/edubenchmark/reports/eval/p08_calibration/minimax3/report.html
