[run_eval] model=Qwen/Qwen3.5-4B extractor_model=MiniMax-M2.7 judge_model=MiniMax-M3 benchmarks=edubench
loaded 3797 items for benchmark=edubench
extractions: 0 cached, 3797 to run
extract 1/3797 item=en_QG_4dc5b016c0846a2c -> '{"judge_model": "MiniMax-M3", "scores": '
extract 2/3797 item=en_QG_4155b890cf33cf0c -> '{"judge_model": "MiniMax-M3", "scores": '
extract 3/3797 item=en_QG_e62c05f31c001865 -> '{"judge_model": "MiniMax-M3", "scores": '
extract 4/3797 item=en_QG_d6ebb9cdda9436b8 -> '{"judge_model": "MiniMax-M3", "scores": '
extract 5/3797 item=en_QG_a46652bbdea1d148 -> '{"judge_model": "MiniMax-M3", "scores": '
extract 6/3797 item=en_QG_640cf5ac83c6bed5 -> '{"judge_model": "MiniMax-M3", "scores": '
extract 7/3797 item=en_QG_f7bbbfdbb5568da9 -> '{"judge_model": "MiniMax-M3", "scores": '
extract 8/3797 item=en_QG_5927963f33b71b2f -> '{"judge_model": "MiniMax-M3", "scores": '
extract 9/3797 item=en_QG_88b5f8e9b70b3ab4 -> '{"judge_model": "MiniMax-M3", "scores": '
extract 10/3797 item=en_QG_36f437bd21901cca -> '{"judge_model": "MiniMax-M3", "scores": '
extract 11/3797 item=en_QG_5614adcfb308ce21 -> '{"judge_model": "MiniMax-M3", "scores": '
extract 12/3797 item=en_QG_e52b150e2b8a77dd -> '{"judge_model": "MiniMax-M3", "scores": '
extract 13/3797 item=en_QG_a6bcc24a175f6182 -> '{"judge_model": "MiniMax-M3", "scores": '
extract 14/3797 item=en_QG_6857fef4ad3632fd -> '{"judge_model": "MiniMax-M3", "scores": '
extract 15/3797 item=en_QG_95d8cbe44e07886f -> '{"judge_model": "MiniMax-M3", "scores": '
extract 16/3797 item=en_QG_bdafa835c2e9dcc0 -> '{"judge_model": "MiniMax-M3", "scores": '
extract 17/3797 item=en_QG_c252e023bafbfca0 -> '{"judge_model": "MiniMax-M3", "scores": '
extract 18/3797 item=en_QG_59ff7bbc2e1d1948 -> '{"judge_model": "MiniMax-M3", "scores": '
extract 19/3797 item=en_QG_ff5ad30b1d245091 -> '{"judge_model": "MiniMax-M3", "scores": '
extract 20/3797 item=en_QG_a42852852ee51aff -> '{"judge_model": "MiniMax-M3", "scores": '
extract 21/3797 item=en_QG_7d02a56992e2380f -> '{"judge_model": "MiniMax-M3", "scores": '
extract 22/3797 item=en_QG_0daf89833d77d2d9 -> '{"judge_model": "MiniMax-M3", "scores": '
extract 23/3797 item=en_QG_33092d13debe0766 -> '{"judge_model": "MiniMax-M3", "scores": '
extract 24/3797 item=en_QG_231cacceaf799200 -> '{"judge_model": "MiniMax-M3", "scores": '
extract 25/3797 item=en_QG_c6cf27b02714ea8f -> '{"judge_model": "MiniMax-M3", "scores": '
extract 26/3797 item=en_QG_f4e35c768c2fdc9e -> '{"judge_model": "MiniMax-M3", "scores": '
extract 27/3797 item=en_QG_88380fa125faae47 -> '{"judge_model": "MiniMax-M3", "scores": '
extract 28/3797 item=en_QG_8a2e262e7837007a -> '{"judge_model": "MiniMax-M3", "scores": '
extract 29/3797 item=en_QG_978fbb6de5026591 -> '{"judge_model": "MiniMax-M3", "scores": '
extract 30/3797 item=en_QG_8b546f2127c181fe -> '{"judge_model": "MiniMax-M3", "scores": '
extract 31/3797 item=en_QG_a3dd2e81ba6c9163 -> '{"judge_model": "MiniMax-M3", "scores": '
extract 32/3797 item=en_QG_178a91d8dadc18c7 -> '{"judge_model": "MiniMax-M3", "scores": '
extract 33/3797 item=en_QG_230f87da8bca558a -> '{"judge_model": "MiniMax-M3", "scores": '
extract 34/3797 item=en_QG_e6480597734f3a25 -> '{"judge_model": "MiniMax-M3", "scores": '
extract 35/3797 item=en_QG_4e7b49808dfff3d0 -> '{"judge_model": "MiniMax-M3", "scores": '
extract 36/3797 item=en_QG_921e1691b6ead51f -> '{"judge_model": "MiniMax-M3", "scores": '
extract 37/3797 item=en_QG_411595836d32b37d -> '{"judge_model": "MiniMax-M3", "scores": '
extract 38/3797 item=en_QG_87a62c509f6bfef1 -> '{"judge_model": "MiniMax-M3", "scores": '
extract 39/3797 item=en_QG_c9cf8f7ef70da27e -> '{"judge_model": "MiniMax-M3", "scores": '
extract 40/3797 item=en_QG_e96282de10bd0a61 -> '{"judge_model": "MiniMax-M3", "scores": '
extract 41/3797 item=en_QG_79c322f0828db1b5 -> '{"judge_model": "MiniMax-M3", "scores": '
extract 42/3797 item=en_QG_f5c668383a2e9ca5 -> '{"judge_model": "MiniMax-M3", "scores": '
extract 43/3797 item=en_QG_26d8309c3dbd3dfa -> '{"judge_model": "MiniMax-M3", "scores": '
extract 44/3797 item=en_QG_95a0e4bd0eb9b281 -> '{"judge_model": "MiniMax-M3", "scores": '
extract 45/3797 item=en_QG_7ad8f50c5e0e3686 -> '{"judge_model": "MiniMax-M3", "scores": '
extract 46/3797 item=en_QG_7a303290ac12f5a5 -> '{"judge_model": "MiniMax-M3", "scores": '
extract 47/3797 item=en_QG_05d282e8e859b074 -> '{"judge_model": "MiniMax-M3", "scores": '
extract 48/3797 item=en_QG_454d63ab7a68713c -> '{"judge_model": "MiniMax-M3", "scores": '
extract 49/3797 item=en_QG_df56756a141a13c8 -> '{"judge_model": "MiniMax-M3", "scores": '
extract 50/3797 item=en_QG_3c7502509b0c9238 -> '{"judge_model": "MiniMax-M3", "scores": '
extract 51/3797 item=en_QG_83f7da1d46a346fd -> '{"judge_model": "MiniMax-M3", "scores": '
extract 52/3797 item=en_QG_3ca2b25bbdfde669 -> '{"judge_model": "MiniMax-M3", "scores": '
extract 53/3797 item=en_QG_35d56793fc110d39 -> '{"judge_model": "MiniMax-M3", "scores": '
extract 54/3797 item=en_QG_921c434b7b08c5ba -> '{"judge_model": "MiniMax-M3", "scores": '
extract 55/3797 item=en_QG_b5855b206604259a -> '{"judge_model": "MiniMax-M3", "scores": '
extract 56/3797 item=en_QG_bf097d3066587963 -> '{"judge_model": "MiniMax-M3", "scores": '
extract 57/3797 item=en_QG_3f32716760cf95d4 -> '{"judge_model": "MiniMax-M3", "scores": '
extract 58/3797 item=en_QG_05045f555be97de9 -> '{"judge_model": "MiniMax-M3", "scores": '
extract 59/3797 item=en_QG_9ce7ead5cf98a3c5 -> '{"judge_model": "MiniMax-M3", "scores": '
extract 60/3797 item=en_QG_f10256f1ce1d8278 -> '{"judge_model": "MiniMax-M3", "scores": '
extract 61/3797 item=en_QG_e65613017b7c9ad9 -> '{"judge_model": "MiniMax-M3", "scores": '
extract 62/3797 item=en_QG_1093c9f8543efebd -> '{"judge_model": "MiniMax-M3", "scores": '
extract 63/3797 item=en_QG_9dc7266e3e7d874a -> '{"judge_model": "MiniMax-M3", "scores": '
extract 64/3797 item=en_QG_6cb58f02eb5efbaf -> '{"judge_model": "MiniMax-M3", "scores": '
extract 65/3797 item=en_QG_7537b9bacfee106a -> '{"judge_model": "MiniMax-M3", "scores": '
extract 66/3797 item=en_QG_890a467ea64f6dcb -> '{"judge_model": "MiniMax-M3", "scores": '
extract 67/3797 item=en_QG_6eaac2cc0ceb6398 -> '{"judge_model": "MiniMax-M3", "scores": '
extract 68/3797 item=en_QG_87eed4623346a9a7 -> '{"judge_model": "MiniMax-M3", "scores": '
extract 69/3797 item=en_QG_1b9785ff9018fee4 -> '{"judge_model": "MiniMax-M3", "scores": '
extract 70/3797 item=en_QG_23c2020986b085e1 -> '{"judge_model": "MiniMax-M3", "scores": '
extract 71/3797 item=en_QG_46190cbd241ba32d -> '{"judge_model": "MiniMax-M3", "scores": '
extract 72/3797 item=en_QG_202043c658558346 -> '{"judge_model": "MiniMax-M3", "scores": '
extract 73/3797 item=en_QG_b4d75d4d06e597b4 -> '{"judge_model": "MiniMax-M3", "scores": '
extract 74/3797 item=en_QG_2b4ddbaeb52a92c1 -> '{"judge_model": "MiniMax-M3", "scores": '
extract 75/3797 item=en_QG_a64645339e3bba39 -> '{"judge_model": "MiniMax-M3", "scores": '
extract 76/3797 item=en_QG_c79c0b2d8bd15df1 -> '{"judge_model": "MiniMax-M3", "scores": '
extract 77/3797 item=en_QG_e0a5b2cd267a0083 -> '{"judge_model": "MiniMax-M3", "scores": '
extract 78/3797 item=en_QG_5cbd37114025a6b2 -> '{"judge_model": "MiniMax-M3", "scores": '
extract 79/3797 item=en_QG_a45c806c909095bc -> '{"judge_model": "MiniMax-M3", "scores": '
extract 80/3797 item=en_QG_3726c1a10aded8a2 -> '{"judge_model": "MiniMax-M3", "scores": '
extract 81/3797 item=en_QG_e6e406ca09d29d6e -> '{"judge_model": "MiniMax-M3", "scores": '
extract 82/3797 item=en_QG_61b903569ec59ec4 -> '{"judge_model": "MiniMax-M3", "scores": '
extract 83/3797 item=en_QG_1a7693cec50efaf6 -> '{"judge_model": "MiniMax-M3", "scores": '
extract 84/3797 item=en_QG_c1e705f93c84e659 -> '{"judge_model": "MiniMax-M3", "scores": '
extract 85/3797 item=en_QG_f0d7e6ddf93eb24e -> '{"judge_model": "MiniMax-M3", "scores": '
extract 86/3797 item=en_QG_0c69d32f06eac654 -> '{"judge_model": "MiniMax-M3", "scores": '
extract 87/3797 item=en_QG_62332f9d49abcf65 -> '{"judge_model": "MiniMax-M3", "scores": '
extract 88/3797 item=en_QG_8cd181cfce08b8e7 -> '{"judge_model": "MiniMax-M3", "scores": '
extract 89/3797 item=en_QG_3be57970c63d7ed1 -> '{"judge_model": "MiniMax-M3", "scores": '
extract 90/3797 item=en_QG_4791e9f372a56467 -> '{"judge_model": "MiniMax-M3", "scores": '
extract 91/3797 item=en_QG_e033826883210f30 -> '{"judge_model": "MiniMax-M3", "scores": '
extract 92/3797 item=en_QG_ae5536b508759d32 -> '{"judge_model": "MiniMax-M3", "scores": '
extract 93/3797 item=en_QG_a5d29910ae9f1724 -> '{"judge_model": "MiniMax-M3", "scores": '
extract 94/3797 item=en_QG_d1e24f4220437280 -> '{"judge_model": "MiniMax-M3", "scores": '
extract 95/3797 item=en_QG_0791173b682a383c -> '{"judge_model": "MiniMax-M3", "scores": '
extract 96/3797 item=en_QG_6f4fc0f2a28374e8 -> '{"judge_model": "MiniMax-M3", "scores": '
extract 97/3797 item=en_QG_1cc5916a113b3434 -> '{"judge_model": "MiniMax-M3", "scores": '
extract 98/3797 item=en_QG_b77d117b47f9c2ed -> '{"judge_model": "MiniMax-M3", "scores": '
extract 99/3797 item=en_QG_d5a2fd642ec58334 -> '{"judge_model": "MiniMax-M3", "scores": '
extract 100/3797 item=en_QG_fe47e4c9a68c0db4 -> '{"judge_model": "MiniMax-M3", "scores": '
extract 101/3797 item=en_QG_8ace63f4e05e3d43 -> '{"judge_model": "MiniMax-M3", "scores": '
extract 102/3797 item=en_QG_ab3aacc81b7dc5bc -> '{"judge_model": "MiniMax-M3", "scores": '
extract 103/3797 item=en_QG_bc1f084f8108807f -> '{"judge_model": "MiniMax-M3", "scores": '
extract 104/3797 item=en_QG_c5728065e8187067 -> '{"judge_model": "MiniMax-M3", "scores": '
extract 105/3797 item=en_QG_d634a7fedad0b49e -> '{"judge_model": "MiniMax-M3", "scores": '
extract 106/3797 item=en_QG_46707b3bec380a6d -> '{"judge_model": "MiniMax-M3", "scores": '
extract 107/3797 item=en_QG_0841e31ccf27c26a -> '{"judge_model": "MiniMax-M3", "scores": '
extract 108/3797 item=en_QG_cc2d22e2c57a62d2 -> '{"judge_model": "MiniMax-M3", "scores": '
extract 109/3797 item=en_QG_31883ebebe4475c2 -> '{"judge_model": "MiniMax-M3", "scores": '
extract 110/3797 item=en_QG_617675094b749740 -> '{"judge_model": "MiniMax-M3", "scores": '
extract 111/3797 item=en_QG_f5b22f3fe013c705 -> '{"judge_model": "MiniMax-M3", "scores": '
extract 112/3797 item=en_QG_3f30193df2f339e8 -> '{"judge_model": "MiniMax-M3", "scores": '
extract 113/3797 item=en_QG_566498a14d2997e3 -> '{"judge_model": "MiniMax-M3", "scores": '
extract 114/3797 item=en_QG_5b6d79d402e715c6 -> '{"judge_model": "MiniMax-M3", "scores": '
extract 115/3797 item=en_QG_648b523d9c4fc5df -> '{"judge_model": "MiniMax-M3", "scores": '
extract 116/3797 item=en_QG_7fa1445f554018f6 -> '{"judge_model": "MiniMax-M3", "scores": '
extract 117/3797 item=en_QG_b0227b43e89538af -> '{"judge_model": "MiniMax-M3", "scores": '
extract 118/3797 item=en_QG_383e33dca4134251 -> '{"judge_model": "MiniMax-M3", "scores": '
extract 119/3797 item=en_QG_f19c37430200098c -> '{"judge_model": "MiniMax-M3", "scores": '
extract 120/3797 item=en_QG_396d49933d5bc988 -> '{"judge_model": "MiniMax-M3", "scores": '
extract 121/3797 item=en_QG_82a122f397194c28 -> '{"judge_model": "MiniMax-M3", "scores": '
extract 122/3797 item=en_QG_c7a023370f827229 -> '{"judge_model": "MiniMax-M3", "scores": '
extract 123/3797 item=en_QG_9347c2dd781ba554 -> '{"judge_model": "MiniMax-M3", "scores": '
extract 124/3797 item=en_QG_a76b50d32cea1936 -> '{"judge_model": "MiniMax-M3", "scores": '
extract 125/3797 item=en_QG_70d647cfefe648d4 -> '{"judge_model": "MiniMax-M3", "scores": '
extract 126/3797 item=en_QG_3e1805a3c9cc6742 -> '{"judge_model": "MiniMax-M3", "scores": '
extract 127/3797 item=en_QG_e5fb7b7447e06203 -> '{"judge_model": "MiniMax-M3", "scores": '
extract 128/3797 item=en_QG_c72e1591c0370508 -> '{"judge_model": "MiniMax-M3", "scores": '
extract 129/3797 item=en_QG_a593d219e48d2627 -> '{"judge_model": "MiniMax-M3", "scores": '
extract 130/3797 item=en_QG_f7d7d13e136c98a3 -> '{"judge_model": "MiniMax-M3", "scores": '
extract 131/3797 item=en_QG_44094e8c4798213f -> '{"judge_model": "MiniMax-M3", "scores": '
extract 132/3797 item=en_QG_ea622321b40f8ed2 -> '{"judge_model": "MiniMax-M3", "scores": '
extract 133/3797 item=en_QG_fe8e88a92a80b159 -> '{"judge_model": "MiniMax-M3", "scores": '
extract 134/3797 item=en_QG_289919dac0dc4673 -> '{"judge_model": "MiniMax-M3", "scores": '
extract 135/3797 item=en_QG_8b809f3143118602 -> '{"judge_model": "MiniMax-M3", "scores": '
extract 136/3797 item=en_QG_9caa21e2e038e3b9 -> '{"judge_model": "MiniMax-M3", "scores": '
extract 137/3797 item=en_QG_c66b6f44aa5bf536 -> '{"judge_model": "MiniMax-M3", "scores": '
extract 138/3797 item=en_QG_644e4a464c2e35b6 -> '{"judge_model": "MiniMax-M3", "scores": '
extract 139/3797 item=en_QG_988df811e2930aab -> '{"judge_model": "MiniMax-M3", "scores": '
extract 140/3797 item=en_QG_4d18a28a240c667e -> '{"judge_model": "MiniMax-M3", "scores": '
extract 141/3797 item=en_QG_06abcda1eee717b4 -> '{"judge_model": "MiniMax-M3", "scores": '
extract 142/3797 item=en_QG_a53cdffcb580c27a -> '{"judge_model": "MiniMax-M3", "scores": '
extract 143/3797 item=en_QG_5e37d5e15b52af84 -> '{"judge_model": "MiniMax-M3", "scores": '
extract 144/3797 item=en_QG_6a40c0c07d66f281 -> '{"judge_model": "MiniMax-M3", "scores": '
extract 145/3797 item=en_QG_ca32c98e6cf7d5ad -> '{"judge_model": "MiniMax-M3", "scores": '
extract 146/3797 item=en_QG_3e1615c02321755e -> '{"judge_model": "MiniMax-M3", "scores": '
extract 147/3797 item=en_QG_4d71a516b9fec5d5 -> '{"judge_model": "MiniMax-M3", "scores": '
extract 148/3797 item=en_QG_f1c6a6b3ad31cc0e -> '{"judge_model": "MiniMax-M3", "scores": '
extract 149/3797 item=en_QG_5b8e1f7c58351aa7 -> '{"judge_model": "MiniMax-M3", "scores": '
extract 150/3797 item=en_QG_47e0c24e8f099ea1 -> '{"judge_model": "MiniMax-M3", "scores": '
extract 151/3797 item=en_QG_c7faa81b72c1224f -> '{"judge_model": "MiniMax-M3", "scores": '
extract 152/3797 item=en_QG_f91dfb83e43b7467 -> '{"judge_model": "MiniMax-M3", "scores": '
extract 153/3797 item=en_QG_f4df67bf98e60d94 -> '{"judge_model": "MiniMax-M3", "scores": '
extract 154/3797 item=en_QG_f886539a1a45b428 -> '{"judge_model": "MiniMax-M3", "scores": '
extract 155/3797 item=en_QG_08f3e5aea716142a -> '{"judge_model": "MiniMax-M3", "scores": '
extract 156/3797 item=en_QG_bd44f431b9e85b7b -> '{"judge_model": "MiniMax-M3", "scores": '
extract 157/3797 item=en_QG_5dd4c6d2277698a0 -> '{"judge_model": "MiniMax-M3", "scores": '
extract 158/3797 item=en_QG_94e80598d344124b -> '{"judge_model": "MiniMax-M3", "scores": '
extract 159/3797 item=en_QG_182ea821b513cfb4 -> '{"judge_model": "MiniMax-M3", "scores": '
extract 160/3797 item=en_QG_affcdc8533642459 -> '{"judge_model": "MiniMax-M3", "scores": '
extract 161/3797 item=en_QG_6e1dcc36c36b472a -> '{"judge_model": "MiniMax-M3", "scores": '
extract 162/3797 item=en_QG_e8f3b37acde387f2 -> '{"judge_model": "MiniMax-M3", "scores": '
extract 163/3797 item=en_QG_b4e954928ff98ae4 -> '{"judge_model": "MiniMax-M3", "scores": '
extract 164/3797 item=en_QG_ab3901e948ed3d69 -> '{"judge_model": "MiniMax-M3", "scores": '
extract 165/3797 item=en_QG_dd8bcc89dd64151c -> '{"judge_model": "MiniMax-M3", "scores": '
extract 166/3797 item=en_QG_860aa092b520833e -> '{"judge_model": "MiniMax-M3", "scores": '
extract 167/3797 item=en_QG_1b393f7746b1a39c -> '{"judge_model": "MiniMax-M3", "scores": '
extract 168/3797 item=en_QG_dae2faecf13cfac7 -> '{"judge_model": "MiniMax-M3", "scores": '
extract 169/3797 item=en_QG_82c50e94ff1d9a99 -> '{"judge_model": "MiniMax-M3", "scores": '
extract 170/3797 item=en_QG_18575307390b6108 -> '{"judge_model": "MiniMax-M3", "scores": '
extract 171/3797 item=en_QG_37473c4091611791 -> '{"judge_model": "MiniMax-M3", "scores": '
extract 172/3797 item=en_QG_fb87a8b724ddc01b -> '{"judge_model": "MiniMax-M3", "scores": '
extract 173/3797 item=en_QG_12e3afc46f9dccfe -> '{"judge_model": "MiniMax-M3", "scores": '
extract 174/3797 item=en_QG_7adbaa6ea4ac90a8 -> '{"judge_model": "MiniMax-M3", "scores": '
extract 175/3797 item=en_QG_554ada13e22b62a5 -> '{"judge_model": "MiniMax-M3", "scores": '
extract 176/3797 item=en_QG_2739906bed32cc1f -> '{"judge_model": "MiniMax-M3", "scores": '
extract 177/3797 item=en_QG_065ce5621da8711b -> '{"judge_model": "MiniMax-M3", "scores": '
extract 178/3797 item=en_QG_9e5d4fd4fdf79c7d -> '{"judge_model": "MiniMax-M3", "scores": '
extract 179/3797 item=en_QG_a82953e34285bb16 -> '{"judge_model": "MiniMax-M3", "scores": '
extract 180/3797 item=en_QG_705675cdf5343a63 -> '{"judge_model": "MiniMax-M3", "scores": '
extract 181/3797 item=en_QG_fdbe4ad0c5ba1023 -> '{"judge_model": "MiniMax-M3", "scores": '
extract 182/3797 item=en_QG_77b13d0b19a9b6d4 -> '{"judge_model": "MiniMax-M3", "scores": '
extract 183/3797 item=en_QG_2595dd29a1817457 -> '{"judge_model": "MiniMax-M3", "scores": '
extract 184/3797 item=en_QG_47675d513dcd6c28 -> '{"judge_model": "MiniMax-M3", "scores": '
extract 185/3797 item=en_QG_9b7803b9ea52f95b -> '{"judge_model": "MiniMax-M3", "scores": '
extract 186/3797 item=en_QG_879daa4d2db488cb -> '{"judge_model": "MiniMax-M3", "scores": '
extract 187/3797 item=en_QG_953701e5fad4b9a7 -> '{"judge_model": "MiniMax-M3", "scores": '
extract 188/3797 item=en_QG_f50d16a9078cab5f -> '{"judge_model": "MiniMax-M3", "scores": '
extract 189/3797 item=en_QG_d7be64e62ef5e401 -> '{"judge_model": "MiniMax-M3", "scores": '
extract 190/3797 item=en_QG_bcab5ba96795a440 -> '{"judge_model": "MiniMax-M3", "scores": '
extract 191/3797 item=en_QG_9791df8fcb66bac7 -> '{"judge_model": "MiniMax-M3", "scores": '
extract 192/3797 item=en_QG_0c987691fb223325 -> '{"judge_model": "MiniMax-M3", "scores": '
extract 193/3797 item=en_QG_bec3511140ce81f1 -> '{"judge_model": "MiniMax-M3", "scores": '
extract 194/3797 item=en_QG_9d246f6a83060075 -> '{"judge_model": "MiniMax-M3", "scores": '
extract 195/3797 item=en_QG_6ba1662209636ab4 -> '{"judge_model": "MiniMax-M3", "scores": '
extract 196/3797 item=en_QG_384b6847cc453f74 -> '{"judge_model": "MiniMax-M3", "scores": '
extract 197/3797 item=en_QG_e8e2c80a7a223003 -> '{"judge_model": "MiniMax-M3", "scores": '
extract 198/3797 item=en_QG_ffa81d999e946416 -> '{"judge_model": "MiniMax-M3", "scores": '
extract 199/3797 item=en_QG_4f2d351ad75c3ead -> '{"judge_model": "MiniMax-M3", "scores": '
extract 200/3797 item=en_QG_815d27b264aae247 -> '{"judge_model": "MiniMax-M3", "scores": '
extract 201/3797 item=en_QG_18abf54179d7c95d -> '{"judge_model": "MiniMax-M3", "scores": '
extract 202/3797 item=en_QG_c74403f5104faa86 -> '{"judge_model": "MiniMax-M3", "scores": '
extract 203/3797 item=en_QG_e382cd5727149fcc -> '{"judge_model": "MiniMax-M3", "scores": '
extract 204/3797 item=en_QG_03082b6b8b4e0541 -> '{"judge_model": "MiniMax-M3", "scores": '
extract 205/3797 item=en_QG_903f030fbefe9482 -> '{"judge_model": "MiniMax-M3", "scores": '
extract 206/3797 item=en_QG_f50b2498fd2ffb10 -> '{"judge_model": "MiniMax-M3", "scores": '
extract 207/3797 item=en_QG_fd8901d9d40daaa1 -> '{"judge_model": "MiniMax-M3", "scores": '
extract 208/3797 item=en_QG_8793cd50f49dc83e -> '{"judge_model": "MiniMax-M3", "scores": '
extract 209/3797 item=en_QG_00aa013fe780a082 -> '{"judge_model": "MiniMax-M3", "scores": '
extract 210/3797 item=en_QG_cb739b62a69a0882 -> '{"judge_model": "MiniMax-M3", "scores": '
extract 211/3797 item=en_QG_1158f0c5b2e3eb0b -> '{"judge_model": "MiniMax-M3", "scores": '
extract 212/3797 item=en_QG_ded8f16a0c43fcbc -> '{"judge_model": "MiniMax-M3", "scores": '
extract 213/3797 item=en_QG_c4be9b3edfa5f0ed -> '{"judge_model": "MiniMax-M3", "scores": '
extract 214/3797 item=en_QG_1f8c3a61882f3c73 -> '{"judge_model": "MiniMax-M3", "scores": '
extract 215/3797 item=en_QG_5edd3f43afe05ea4 -> '{"judge_model": "MiniMax-M3", "scores": '
extract 216/3797 item=en_QG_c3b8ada2706fc78c -> '{"judge_model": "MiniMax-M3", "scores": '
extract 217/3797 item=en_QG_40e235880f290ec9 -> '{"judge_model": "MiniMax-M3", "scores": '
extract 218/3797 item=en_QG_32c20398a38ac32c -> '{"judge_model": "MiniMax-M3", "scores": '
extract 219/3797 item=en_QG_d0dbc8ca164630b2 -> '{"judge_model": "MiniMax-M3", "scores": '
extract 220/3797 item=en_QG_a79dd9edac3a5eb5 -> '{"judge_model": "MiniMax-M3", "scores": '
extract 221/3797 item=en_QG_dbfdd72e6011fbf9 -> '{"judge_model": "MiniMax-M3", "scores": '
extract 222/3797 item=en_QG_422047fca52e9315 -> '{"judge_model": "MiniMax-M3", "scores": '
extract 223/3797 item=en_QG_dfe78985352f48eb -> '{"judge_model": "MiniMax-M3", "scores": '
extract 224/3797 item=en_QG_bd925be734298594 -> '{"judge_model": "MiniMax-M3", "scores": '
extract 225/3797 item=en_QG_065dec7fff1d3f07 -> '{"judge_model": "MiniMax-M3", "scores": '
extract 226/3797 item=en_QG_f9a81bd37a1c04f9 -> '{"judge_model": "MiniMax-M3", "scores": '
extract 227/3797 item=en_QG_e9c13033a04b2d34 -> '{"judge_model": "MiniMax-M3", "scores": '
extract 228/3797 item=en_QG_7bba0f903964485d -> '{"judge_model": "MiniMax-M3", "scores": '
extract 229/3797 item=en_QG_464db39ca2213a63 -> '{"judge_model": "MiniMax-M3", "scores": '
extract 230/3797 item=en_QG_df2fdef26f9771e0 -> '{"judge_model": "MiniMax-M3", "scores": '
extract 231/3797 item=en_QG_18a972ff516399a5 -> '{"judge_model": "MiniMax-M3", "scores": '
extract 232/3797 item=en_QG_9754190203bd842e -> '{"judge_model": "MiniMax-M3", "scores": '
extract 233/3797 item=en_QG_3b38e5e1b4d96da1 -> '{"judge_model": "MiniMax-M3", "scores": '
extract 234/3797 item=en_QG_ccaa67bdb29f960a -> '{"judge_model": "MiniMax-M3", "scores": '
extract 235/3797 item=en_QG_5595d6325b091d4e -> '{"judge_model": "MiniMax-M3", "scores": '
extract 236/3797 item=en_QG_33b89b62ca6ab8c0 -> '{"judge_model": "MiniMax-M3", "scores": '
extract 237/3797 item=en_QG_49732ca5260b02f0 -> '{"judge_model": "MiniMax-M3", "scores": '
extract 238/3797 item=en_QG_2a0c529daf23380b -> '{"judge_model": "MiniMax-M3", "scores": '
extract 239/3797 item=en_QG_757b5d6c26df0391 -> '{"judge_model": "MiniMax-M3", "scores": '
extract 240/3797 item=en_QG_edd3d7619ca2982b -> '{"judge_model": "MiniMax-M3", "scores": '
extract 241/3797 item=en_QG_95dde855bb67a7ec -> '{"judge_model": "MiniMax-M3", "scores": '
extract 242/3797 item=en_QG_25224f0b7f4b6fc9 -> '{"judge_model": "MiniMax-M3", "scores": '
extract 243/3797 item=en_QG_199afb9732be3a4a -> '{"judge_model": "MiniMax-M3", "scores": '
extract 244/3797 item=en_QG_506c544d0f16f807 -> '{"judge_model": "MiniMax-M3", "scores": '
extract 245/3797 item=en_QG_6df4c3a8dfd58416 -> '{"judge_model": "MiniMax-M3", "scores": '
extract 246/3797 item=en_QG_44a0d8bc3ccd5ae1 -> '{"judge_model": "MiniMax-M3", "scores": '
extract 247/3797 item=en_QG_04090aa73361d976 -> '{"judge_model": "MiniMax-M3", "scores": '
extract 248/3797 item=en_QG_8d26374896088c44 -> '{"judge_model": "MiniMax-M3", "scores": '
extract 249/3797 item=en_QG_6550dc88689325ec -> '{"judge_model": "MiniMax-M3", "scores": '
extract 250/3797 item=en_QG_66ba8f5cf4a0bff8 -> '{"judge_model": "MiniMax-M3", "scores": '
extract 251/3797 item=en_QG_33087ec6d5c07f3e -> '{"judge_model": "MiniMax-M3", "scores": '
extract 252/3797 item=en_QG_e2ef119ae54bb9e7 -> '{"judge_model": "MiniMax-M3", "scores": '
extract 253/3797 item=en_QG_303a73c4638dbf6d -> '{"judge_model": "MiniMax-M3", "scores": '
extract 254/3797 item=en_QG_b3fb73e5a30898dc -> '{"judge_model": "MiniMax-M3", "scores": '
extract 255/3797 item=en_QG_abf3f791e84e1b79 -> '{"judge_model": "MiniMax-M3", "scores": '
extract 256/3797 item=en_QG_44095faa056f1084 -> '{"judge_model": "MiniMax-M3", "scores": '
extract 257/3797 item=en_QG_c0c3a63e03c374cd -> '{"judge_model": "MiniMax-M3", "scores": '
extract 258/3797 item=en_QG_4c66986eaab81e51 -> '{"judge_model": "MiniMax-M3", "scores": '
extract 259/3797 item=en_QG_f01785e4058c5dae -> '{"judge_model": "MiniMax-M3", "scores": '
extract 260/3797 item=en_QG_eca9922f4db7da84 -> '{"judge_model": "MiniMax-M3", "scores": '
extract 261/3797 item=en_QG_5b71e252a5f7ea1c -> '{"judge_model": "MiniMax-M3", "scores": '
extract 262/3797 item=en_QG_e1c0ab36d6a36f9a -> '{"judge_model": "MiniMax-M3", "scores": '
extract 263/3797 item=en_QG_2644de526131b604 -> '{"judge_model": "MiniMax-M3", "scores": '
extract 264/3797 item=en_QG_529c872bbbce4b75 -> '{"judge_model": "MiniMax-M3", "scores": '
extract 265/3797 item=en_QG_52c0844b153dcd95 -> '{"judge_model": "MiniMax-M3", "scores": '
extract 266/3797 item=en_QG_b7f43910245c906e -> '{"judge_model": "MiniMax-M3", "scores": '
extract 267/3797 item=en_QG_596e3e8e43fdaabe -> '{"judge_model": "MiniMax-M3", "scores": '
extract 268/3797 item=en_QG_cb4b24433e641262 -> '{"judge_model": "MiniMax-M3", "scores": '
extract 269/3797 item=en_QG_90a14f7121b74616 -> '{"judge_model": "MiniMax-M3", "scores": '
extract 270/3797 item=en_QG_54228e9010d93964 -> '{"judge_model": "MiniMax-M3", "scores": '
extract 271/3797 item=en_QG_a46583f297d06b6b -> '{"judge_model": "MiniMax-M3", "scores": '
extract 272/3797 item=en_QG_58dfd6663bbea21b -> '{"judge_model": "MiniMax-M3", "scores": '
extract 273/3797 item=en_QG_8c4ba67035c5a591 -> '{"judge_model": "MiniMax-M3", "scores": '
extract 274/3797 item=en_QG_eb302a657b2220e3 -> '{"judge_model": "MiniMax-M3", "scores": '
extract 275/3797 item=en_QG_d140ebc6105f7c23 -> '{"judge_model": "MiniMax-M3", "scores": '
extract 276/3797 item=en_QG_c4836f567634c210 -> '{"judge_model": "MiniMax-M3", "scores": '
extract 277/3797 item=en_QG_3350de437c6cd4d8 -> '{"judge_model": "MiniMax-M3", "scores": '
extract 278/3797 item=en_QG_9dd8490aac52af35 -> '{"judge_model": "MiniMax-M3", "scores": '
extract 279/3797 item=en_QG_4d3fad75d3b8d461 -> '{"judge_model": "MiniMax-M3", "scores": '
extract 280/3797 item=en_QG_99a56a4f5cee5bd2 -> '{"judge_model": "MiniMax-M3", "scores": '
extract 281/3797 item=en_QG_927e1e5231d79476 -> '{"judge_model": "MiniMax-M3", "scores": '
extract 282/3797 item=en_QG_f485fc67f662e3a6 -> '{"judge_model": "MiniMax-M3", "scores": '
extract 283/3797 item=en_QG_8373a21a25f3af73 -> '{"judge_model": "MiniMax-M3", "scores": '
extract 284/3797 item=en_QG_4a6cad74e49ba7a9 -> '{"judge_model": "MiniMax-M3", "scores": '
extract 285/3797 item=en_QG_6cf0f6f5d6c972b1 -> '{"judge_model": "MiniMax-M3", "scores": '
extract 286/3797 item=en_QG_0b95143e3ffeb369 -> '{"judge_model": "MiniMax-M3", "scores": '
extract 287/3797 item=en_QG_307260659679ba1e -> '{"judge_model": "MiniMax-M3", "scores": '
extract 288/3797 item=en_QG_f0478b3132a36bd1 -> '{"judge_model": "MiniMax-M3", "scores": '
extract 289/3797 item=en_QG_9fcda44e24456a2f -> '{"judge_model": "MiniMax-M3", "scores": '
extract 290/3797 item=en_QG_d195e8d455426c64 -> '{"judge_model": "MiniMax-M3", "scores": '
extract 291/3797 item=en_QG_1823ba9537b5f841 -> '{"judge_model": "MiniMax-M3", "scores": '
extract 292/3797 item=en_QG_147d0f6db86b4f45 -> '{"judge_model": "MiniMax-M3", "scores": '
extract 293/3797 item=en_QG_888cdc522c408120 -> '{"judge_model": "MiniMax-M3", "scores": '
extract 294/3797 item=en_QG_d60d621c1f5d1be7 -> '{"judge_model": "MiniMax-M3", "scores": '
extract 295/3797 item=en_QG_3454a7d7ed4c9add -> '{"judge_model": "MiniMax-M3", "scores": '
extract 296/3797 item=en_QG_f06671bc9b54794a -> '{"judge_model": "MiniMax-M3", "scores": '
extract 297/3797 item=en_QG_1ab05d516bf92178 -> '{"judge_model": "MiniMax-M3", "scores": '
extract 298/3797 item=en_QG_9cd0283199472e41 -> '{"judge_model": "MiniMax-M3", "scores": '
extract 299/3797 item=en_QG_d93cd731bb576515 -> '{"judge_model": "MiniMax-M3", "scores": '
extract 300/3797 item=en_QG_91254685af4b4b1c -> '{"judge_model": "MiniMax-M3", "scores": '
extract 301/3797 item=en_QG_90291e339f85d633 -> '{"judge_model": "MiniMax-M3", "scores": '
extract 302/3797 item=en_QG_5d6a377d5a08feb9 -> '{"judge_model": "MiniMax-M3", "scores": '
extract 303/3797 item=en_QG_bbe0be2b87db7dca -> '{"judge_model": "MiniMax-M3", "scores": '
extract 304/3797 item=en_QG_a1dfd55ae103f66e -> '{"judge_model": "MiniMax-M3", "scores": '
extract 305/3797 item=en_QG_283835f765738e96 -> '{"judge_model": "MiniMax-M3", "scores": '
extract 306/3797 item=en_QG_b50357f01632a5c3 -> '{"judge_model": "MiniMax-M3", "scores": '
extract 307/3797 item=en_QG_85f6e768b16b70f5 -> '{"judge_model": "MiniMax-M3", "scores": '
extract 308/3797 item=en_QG_a70a57bc80fc646d -> '{"judge_model": "MiniMax-M3", "scores": '
extract 309/3797 item=en_QG_c221eaa125d531f6 -> '{"judge_model": "MiniMax-M3", "scores": '
extract 310/3797 item=en_QG_05e3dacb06438a72 -> '{"judge_model": "MiniMax-M3", "scores": '
extract 311/3797 item=en_QG_312c2fb0a5ad2245 -> '{"judge_model": "MiniMax-M3", "scores": '
extract 312/3797 item=en_QG_16d2589a0e76fd85 -> '{"judge_model": "MiniMax-M3", "scores": '
extract 313/3797 item=en_QG_5edc6c41588e3400 -> '{"judge_model": "MiniMax-M3", "scores": '
extract 314/3797 item=en_QG_3e2d0930e5a50405 -> '{"judge_model": "MiniMax-M3", "scores": '
extract 315/3797 item=en_QG_55448fcbf2d1368d -> '{"judge_model": "MiniMax-M3", "scores": '
extract 316/3797 item=en_QG_46525b8fcf8aecf5 -> '{"judge_model": "MiniMax-M3", "scores": '
extract 317/3797 item=en_QG_6b4b206f7270d236 -> '{"judge_model": "MiniMax-M3", "scores": '
extract 318/3797 item=en_QG_53ec7b4cf8fbbefb -> '{"judge_model": "MiniMax-M3", "scores": '
extract 319/3797 item=en_QG_37ad3441c422c175 -> '{"judge_model": "MiniMax-M3", "scores": '
extract 320/3797 item=en_QG_a0e604aafd09e6c0 -> '{"judge_model": "MiniMax-M3", "scores": '
extract 321/3797 item=en_QG_ec9ff89a018cc8e7 -> '{"judge_model": "MiniMax-M3", "scores": '
extract 322/3797 item=en_QG_3799a49031321484 -> '{"judge_model": "MiniMax-M3", "scores": '
extract 323/3797 item=en_QG_84075822ce63f50b -> '{"judge_model": "MiniMax-M3", "scores": '
extract 324/3797 item=en_QG_29e9f11db262f499 -> '{"judge_model": "MiniMax-M3", "scores": '
extract 325/3797 item=en_QG_e64822b3064d93ba -> '{"judge_model": "MiniMax-M3", "scores": '
extract 326/3797 item=en_QG_7a69566e4798cc8c -> '{"judge_model": "MiniMax-M3", "scores": '
extract 327/3797 item=en_QG_9ec90671089bc445 -> '{"judge_model": "MiniMax-M3", "scores": '
extract 328/3797 item=en_QG_36dfa0271b981103 -> '{"judge_model": "MiniMax-M3", "scores": '
extract 329/3797 item=en_QG_a3a7c5f279a9827c -> '{"judge_model": "MiniMax-M3", "scores": '
extract 330/3797 item=en_QG_aaf2092da109f332 -> '{"judge_model": "MiniMax-M3", "scores": '
extract 331/3797 item=en_QG_989952b7467aad36 -> '{"judge_model": "MiniMax-M3", "scores": '
extract 332/3797 item=en_QG_4d2ceee52ae4e237 -> '{"judge_model": "MiniMax-M3", "scores": '
extract 333/3797 item=en_QG_0b55aebac18860c0 -> '{"judge_model": "MiniMax-M3", "scores": '
extract 334/3797 item=en_QG_a9391a911ea255fb -> '{"judge_model": "MiniMax-M3", "scores": '
extract 335/3797 item=en_QG_a8fc202a15ffe300 -> '{"judge_model": "MiniMax-M3", "scores": '
extract 336/3797 item=en_QG_b638fb754a206de5 -> '{"judge_model": "MiniMax-M3", "scores": '
extract 337/3797 item=en_QG_ee2ad45535994253 -> '{"judge_model": "MiniMax-M3", "scores": '
extract 338/3797 item=en_QG_fbf916ad4d7d5fc9 -> '{"judge_model": "MiniMax-M3", "scores": '
extract 339/3797 item=en_QG_8413dc92b017f2d4 -> '{"judge_model": "MiniMax-M3", "scores": '
extract 340/3797 item=en_QG_f70877db444bc76a -> '{"judge_model": "MiniMax-M3", "scores": '
extract 341/3797 item=en_QG_920c26b75016d5b8 -> '{"judge_model": "MiniMax-M3", "scores": '
extract 342/3797 item=en_QG_9944acd44bbdc75d -> '{"judge_model": "MiniMax-M3", "scores": '
extract 343/3797 item=en_QG_98b2f99771d5b9a3 -> '{"judge_model": "MiniMax-M3", "scores": '
extract 344/3797 item=en_QG_08bd9925f5278d16 -> '{"judge_model": "MiniMax-M3", "scores": '
extract 345/3797 item=en_QG_8c00e4f2b26c5dc6 -> '{"judge_model": "MiniMax-M3", "scores": '
extract 346/3797 item=en_QG_b2193ae75604abd2 -> '{"judge_model": "MiniMax-M3", "scores": '
extract 347/3797 item=en_QG_c26dd2df0328b54d -> '{"judge_model": "MiniMax-M3", "scores": '
extract 348/3797 item=en_QG_f326969846cc8605 -> '{"judge_model": "MiniMax-M3", "scores": '
extract 349/3797 item=en_QG_7316b50d8c98a25b -> '{"judge_model": "MiniMax-M3", "scores": '
extract 350/3797 item=en_QG_1ddd877c34836348 -> '{"judge_model": "MiniMax-M3", "scores": '
extract 351/3797 item=en_QG_cf0c4c2deb79aa27 -> '{"judge_model": "MiniMax-M3", "scores": '
extract 352/3797 item=en_QG_f83c36765d178009 -> '{"judge_model": "MiniMax-M3", "scores": '
extract 353/3797 item=en_QG_2bfcebe9b8c7df3c -> '{"judge_model": "MiniMax-M3", "scores": '
extract 354/3797 item=en_QG_68ff85f3e61abd0c -> '{"judge_model": "MiniMax-M3", "scores": '
extract 355/3797 item=en_QG_2b0ea572b2b6627a -> '{"judge_model": "MiniMax-M3", "scores": '
extract 356/3797 item=en_QG_32b92c90c64afbbd -> '{"judge_model": "MiniMax-M3", "scores": '
extract 357/3797 item=en_QG_4eeb05ad358f5a64 -> '{"judge_model": "MiniMax-M3", "scores": '
extract 358/3797 item=en_QG_35279fa65730da04 -> '{"judge_model": "MiniMax-M3", "scores": '
extract 359/3797 item=en_QG_7a6c5564977261d9 -> '{"judge_model": "MiniMax-M3", "scores": '
extract 360/3797 item=en_QG_f0262e3d0aa2b005 -> '{"judge_model": "MiniMax-M3", "scores": '
extract 361/3797 item=en_QG_51391725f386e6f2 -> '{"judge_model": "MiniMax-M3", "scores": '
extract 362/3797 item=en_QG_1948cd03618ea7ff -> '{"judge_model": "MiniMax-M3", "scores": '
extract 363/3797 item=en_QG_3a78011af40da68d -> '{"judge_model": "MiniMax-M3", "scores": '
extract 364/3797 item=en_QG_381789bd28b6f628 -> '{"judge_model": "MiniMax-M3", "scores": '
extract 365/3797 item=en_QG_93d55f1e7ee089ec -> '{"judge_model": "MiniMax-M3", "scores": '
extract 366/3797 item=en_QG_c877cb2516945686 -> '{"judge_model": "MiniMax-M3", "scores": '
extract 367/3797 item=en_QG_48b5cd30fa7e095c -> '{"judge_model": "MiniMax-M3", "scores": '
extract 368/3797 item=en_QG_3f326be264dc2618 -> '{"judge_model": "MiniMax-M3", "scores": '
extract 369/3797 item=en_QG_eb4fea553e684fff -> '{"judge_model": "MiniMax-M3", "scores": '
extract 370/3797 item=en_QG_b47d217d36042ca4 -> '{"judge_model": "MiniMax-M3", "scores": '
extract 371/3797 item=en_QG_b084c95546f5e39c -> '{"judge_model": "MiniMax-M3", "scores": '
extract 372/3797 item=en_QG_5be078321848deb3 -> '{"judge_model": "MiniMax-M3", "scores": '
extract 373/3797 item=en_QG_f29b78c1b3e54333 -> '{"judge_model": "MiniMax-M3", "scores": '
extract 374/3797 item=en_QG_0b2ba1dc9e7d5287 -> '{"judge_model": "MiniMax-M3", "scores": '
extract 375/3797 item=en_QG_18d96b73dae19520 -> '{"judge_model": "MiniMax-M3", "scores": '
extract 376/3797 item=en_QG_00eb82c8551f7e45 -> '{"judge_model": "MiniMax-M3", "scores": '
extract 377/3797 item=en_QG_fc205cf28df0ebf1 -> '{"judge_model": "MiniMax-M3", "scores": '
extract 378/3797 item=en_QG_f9efe0b56ac7c677 -> '{"judge_model": "MiniMax-M3", "scores": '
extract 379/3797 item=en_QG_12bc5b763cf65c16 -> '{"judge_model": "MiniMax-M3", "scores": '
extract 380/3797 item=en_QG_d69a90a7b8483e21 -> '{"judge_model": "MiniMax-M3", "scores": '
extract 381/3797 item=en_QG_fb9e5f0501582b8a -> '{"judge_model": "MiniMax-M3", "scores": '
extract 382/3797 item=en_QG_27121effe035602b -> '{"judge_model": "MiniMax-M3", "scores": '
extract 383/3797 item=en_QG_7fc810eb3b82fc68 -> '{"judge_model": "MiniMax-M3", "scores": '
extract 384/3797 item=en_QG_3e105fd2c7490285 -> '{"judge_model": "MiniMax-M3", "scores": '
extract 385/3797 item=en_QG_33061cdd536af0b8 -> '{"judge_model": "MiniMax-M3", "scores": '
extract 386/3797 item=en_QG_ae5db27bec3794f8 -> '{"judge_model": "MiniMax-M3", "scores": '
extract 387/3797 item=en_QG_40feea70d7c6d1ff -> '{"judge_model": "MiniMax-M3", "scores": '
extract 388/3797 item=en_QG_e23468a124b8b2f0 -> '{"judge_model": "MiniMax-M3", "scores": '
extract 389/3797 item=en_QG_4c735a3d78f1f74a -> '{"judge_model": "MiniMax-M3", "scores": '
extract 390/3797 item=en_QG_45130fa60b5023d5 -> '{"judge_model": "MiniMax-M3", "scores": '
extract 391/3797 item=en_QG_746e0fded45bc13b -> '{"judge_model": "MiniMax-M3", "scores": '
extract 392/3797 item=en_QG_a9ddfd4ecaffa541 -> '{"judge_model": "MiniMax-M3", "scores": '
extract 393/3797 item=en_QG_994f892c2329c823 -> '{"judge_model": "MiniMax-M3", "scores": '
extract 394/3797 item=en_QG_7a3288d03bebe62c -> '{"judge_model": "MiniMax-M3", "scores": '
extract 395/3797 item=en_QG_514bf58c515bc778 -> '{"judge_model": "MiniMax-M3", "scores": '
extract 396/3797 item=en_QG_4911c0ecdbf15da6 -> '{"judge_model": "MiniMax-M3", "scores": '
extract 397/3797 item=en_QG_475fed8b9ce8bf4f -> '{"judge_model": "MiniMax-M3", "scores": '
extract 398/3797 item=en_QG_39f1595c6623bcf1 -> '{"judge_model": "MiniMax-M3", "scores": '
extract 399/3797 item=en_QG_d6532849f84973c6 -> '{"judge_model": "MiniMax-M3", "scores": '
extract 400/3797 item=en_QG_3043fc7c57ff30e1 -> '{"judge_model": "MiniMax-M3", "scores": '
extract 401/3797 item=en_QG_524fc5f8c0353bc6 -> '{"judge_model": "MiniMax-M3", "scores": '
extract 402/3797 item=en_QG_a11b2f2cc08a2d48 -> '{"judge_model": "MiniMax-M3", "scores": '
extract 403/3797 item=en_QG_9f9cc41371644f57 -> '{"judge_model": "MiniMax-M3", "scores": '
extract 404/3797 item=en_QG_fb88856f68f8ff94 -> '{"judge_model": "MiniMax-M3", "scores": '
extract 405/3797 item=en_QG_e584cfea288ecc51 -> '{"judge_model": "MiniMax-M3", "scores": '
extract 406/3797 item=en_QG_ae799c1ac4a92802 -> '{"judge_model": "MiniMax-M3", "scores": '
extract 407/3797 item=en_QG_ad9962f6f279ddc6 -> '{"judge_model": "MiniMax-M3", "scores": '
extract 408/3797 item=en_QG_062167bb42245155 -> '{"judge_model": "MiniMax-M3", "scores": '
extract 409/3797 item=en_QG_2873a29938460cd4 -> '{"judge_model": "MiniMax-M3", "scores": '
extract 410/3797 item=en_QG_e942b0c2e83a9fab -> '{"judge_model": "MiniMax-M3", "scores": '
extract 411/3797 item=en_QG_065084dfd19edbb6 -> '{"judge_model": "MiniMax-M3", "scores": '
extract 412/3797 item=en_QG_c82714889ffa6113 -> '{"judge_model": "MiniMax-M3", "scores": '
extract 413/3797 item=en_QG_9d0dd1eba0f685c0 -> '{"judge_model": "MiniMax-M3", "scores": '
extract 414/3797 item=en_QG_181c68fb2884a76e -> '{"judge_model": "MiniMax-M3", "scores": '
extract 415/3797 item=en_QG_13556ea8676cf6af -> '{"judge_model": "MiniMax-M3", "scores": '
extract 416/3797 item=en_QG_ce20af3f5ad71e39 -> '{"judge_model": "MiniMax-M3", "scores": '
extract 417/3797 item=en_QG_890284e5187a446d -> '{"judge_model": "MiniMax-M3", "scores": '
extract 418/3797 item=en_QG_a18334e382b472bc -> '{"judge_model": "MiniMax-M3", "scores": '
extract 419/3797 item=en_QG_88de5980a57ec177 -> '{"judge_model": "MiniMax-M3", "scores": '
extract 420/3797 item=en_QG_377d42755aba8ced -> '{"judge_model": "MiniMax-M3", "scores": '
extract 421/3797 item=en_QG_d2832f6ed5af6a74 -> '{"judge_model": "MiniMax-M3", "scores": '
extract 422/3797 item=en_QG_5e66f45d037e099e -> '{"judge_model": "MiniMax-M3", "scores": '
extract 423/3797 item=en_QG_a7f6367567a427f0 -> '{"judge_model": "MiniMax-M3", "scores": '
extract 424/3797 item=en_QG_afdd2f5d1ec2ef83 -> '{"judge_model": "MiniMax-M3", "scores": '
extract 425/3797 item=en_QG_e275dd42e5626452 -> '{"judge_model": "MiniMax-M3", "scores": '
extract 426/3797 item=en_QG_13c32f0fad7fb4c2 -> '{"judge_model": "MiniMax-M3", "scores": '
extract 427/3797 item=en_QG_58026fb623ba377d -> '{"judge_model": "MiniMax-M3", "scores": '
extract 428/3797 item=en_QG_cae95bc869dfaca9 -> '{"judge_model": "MiniMax-M3", "scores": '
extract 429/3797 item=en_QG_6b025338836b67c3 -> '{"judge_model": "MiniMax-M3", "scores": '
extract 430/3797 item=en_QG_9c14ee2c66fa64ca -> '{"judge_model": "MiniMax-M3", "scores": '
extract 431/3797 item=en_QG_19bbf6447367b34b -> '{"judge_model": "MiniMax-M3", "scores": '
extract 432/3797 item=en_QG_903718398a1e3ef4 -> '{"judge_model": "MiniMax-M3", "scores": '
extract 433/3797 item=en_QG_7a2829e8f6d0813a -> '{"judge_model": "MiniMax-M3", "scores": '
extract 434/3797 item=en_QG_056bd12c27248ba6 -> '{"judge_model": "MiniMax-M3", "scores": '
extract 435/3797 item=en_QG_f70f1250093b084e -> '{"judge_model": "MiniMax-M3", "scores": '
extract 436/3797 item=en_QG_8199b3c00d875c4d -> '{"judge_model": "MiniMax-M3", "scores": '
extract 437/3797 item=en_QG_7e9db01a8f13319c -> '{"judge_model": "MiniMax-M3", "scores": '
extract 438/3797 item=en_QG_2bc13e1587c49310 -> '{"judge_model": "MiniMax-M3", "scores": '
extract 439/3797 item=en_QG_53995e6d5e955255 -> '{"judge_model": "MiniMax-M3", "scores": '
extract 440/3797 item=en_QG_32d62cabd58d1932 -> '{"judge_model": "MiniMax-M3", "scores": '
extract 441/3797 item=en_QG_1d5d80f5395eb0f4 -> '{"judge_model": "MiniMax-M3", "scores": '
extract 442/3797 item=en_QG_ddb12751dbd51fce -> '{"judge_model": "MiniMax-M3", "scores": '
extract 443/3797 item=en_QG_e6f00a4bfd5dceb1 -> '{"judge_model": "MiniMax-M3", "scores": '
extract 444/3797 item=en_QG_98e924a0c4751b28 -> '{"judge_model": "MiniMax-M3", "scores": '
extract 445/3797 item=en_QG_b55b7a30162993ca -> '{"judge_model": "MiniMax-M3", "scores": '
extract 446/3797 item=en_QG_77ecd33cfae31662 -> '{"judge_model": "MiniMax-M3", "scores": '
extract 447/3797 item=en_QG_7782ab15cd166b93 -> '{"judge_model": "MiniMax-M3", "scores": '
extract 448/3797 item=en_QG_4aee873ad4942073 -> '{"judge_model": "MiniMax-M3", "scores": '
extract 449/3797 item=en_QG_d3c008bf7ff954b5 -> '{"judge_model": "MiniMax-M3", "scores": '
extract 450/3797 item=en_QG_e18f4ce5132711a1 -> '{"judge_model": "MiniMax-M3", "scores": '
extract 451/3797 item=en_QG_20536030fc4a1da6 -> '{"judge_model": "MiniMax-M3", "scores": '
extract 452/3797 item=en_QG_d8d0002ebb497f77 -> '{"judge_model": "MiniMax-M3", "scores": '
extract 453/3797 item=en_QG_2906ecffa9d2af75 -> '{"judge_model": "MiniMax-M3", "scores": '
extract 454/3797 item=en_QG_f644c081951c0299 -> '{"judge_model": "MiniMax-M3", "scores": '
extract 455/3797 item=en_QG_68eba1315e004057 -> '{"judge_model": "MiniMax-M3", "scores": '
extract 456/3797 item=en_QG_e6de6d7e9a467164 -> '{"judge_model": "MiniMax-M3", "scores": '
extract 457/3797 item=en_QG_8f749a7474ef5851 -> '{"judge_model": "MiniMax-M3", "scores": '
extract 458/3797 item=en_QG_df12b51b2a377cf8 -> '{"judge_model": "MiniMax-M3", "scores": '
extract 459/3797 item=en_QG_d1e4b79f65b6c99d -> '{"judge_model": "MiniMax-M3", "scores": '
extract 460/3797 item=en_QG_3195b1c81413cb67 -> '{"judge_model": "MiniMax-M3", "scores": '
extract 461/3797 item=en_QG_e8d54af3df4ba3e0 -> '{"judge_model": "MiniMax-M3", "scores": '
extract 462/3797 item=en_QG_623d0a2999c1ed4a -> '{"judge_model": "MiniMax-M3", "scores": '
extract 463/3797 item=en_QG_3c84be8a55587071 -> '{"judge_model": "MiniMax-M3", "scores": '
extract 464/3797 item=en_QG_4c7ad4c65282bb59 -> '{"judge_model": "MiniMax-M3", "scores": '
extract 465/3797 item=en_QG_4276ef1ce939cab3 -> '{"judge_model": "MiniMax-M3", "scores": '
extract 466/3797 item=en_QG_eadda9d37a43e6ac -> '{"judge_model": "MiniMax-M3", "scores": '
extract 467/3797 item=en_QG_45445a8dfcfab52f -> '{"judge_model": "MiniMax-M3", "scores": '
extract 468/3797 item=en_QG_92f1717c181e434d -> '{"judge_model": "MiniMax-M3", "scores": '
extract 469/3797 item=en_QG_cf05d50f629556b9 -> '{"judge_model": "MiniMax-M3", "scores": '
extract 470/3797 item=en_QG_cb6d838439fc21ef -> '{"judge_model": "MiniMax-M3", "scores": '
extract 471/3797 item=en_QG_b21c829039b92127 -> '{"judge_model": "MiniMax-M3", "scores": '
extract 472/3797 item=en_QG_f91bef02a5be8e34 -> '{"judge_model": "MiniMax-M3", "scores": '
extract 473/3797 item=en_QG_cb4510998a2a3a4a -> '{"judge_model": "MiniMax-M3", "scores": '
extract 474/3797 item=en_QG_ac4bd40b57f50e49 -> '{"judge_model": "MiniMax-M3", "scores": '
extract 475/3797 item=en_QG_fbd61b22d6db1943 -> '{"judge_model": "MiniMax-M3", "scores": '
extract 476/3797 item=en_QG_521be0a616f18a3f -> '{"judge_model": "MiniMax-M3", "scores": '
extract 477/3797 item=en_QG_9a2fc4377c7bd139 -> '{"judge_model": "MiniMax-M3", "scores": '
extract 478/3797 item=en_QG_e58fbdbda429b64b -> '{"judge_model": "MiniMax-M3", "scores": '
extract 479/3797 item=en_QG_e1a0ebc032451fdf -> '{"judge_model": "MiniMax-M3", "scores": '
extract 480/3797 item=en_QG_a54e8918ffffe290 -> '{"judge_model": "MiniMax-M3", "scores": '
extract 481/3797 item=en_QG_6065734afd708d3d -> '{"judge_model": "MiniMax-M3", "scores": '
extract 482/3797 item=en_QG_a93900953ab02ab7 -> '{"judge_model": "MiniMax-M3", "scores": '
extract 483/3797 item=en_QG_70af44786e980ef1 -> '{"judge_model": "MiniMax-M3", "scores": '
extract 484/3797 item=en_QG_4df05e0c03fd5768 -> '{"judge_model": "MiniMax-M3", "scores": '
extract 485/3797 item=en_QG_384e2b840df7ac4b -> '{"judge_model": "MiniMax-M3", "scores": '
extract 486/3797 item=en_QG_02db841746ede991 -> '{"judge_model": "MiniMax-M3", "scores": '
extract 487/3797 item=en_QG_364848103a53b5be -> '{"judge_model": "MiniMax-M3", "scores": '
extract 488/3797 item=en_QG_b745ff0ac4feb881 -> '{"judge_model": "MiniMax-M3", "scores": '
extract 489/3797 item=en_QG_dc4fd113213f0cfc -> '{"judge_model": "MiniMax-M3", "scores": '
extract 490/3797 item=en_QG_3b5dc7cf30de58e9 -> '{"judge_model": "MiniMax-M3", "scores": '
extract 491/3797 item=en_QG_34aad2e7da1bb954 -> '{"judge_model": "MiniMax-M3", "scores": '
extract 492/3797 item=en_QG_26f7284cf0e0779d -> '{"judge_model": "MiniMax-M3", "scores": '
extract 493/3797 item=en_QG_b89bac35c427a719 -> '{"judge_model": "MiniMax-M3", "scores": '
extract 494/3797 item=en_QG_76ea2db5a182e21b -> '{"judge_model": "MiniMax-M3", "scores": '
extract 495/3797 item=en_QG_d7d300549d600dc7 -> '{"judge_model": "MiniMax-M3", "scores": '
extract 496/3797 item=en_QG_2421ffbf889aaf31 -> '{"judge_model": "MiniMax-M3", "scores": '
extract 497/3797 item=en_QG_7fe0bbed9bf9ef05 -> '{"judge_model": "MiniMax-M3", "scores": '
extract 498/3797 item=en_QG_96bddb21518c1544 -> '{"judge_model": "MiniMax-M3", "scores": '
extract 499/3797 item=en_QG_c123db162fb7abf3 -> '{"judge_model": "MiniMax-M3", "scores": '
extract 500/3797 item=en_QG_1bb8359c9acae8f0 -> '{"judge_model": "MiniMax-M3", "scores": '
extract 501/3797 item=en_QG_9c4ae0f062deadb1 -> '{"judge_model": "MiniMax-M3", "scores": '
extract 502/3797 item=en_QG_0a2fb7302201b48a -> '{"judge_model": "MiniMax-M3", "scores": '
extract 503/3797 item=en_QG_5fcefd2b59628423 -> '{"judge_model": "MiniMax-M3", "scores": '
extract 504/3797 item=en_QG_7c80a9372ba122d3 -> '{"judge_model": "MiniMax-M3", "scores": '
extract 505/3797 item=en_QG_842b2b66f2368e0c -> '{"judge_model": "MiniMax-M3", "scores": '
extract 506/3797 item=en_QG_1168a39d589c7bf6 -> '{"judge_model": "MiniMax-M3", "scores": '
extract 507/3797 item=en_QG_963019f008a8e4f1 -> '{"judge_model": "MiniMax-M3", "scores": '
extract 508/3797 item=en_QG_f4596d560a5d291f -> '{"judge_model": "MiniMax-M3", "scores": '
extract 509/3797 item=en_QG_60ccd9ff382297da -> '{"judge_model": "MiniMax-M3", "scores": '
extract 510/3797 item=en_QG_8ee7916f2802bd15 -> '{"judge_model": "MiniMax-M3", "scores": '
extract 511/3797 item=en_QG_068d3594cd4a8619 -> '{"judge_model": "MiniMax-M3", "scores": '
extract 512/3797 item=en_QG_84ff133d67a880c6 -> '{"judge_model": "MiniMax-M3", "scores": '
extract 513/3797 item=en_QG_5938c2b03196ab4d -> '{"judge_model": "MiniMax-M3", "scores": '
extract 514/3797 item=en_QG_651694efc3189f9f -> '{"judge_model": "MiniMax-M3", "scores": '
extract 515/3797 item=en_QG_5aabd3b3905807c8 -> '{"judge_model": "MiniMax-M3", "scores": '
extract 516/3797 item=en_QG_e7849e3086aef2ed -> '{"judge_model": "MiniMax-M3", "scores": '
extract 517/3797 item=en_QG_55c2b9b774cf4a84 -> '{"judge_model": "MiniMax-M3", "scores": '
extract 518/3797 item=en_QG_cb310cc76e0aa851 -> '{"judge_model": "MiniMax-M3", "scores": '
extract 519/3797 item=en_QG_78b85880a38232ca -> '{"judge_model": "MiniMax-M3", "scores": '
extract 520/3797 item=en_QG_2aa92288fc98fbc8 -> '{"judge_model": "MiniMax-M3", "scores": '
extract 521/3797 item=en_QG_0e9657f2db23e413 -> '{"judge_model": "MiniMax-M3", "scores": '
extract 522/3797 item=en_QG_e3ba0dab216a07f0 -> '{"judge_model": "MiniMax-M3", "scores": '
extract 523/3797 item=en_QG_5ef3413ddcaa2322 -> '{"judge_model": "MiniMax-M3", "scores": '
extract 524/3797 item=en_QG_7f5d190b2829a878 -> '{"judge_model": "MiniMax-M3", "scores": '
extract 525/3797 item=en_QG_5f9d553fb88ddf2f -> '{"judge_model": "MiniMax-M3", "scores": '
extract 526/3797 item=en_QG_de1694eef3894dac -> '{"judge_model": "MiniMax-M3", "scores": '
extract 527/3797 item=en_QG_55572d0b592a75d6 -> '{"judge_model": "MiniMax-M3", "scores": '
extract 528/3797 item=en_QG_eade03535d2bc5cc -> '{"judge_model": "MiniMax-M3", "scores": '
extract 529/3797 item=en_QG_5c874a03c9c28235 -> '{"judge_model": "MiniMax-M3", "scores": '
extract 530/3797 item=en_QG_c7f30f6d4f9d6bcd -> '{"judge_model": "MiniMax-M3", "scores": '
extract 531/3797 item=en_QG_376abbb6dc707451 -> '{"judge_model": "MiniMax-M3", "scores": '
extract 532/3797 item=en_QG_1f0e3966072174c0 -> '{"judge_model": "MiniMax-M3", "scores": '
extract 533/3797 item=en_QG_d24a67f65a4c5988 -> '{"judge_model": "MiniMax-M3", "scores": '
extract 534/3797 item=en_QG_3b61732b6bda616b -> '{"judge_model": "MiniMax-M3", "scores": '
extract 535/3797 item=en_QG_fb769d68fb90f1ea -> '{"judge_model": "MiniMax-M3", "scores": '
extract 536/3797 item=en_QG_a6996eb71a52d7e7 -> '{"judge_model": "MiniMax-M3", "scores": '
extract 537/3797 item=en_QG_1136571e648d79c0 -> '{"judge_model": "MiniMax-M3", "scores": '
extract 538/3797 item=en_QG_c5c4103629970b56 -> '{"judge_model": "MiniMax-M3", "scores": '
extract 539/3797 item=en_QG_f52f9d8f65b01a66 -> '{"judge_model": "MiniMax-M3", "scores": '
extract 540/3797 item=en_QG_10085376c89b4ede -> '{"judge_model": "MiniMax-M3", "scores": '
extract 541/3797 item=en_QG_a6b8685835774e2f -> '{"judge_model": "MiniMax-M3", "scores": '
extract 542/3797 item=en_QG_c027522aeacb160f -> '{"judge_model": "MiniMax-M3", "scores": '
extract 543/3797 item=en_QG_04c0fdab12c3f208 -> '{"judge_model": "MiniMax-M3", "scores": '
extract 544/3797 item=en_QG_55a307607c6e2b95 -> '{"judge_model": "MiniMax-M3", "scores": '
extract 545/3797 item=en_QG_9c3632be6c5fc387 -> '{"judge_model": "MiniMax-M3", "scores": '
extract 546/3797 item=en_QG_38c512e81dc5d38d -> '{"judge_model": "MiniMax-M3", "scores": '
extract 547/3797 item=en_QG_e38a69f209ecc384 -> '{"judge_model": "MiniMax-M3", "scores": '
extract 548/3797 item=en_QG_aff7f9b4f9acf710 -> '{"judge_model": "MiniMax-M3", "scores": '
extract 549/3797 item=en_QG_8c53563a1a477227 -> '{"judge_model": "MiniMax-M3", "scores": '
extract 550/3797 item=en_QG_842f9fcaec544030 -> '{"judge_model": "MiniMax-M3", "scores": '
extract 551/3797 item=en_QG_98ca3677386a6d8c -> '{"judge_model": "MiniMax-M3", "scores": '
extract 552/3797 item=en_QG_d6d779d627220101 -> '{"judge_model": "MiniMax-M3", "scores": '
extract 553/3797 item=en_QG_0f9b5fbb1aa05bc2 -> '{"judge_model": "MiniMax-M3", "scores": '
extract 554/3797 item=en_QG_bc4182a327f5e47d -> '{"judge_model": "MiniMax-M3", "scores": '
extract 555/3797 item=en_QG_a10c2384bab623da -> '{"judge_model": "MiniMax-M3", "scores": '
extract 556/3797 item=en_QG_d36365e56cc24d1a -> '{"judge_model": "MiniMax-M3", "scores": '
extract 557/3797 item=en_QG_0150f46df93834db -> '{"judge_model": "MiniMax-M3", "scores": '
extract 558/3797 item=en_QG_b09433adfec1d7fe -> '{"judge_model": "MiniMax-M3", "scores": '
extract 559/3797 item=en_QG_20299dfcd24d9ab4 -> '{"judge_model": "MiniMax-M3", "scores": '
extract 560/3797 item=en_QG_dbbbd10adf88b2e7 -> '{"judge_model": "MiniMax-M3", "scores": '
extract 561/3797 item=en_QG_f1e5bbe1df55cfab -> '{"judge_model": "MiniMax-M3", "scores": '
extract 562/3797 item=en_QG_eb9b28a884b6de84 -> '{"judge_model": "MiniMax-M3", "scores": '
extract 563/3797 item=en_QG_a62b0fe7f05793aa -> '{"judge_model": "MiniMax-M3", "scores": '
extract 564/3797 item=en_QG_2fa0a674a81c75e7 -> '{"judge_model": "MiniMax-M3", "scores": '
extract 565/3797 item=en_QG_5da1ec67d2158604 -> '{"judge_model": "MiniMax-M3", "scores": '
extract 566/3797 item=en_QG_a9d8fb9f19898ef9 -> '{"judge_model": "MiniMax-M3", "scores": '
extract 567/3797 item=en_QG_57de1c56875bfc55 -> '{"judge_model": "MiniMax-M3", "scores": '
extract 568/3797 item=en_QG_db13ab12af6d457b -> '{"judge_model": "MiniMax-M3", "scores": '
extract 569/3797 item=en_QG_669dd14ba2706fa9 -> '{"judge_model": "MiniMax-M3", "scores": '
extract 570/3797 item=en_QG_4248977294a5d7be -> '{"judge_model": "MiniMax-M3", "scores": '
extract 571/3797 item=en_QG_375cc29f30c81a49 -> '{"judge_model": "MiniMax-M3", "scores": '
extract 572/3797 item=en_QG_6816dcdd5bcc98f9 -> '{"judge_model": "MiniMax-M3", "scores": '
extract 573/3797 item=en_QG_8acfa414bade9ef5 -> '{"judge_model": "MiniMax-M3", "scores": '
extract 574/3797 item=en_QG_5e6c34878b3b0704 -> '{"judge_model": "MiniMax-M3", "scores": '
extract 575/3797 item=en_QG_a593c3bae708ef8d -> '{"judge_model": "MiniMax-M3", "scores": '
extract 576/3797 item=en_QG_81cb243248dfc627 -> '{"judge_model": "MiniMax-M3", "scores": '
extract 577/3797 item=en_QG_2ed09a4584afaf7d -> '{"judge_model": "MiniMax-M3", "scores": '
extract 578/3797 item=en_QG_d89bb60f5967bf23 -> '{"judge_model": "MiniMax-M3", "scores": '
extract 579/3797 item=en_QG_c5e98ed506338c2b -> '{"judge_model": "MiniMax-M3", "scores": '
extract 580/3797 item=en_QG_77878d1054c00f25 -> '{"judge_model": "MiniMax-M3", "scores": '
extract 581/3797 item=en_QG_2324fa3fce2483e9 -> '{"judge_model": "MiniMax-M3", "scores": '
extract 582/3797 item=en_QG_a29c20e89eaf4147 -> '{"judge_model": "MiniMax-M3", "scores": '
extract 583/3797 item=en_QG_9103a21d5a5c2ef4 -> '{"judge_model": "MiniMax-M3", "scores": '
extract 584/3797 item=en_QG_d7e5293942c514af -> '{"judge_model": "MiniMax-M3", "scores": '
extract 585/3797 item=en_QG_e398533d50a1e0e7 -> '{"judge_model": "MiniMax-M3", "scores": '
extract 586/3797 item=en_QG_b78e513d1fbd158b -> '{"judge_model": "MiniMax-M3", "scores": '
extract 587/3797 item=en_QG_a8debc41e05394b0 -> '{"judge_model": "MiniMax-M3", "scores": '
extract 588/3797 item=en_QG_ddbe2523d73d6876 -> '{"judge_model": "MiniMax-M3", "scores": '
extract 589/3797 item=en_QG_e1b289a78e849653 -> '{"judge_model": "MiniMax-M3", "scores": '
extract 590/3797 item=en_QG_8189e2d68bfb1860 -> '{"judge_model": "MiniMax-M3", "scores": '
extract 591/3797 item=en_QG_cd3bdec9b7f3bb53 -> '{"judge_model": "MiniMax-M3", "scores": '
extract 592/3797 item=en_QG_b4b0bf417f9d28b9 -> '{"judge_model": "MiniMax-M3", "scores": '
extract 593/3797 item=en_QG_310d63e2ec696c50 -> '{"judge_model": "MiniMax-M3", "scores": '
extract 594/3797 item=en_QG_4a7afb33a33e2198 -> '{"judge_model": "MiniMax-M3", "scores": '
extract 595/3797 item=en_QG_0adef4efdb5e520b -> '{"judge_model": "MiniMax-M3", "scores": '
extract 596/3797 item=en_QG_a5e6553630f6e0a2 -> '{"judge_model": "MiniMax-M3", "scores": '
extract 597/3797 item=en_QG_a868c0dcbcf1cf8a -> '{"judge_model": "MiniMax-M3", "scores": '
extract 598/3797 item=en_QG_90ee40fcf64cf284 -> '{"judge_model": "MiniMax-M3", "scores": '
extract 599/3797 item=en_QG_0b3c93f2e235cbe7 -> '{"judge_model": "MiniMax-M3", "scores": '
extract 600/3797 item=en_QG_f31e78f2278ad0f2 -> '{"judge_model": "MiniMax-M3", "scores": '
extract 601/3797 item=en_QG_7495cb2d79aa3916 -> '{"judge_model": "MiniMax-M3", "scores": '
extract 602/3797 item=en_QG_95a34459c9494617 -> '{"judge_model": "MiniMax-M3", "scores": '
extract 603/3797 item=en_QG_87afb04001324fc7 -> '{"judge_model": "MiniMax-M3", "scores": '
extract 604/3797 item=en_QG_d1a489dba440084e -> '{"judge_model": "MiniMax-M3", "scores": '
extract 605/3797 item=en_QG_19a301a50bb99d79 -> '{"judge_model": "MiniMax-M3", "scores": '
extract 606/3797 item=en_QG_f3895b39bb693a5a -> '{"judge_model": "MiniMax-M3", "scores": '
extract 607/3797 item=en_QG_2ed01e43e975f326 -> '{"judge_model": "MiniMax-M3", "scores": '
extract 608/3797 item=en_QG_495ae94d49b207b3 -> '{"judge_model": "MiniMax-M3", "scores": '
extract 609/3797 item=en_QG_e86b7f1c8272a689 -> '{"judge_model": "MiniMax-M3", "scores": '
extract 610/3797 item=en_QG_e3e9ef633a460eab -> '{"judge_model": "MiniMax-M3", "scores": '
extract 611/3797 item=en_QG_53ce4d768076cd0f -> '{"judge_model": "MiniMax-M3", "scores": '
extract 612/3797 item=en_QG_fa56db44132cb6ed -> '{"judge_model": "MiniMax-M3", "scores": '
extract 613/3797 item=en_QG_103a2de4016ee2e8 -> '{"judge_model": "MiniMax-M3", "scores": '
extract 614/3797 item=en_QG_894f59788375eb9c -> '{"judge_model": "MiniMax-M3", "scores": '
extract 615/3797 item=en_QG_7c76bfd5868ac084 -> '{"judge_model": "MiniMax-M3", "scores": '
extract 616/3797 item=en_QG_acdc8286601a9d10 -> '{"judge_model": "MiniMax-M3", "scores": '
extract 617/3797 item=en_QG_ab2b5a086c56eb9e -> '{"judge_model": "MiniMax-M3", "scores": '
extract 618/3797 item=en_QG_48feb439c54c02cb -> '{"judge_model": "MiniMax-M3", "scores": '
extract 619/3797 item=en_QG_626c986f9ff247b6 -> '{"judge_model": "MiniMax-M3", "scores": '
extract 620/3797 item=en_QG_0c3fe18c1be61d0d -> '{"judge_model": "MiniMax-M3", "scores": '
extract 621/3797 item=en_QG_12050c58f1843f45 -> '{"judge_model": "MiniMax-M3", "scores": '
extract 622/3797 item=en_QG_2faac6c7033db46b -> '{"judge_model": "MiniMax-M3", "scores": '
extract 623/3797 item=en_QG_fa53c02eec058134 -> '{"judge_model": "MiniMax-M3", "scores": '
extract 624/3797 item=en_QG_959f87306f1f9f3c -> '{"judge_model": "MiniMax-M3", "scores": '
extract 625/3797 item=en_QG_501848fb1bf65a58 -> '{"judge_model": "MiniMax-M3", "scores": '
extract 626/3797 item=en_QG_55a478976ec8a3a4 -> '{"judge_model": "MiniMax-M3", "scores": '
extract 627/3797 item=en_QG_e42ed0a14ce551b7 -> '{"judge_model": "MiniMax-M3", "scores": '
extract 628/3797 item=en_QG_13487f8c166a46d1 -> '{"judge_model": "MiniMax-M3", "scores": '
extract 629/3797 item=en_QG_d8ddbddd7c7ebade -> '{"judge_model": "MiniMax-M3", "scores": '
extract 630/3797 item=en_QG_ba5af3d78988def3 -> '{"judge_model": "MiniMax-M3", "scores": '
extract 631/3797 item=en_QG_22686b6aa2f04f4b -> '{"judge_model": "MiniMax-M3", "scores": '
extract 632/3797 item=en_QG_b1ffc4462402a81d -> '{"judge_model": "MiniMax-M3", "scores": '
extract 633/3797 item=en_QG_2f9d4390ab743cbc -> '{"judge_model": "MiniMax-M3", "scores": '
extract 634/3797 item=en_QG_e032feba946af5ea -> '{"judge_model": "MiniMax-M3", "scores": '
extract 635/3797 item=en_QG_97ebb2f44cac5208 -> '{"judge_model": "MiniMax-M3", "scores": '
extract 636/3797 item=en_QG_8ea37d6e5062984d -> '{"judge_model": "MiniMax-M3", "scores": '
extract 637/3797 item=en_QG_328e84e6948e191a -> '{"judge_model": "MiniMax-M3", "scores": '
extract 638/3797 item=en_QG_50c113a85338faa5 -> '{"judge_model": "MiniMax-M3", "scores": '
extract 639/3797 item=en_QG_4c4f30507128bf5e -> '{"judge_model": "MiniMax-M3", "scores": '
extract 640/3797 item=en_QG_77e988d6a5f93e9c -> '{"judge_model": "MiniMax-M3", "scores": '
extract 641/3797 item=en_QG_1f18e914c03c2bf6 -> '{"judge_model": "MiniMax-M3", "scores": '
extract 642/3797 item=en_QG_4a71af3c1e62412f -> '{"judge_model": "MiniMax-M3", "scores": '
extract 643/3797 item=en_QG_cecb7568ad44dc2d -> '{"judge_model": "MiniMax-M3", "scores": '
extract 644/3797 item=en_QG_0d3dff16f175dc12 -> '{"judge_model": "MiniMax-M3", "scores": '
extract 645/3797 item=en_QG_d873c740ced04b92 -> '{"judge_model": "MiniMax-M3", "scores": '
extract 646/3797 item=en_QG_1235307679cfdbf3 -> '{"judge_model": "MiniMax-M3", "scores": '
extract 647/3797 item=en_QG_c8aced9a886ee664 -> '{"judge_model": "MiniMax-M3", "scores": '
extract 648/3797 item=en_QG_2a062e83dc9cf731 -> '{"judge_model": "MiniMax-M3", "scores": '
extract 649/3797 item=en_QG_0aec0c9ca2278954 -> '{"judge_model": "MiniMax-M3", "scores": '
extract 650/3797 item=en_QG_ed7786702f475384 -> '{"judge_model": "MiniMax-M3", "scores": '
extract 651/3797 item=en_QG_201f66b940dfc890 -> '{"judge_model": "MiniMax-M3", "scores": '
extract 652/3797 item=en_QG_388188efb722bda4 -> '{"judge_model": "MiniMax-M3", "scores": '
extract 653/3797 item=en_QG_9f7e2c325a8db603 -> '{"judge_model": "MiniMax-M3", "scores": '
extract 654/3797 item=en_QG_dcc465fb7cfac8b5 -> '{"judge_model": "MiniMax-M3", "scores": '
extract 655/3797 item=en_QG_8899b6bc57f93548 -> '{"judge_model": "MiniMax-M3", "scores": '
extract 656/3797 item=en_QG_cdd807e68205a626 -> '{"judge_model": "MiniMax-M3", "scores": '
extract 657/3797 item=en_QG_1d2c00085fa6360f -> '{"judge_model": "MiniMax-M3", "scores": '
extract 658/3797 item=en_QG_a03f33bc3f7d0fb6 -> '{"judge_model": "MiniMax-M3", "scores": '
extract 659/3797 item=en_QG_d0a41cb862deae2f -> '{"judge_model": "MiniMax-M3", "scores": '
extract 660/3797 item=en_QG_bf097f0308309e08 -> '{"judge_model": "MiniMax-M3", "scores": '
extract 661/3797 item=en_QG_f591c9461516e138 -> '{"judge_model": "MiniMax-M3", "scores": '
extract 662/3797 item=en_QG_51e478f80388fe2d -> '{"judge_model": "MiniMax-M3", "scores": '
extract 663/3797 item=en_QG_9479b222c83457b5 -> '{"judge_model": "MiniMax-M3", "scores": '
extract 664/3797 item=en_QG_45a96fef95a5d8b0 -> '{"judge_model": "MiniMax-M3", "scores": '
extract 665/3797 item=en_QG_a12a2668f952c012 -> '{"judge_model": "MiniMax-M3", "scores": '
extract 666/3797 item=en_QG_dcc09fd61176573a -> '{"judge_model": "MiniMax-M3", "scores": '
extract 667/3797 item=en_QG_1098523687fd50b5 -> '{"judge_model": "MiniMax-M3", "scores": '
extract 668/3797 item=en_QG_5fb50a514c9cc106 -> '{"judge_model": "MiniMax-M3", "scores": '
extract 669/3797 item=en_QG_82a8452ad2457c8a -> '{"judge_model": "MiniMax-M3", "scores": '
extract 670/3797 item=en_QG_f3e4f027d7aba95f -> '{"judge_model": "MiniMax-M3", "scores": '
extract 671/3797 item=en_QG_4c6945ed1b27dcf8 -> '{"judge_model": "MiniMax-M3", "scores": '
extract 672/3797 item=en_QG_ee0670b45a36deb1 -> '{"judge_model": "MiniMax-M3", "scores": '
extract 673/3797 item=en_QG_f4a6e8ed9faead4d -> '{"judge_model": "MiniMax-M3", "scores": '
extract 674/3797 item=en_QG_f8aa6e220e2dfa3e -> '{"judge_model": "MiniMax-M3", "scores": '
extract 675/3797 item=en_QG_dfc00557a74f8887 -> '{"judge_model": "MiniMax-M3", "scores": '
extract 676/3797 item=en_QG_6113df5a457fd822 -> '{"judge_model": "MiniMax-M3", "scores": '
extract 677/3797 item=en_QG_b74f6b5344854300 -> '{"judge_model": "MiniMax-M3", "scores": '
extract 678/3797 item=en_QG_da00b0fb3fc4b781 -> '{"judge_model": "MiniMax-M3", "scores": '
extract 679/3797 item=en_QG_c7daeaff58fb3b8f -> '{"judge_model": "MiniMax-M3", "scores": '
extract 680/3797 item=en_QG_16aab36d8768ff1b -> '{"judge_model": "MiniMax-M3", "scores": '
extract 681/3797 item=en_QG_f002d44d00a75d08 -> '{"judge_model": "MiniMax-M3", "scores": '
extract 682/3797 item=en_QG_98066775e87f9544 -> '{"judge_model": "MiniMax-M3", "scores": '
extract 683/3797 item=en_QG_8652a4f41a6b542f -> '{"judge_model": "MiniMax-M3", "scores": '
extract 684/3797 item=en_QG_0978c91c93944f21 -> '{"judge_model": "MiniMax-M3", "scores": '
extract 685/3797 item=en_QG_c93c05e1586cbbe1 -> '{"judge_model": "MiniMax-M3", "scores": '
extract 686/3797 item=en_QG_ca52ce4e85b746f4 -> '{"judge_model": "MiniMax-M3", "scores": '
extract 687/3797 item=en_QG_1c1d71b7b1e1d07a -> '{"judge_model": "MiniMax-M3", "scores": '
extract 688/3797 item=en_QG_0c83d839249fabaa -> '{"judge_model": "MiniMax-M3", "scores": '
extract 689/3797 item=en_QG_8dd05c243291ada8 -> '{"judge_model": "MiniMax-M3", "scores": '
extract 690/3797 item=en_QG_f786142928c57a63 -> '{"judge_model": "MiniMax-M3", "scores": '
extract 691/3797 item=en_QG_596ab52a32b63d9b -> '{"judge_model": "MiniMax-M3", "scores": '
extract 692/3797 item=en_QG_c86f7964a19bc85b -> '{"judge_model": "MiniMax-M3", "scores": '
extract 693/3797 item=en_QG_db3f78c9a100c2c6 -> '{"judge_model": "MiniMax-M3", "scores": '
extract 694/3797 item=en_QG_c6666c8e5d0a6232 -> '{"judge_model": "MiniMax-M3", "scores": '
extract 695/3797 item=en_QG_79c186b80987b2b8 -> '{"judge_model": "MiniMax-M3", "scores": '
extract 696/3797 item=en_QG_ce6b2ba79a816e69 -> '{"judge_model": "MiniMax-M3", "scores": '
extract 697/3797 item=en_QG_c7526a23547b50eb -> '{"judge_model": "MiniMax-M3", "scores": '
extract 698/3797 item=en_QG_1ae8f2a8d238e5f5 -> '{"judge_model": "MiniMax-M3", "scores": '
extract 699/3797 item=en_QG_a6b325337879cab3 -> '{"judge_model": "MiniMax-M3", "scores": '
extract 700/3797 item=en_QG_57ce779f98a98e50 -> '{"judge_model": "MiniMax-M3", "scores": '
extract 701/3797 item=en_QG_b776f3966e46bde1 -> '{"judge_model": "MiniMax-M3", "scores": '
extract 702/3797 item=en_QG_699fed744d0f0e43 -> '{"judge_model": "MiniMax-M3", "scores": '
extract 703/3797 item=en_QG_e6aa73a5b477d15e -> '{"judge_model": "MiniMax-M3", "scores": '
extract 704/3797 item=en_QG_d73dd6f32a82b678 -> '{"judge_model": "MiniMax-M3", "scores": '
extract 705/3797 item=en_QG_f1ec5cdb38fa6bcb -> '{"judge_model": "MiniMax-M3", "scores": '
extract 706/3797 item=en_QG_cc6faed2eeba3303 -> '{"judge_model": "MiniMax-M3", "scores": '
extract 707/3797 item=en_QG_29991a677d04a64f -> '{"judge_model": "MiniMax-M3", "scores": '
extract 708/3797 item=en_QG_3c56a3c9576f10e5 -> '{"judge_model": "MiniMax-M3", "scores": '
extract 709/3797 item=en_QG_0bd67487e433bf40 -> '{"judge_model": "MiniMax-M3", "scores": '
extract 710/3797 item=en_QG_3e443920f7f62fa5 -> '{"judge_model": "MiniMax-M3", "scores": '
extract 711/3797 item=en_QG_bb8195aefe2429f1 -> '{"judge_model": "MiniMax-M3", "scores": '
extract 712/3797 item=en_QG_5d8137128144fe91 -> '{"judge_model": "MiniMax-M3", "scores": '
extract 713/3797 item=en_QG_e835c820ffe36123 -> '{"judge_model": "MiniMax-M3", "scores": '
extract 714/3797 item=en_QG_78b425c689935a81 -> '{"judge_model": "MiniMax-M3", "scores": '
extract 715/3797 item=en_QG_b9fe3b5c5909050c -> '{"judge_model": "MiniMax-M3", "scores": '
extract 716/3797 item=en_QG_2d4af25cb09a57b5 -> '{"judge_model": "MiniMax-M3", "scores": '
extract 717/3797 item=en_QG_b6db894780555b5e -> '{"judge_model": "MiniMax-M3", "scores": '
extract 718/3797 item=en_QG_00abffd638b70dd6 -> '{"judge_model": "MiniMax-M3", "scores": '
extract 719/3797 item=en_QG_266289382c5c700f -> '{"judge_model": "MiniMax-M3", "scores": '
extract 720/3797 item=en_QG_597e202b051152ee -> '{"judge_model": "MiniMax-M3", "scores": '
extract 721/3797 item=en_QG_c9730233d9aaf5ab -> '{"judge_model": "MiniMax-M3", "scores": '
extract 722/3797 item=en_QG_6c2e413110654e74 -> '{"judge_model": "MiniMax-M3", "scores": '
extract 723/3797 item=en_QG_a8b3755083b33b07 -> '{"judge_model": "MiniMax-M3", "scores": '
extract 724/3797 item=en_QG_8bd906c43f211adc -> '{"judge_model": "MiniMax-M3", "scores": '
extract 725/3797 item=en_QG_09b1e5f9312fede4 -> '{"judge_model": "MiniMax-M3", "scores": '
extract 726/3797 item=en_QG_c6c78f7cd2b38799 -> '{"judge_model": "MiniMax-M3", "scores": '
extract 727/3797 item=en_QG_4a43608bb4100632 -> '{"judge_model": "MiniMax-M3", "scores": '
extract 728/3797 item=en_QG_b7b33649e024403b -> '{"judge_model": "MiniMax-M3", "scores": '
extract 729/3797 item=en_QG_46fe2b7facd1a164 -> '{"judge_model": "MiniMax-M3", "scores": '
extract 730/3797 item=en_QG_54a3a39652bc362d -> '{"judge_model": "MiniMax-M3", "scores": '
extract 731/3797 item=en_QG_b969a8e83500a078 -> '{"judge_model": "MiniMax-M3", "scores": '
extract 732/3797 item=en_QG_641153d0855dda45 -> '{"judge_model": "MiniMax-M3", "scores": '
extract 733/3797 item=en_QG_19bd4c6d2548cc15 -> '{"judge_model": "MiniMax-M3", "scores": '
extract 734/3797 item=en_QG_75c17f0a77d8e370 -> '{"judge_model": "MiniMax-M3", "scores": '
extract 735/3797 item=en_QG_0371967b3f7735d7 -> '{"judge_model": "MiniMax-M3", "scores": '
extract 736/3797 item=en_QG_692e85b19b99c7c6 -> '{"judge_model": "MiniMax-M3", "scores": '
extract 737/3797 item=en_QG_551e9e775bd90d7d -> '{"judge_model": "MiniMax-M3", "scores": '
extract 738/3797 item=en_QG_aee1dfdc2111bf97 -> '{"judge_model": "MiniMax-M3", "scores": '
extract 739/3797 item=en_QG_ac128c521f59dbf4 -> '{"judge_model": "MiniMax-M3", "scores": '
extract 740/3797 item=en_QG_15b6f138a4c2b211 -> '{"judge_model": "MiniMax-M3", "scores": '
extract 741/3797 item=en_QG_10e935680b23280b -> '{"judge_model": "MiniMax-M3", "scores": '
extract 742/3797 item=en_QG_a224a5774de0c06f -> '{"judge_model": "MiniMax-M3", "scores": '
extract 743/3797 item=en_QG_59ad0365d8212537 -> '{"judge_model": "MiniMax-M3", "scores": '
extract 744/3797 item=en_QG_5c924ddc00366041 -> '{"judge_model": "MiniMax-M3", "scores": '
extract 745/3797 item=en_QG_e53905509990873a -> '{"judge_model": "MiniMax-M3", "scores": '
extract 746/3797 item=en_QG_4eb5353bf66bff48 -> '{"judge_model": "MiniMax-M3", "scores": '
extract 747/3797 item=en_QG_855742b5de4c1a32 -> '{"judge_model": "MiniMax-M3", "scores": '
extract 748/3797 item=en_QG_56c2d96fa13a4226 -> '{"judge_model": "MiniMax-M3", "scores": '
extract 749/3797 item=en_QG_0822e684ac894263 -> '{"judge_model": "MiniMax-M3", "scores": '
extract 750/3797 item=en_QG_c88d07a5f452e6a6 -> '{"judge_model": "MiniMax-M3", "scores": '
extract 751/3797 item=en_QG_15ec65f0ce6bed02 -> '{"judge_model": "MiniMax-M3", "scores": '
extract 752/3797 item=en_QG_bcaeb59583cf0bbb -> '{"judge_model": "MiniMax-M3", "scores": '
extract 753/3797 item=en_QG_e5b4d5617d256d70 -> '{"judge_model": "MiniMax-M3", "scores": '
extract 754/3797 item=en_QG_f08d4a375c08b9a9 -> '{"judge_model": "MiniMax-M3", "scores": '
extract 755/3797 item=en_QG_58782cc0e431dbc0 -> '{"judge_model": "MiniMax-M3", "scores": '
extract 756/3797 item=en_QG_77eb75144bae8046 -> '{"judge_model": "MiniMax-M3", "scores": '
extract 757/3797 item=en_QG_2f1211f0df2d796a -> '{"judge_model": "MiniMax-M3", "scores": '
extract 758/3797 item=en_QG_076d04e5af3bf474 -> '{"judge_model": "MiniMax-M3", "scores": '
extract 759/3797 item=en_QG_20d88bf6f1589320 -> '{"judge_model": "MiniMax-M3", "scores": '
extract 760/3797 item=en_QG_a1800f1e481ebf73 -> '{"judge_model": "MiniMax-M3", "scores": '
extract 761/3797 item=en_QG_a1d0e3719bb2fce7 -> '{"judge_model": "MiniMax-M3", "scores": '
extract 762/3797 item=en_QG_9a506029c18c15c5 -> '{"judge_model": "MiniMax-M3", "scores": '
extract 763/3797 item=en_QG_14f76b1da8925ebe -> '{"judge_model": "MiniMax-M3", "scores": '
extract 764/3797 item=en_QG_fa9699bc6fac3fea -> '{"judge_model": "MiniMax-M3", "scores": '
extract 765/3797 item=en_QG_9e5062f818902f5c -> '{"judge_model": "MiniMax-M3", "scores": '
extract 766/3797 item=en_QG_2a011bf8494ba1ed -> '{"judge_model": "MiniMax-M3", "scores": '
extract 767/3797 item=en_QG_53c3ce14ecd67c77 -> '{"judge_model": "MiniMax-M3", "scores": '
extract 768/3797 item=en_QG_3f77dd5eec4dd5e6 -> '{"judge_model": "MiniMax-M3", "scores": '
extract 769/3797 item=en_QG_32344e263cd047b7 -> '{"judge_model": "MiniMax-M3", "scores": '
extract 770/3797 item=en_QG_9700ca5d64743231 -> '{"judge_model": "MiniMax-M3", "scores": '
extract 771/3797 item=en_QG_a59aee781192a82b -> '{"judge_model": "MiniMax-M3", "scores": '
extract 772/3797 item=en_QG_7d513e546063a200 -> '{"judge_model": "MiniMax-M3", "scores": '
extract 773/3797 item=en_QG_e1b2e53304638784 -> '{"judge_model": "MiniMax-M3", "scores": '
extract 774/3797 item=en_QG_987320f83b9bf68b -> '{"judge_model": "MiniMax-M3", "scores": '
extract 775/3797 item=en_QG_9f7bc40965e7433d -> '{"judge_model": "MiniMax-M3", "scores": '
extract 776/3797 item=en_QG_7bec5722a37ee232 -> '{"judge_model": "MiniMax-M3", "scores": '
extract 777/3797 item=en_QG_cea6fb8b52b6baab -> '{"judge_model": "MiniMax-M3", "scores": '
extract 778/3797 item=en_QG_916435cd58f41b53 -> '{"judge_model": "MiniMax-M3", "scores": '
extract 779/3797 item=en_QG_c7ed6c770317f53b -> '{"judge_model": "MiniMax-M3", "scores": '
extract 780/3797 item=en_QG_81a1d09142a7a0b0 -> '{"judge_model": "MiniMax-M3", "scores": '
extract 781/3797 item=en_QG_2a4bf0a0a17a6221 -> '{"judge_model": "MiniMax-M3", "scores": '
extract 782/3797 item=en_QG_be346761e2dc3ada -> '{"judge_model": "MiniMax-M3", "scores": '
extract 783/3797 item=en_QG_1ec232f439698abc -> '{"judge_model": "MiniMax-M3", "scores": '
extract 784/3797 item=en_QG_15fe3678d236803e -> '{"judge_model": "MiniMax-M3", "scores": '
extract 785/3797 item=en_QG_3e807a7891fd0b11 -> '{"judge_model": "MiniMax-M3", "scores": '
extract 786/3797 item=en_QG_0f525ccb61f0e74b -> '{"judge_model": "MiniMax-M3", "scores": '
extract 787/3797 item=en_QG_64caa0b46ea442d4 -> '{"judge_model": "MiniMax-M3", "scores": '
extract 788/3797 item=en_QG_33c407f767aaeb56 -> '{"judge_model": "MiniMax-M3", "scores": '
extract 789/3797 item=en_QG_65e04e00602165f1 -> '{"judge_model": "MiniMax-M3", "scores": '
extract 790/3797 item=en_QG_815d64ce631a1395 -> '{"judge_model": "MiniMax-M3", "scores": '
extract 791/3797 item=en_QG_fa2ee81d579f449f -> '{"judge_model": "MiniMax-M3", "scores": '
extract 792/3797 item=en_QG_0175cc71c5619fee -> '{"judge_model": "MiniMax-M3", "scores": '
extract 793/3797 item=en_QG_d6f5ef999dc9e892 -> '{"judge_model": "MiniMax-M3", "scores": '
extract 794/3797 item=en_QG_b09fd25f4ba90d65 -> '{"judge_model": "MiniMax-M3", "scores": '
extract 795/3797 item=en_QG_bb90321e403739d4 -> '{"judge_model": "MiniMax-M3", "scores": '
extract 796/3797 item=en_QG_45fbe818a56069c7 -> '{"judge_model": "MiniMax-M3", "scores": '
extract 797/3797 item=en_QG_e1652969fd2d6ad0 -> '{"judge_model": "MiniMax-M3", "scores": '
extract 798/3797 item=en_QG_39f7f4bd6d67a20d -> '{"judge_model": "MiniMax-M3", "scores": '
extract 799/3797 item=en_QG_d8228e49c4445a3a -> '{"judge_model": "MiniMax-M3", "scores": '
extract 800/3797 item=en_QG_89f19eccf3d71d14 -> '{"judge_model": "MiniMax-M3", "scores": '
extract 801/3797 item=en_QG_e45ea93c260621b8 -> '{"judge_model": "MiniMax-M3", "scores": '
extract 802/3797 item=en_QG_7bc596594d5aa187 -> '{"judge_model": "MiniMax-M3", "scores": '
extract 803/3797 item=en_QG_1043d189233aaf96 -> '{"judge_model": "MiniMax-M3", "scores": '
extract 804/3797 item=en_QG_cded6247497eaa4e -> '{"judge_model": "MiniMax-M3", "scores": '
extract 805/3797 item=en_QG_961739e376658131 -> '{"judge_model": "MiniMax-M3", "scores": '
extract 806/3797 item=en_QG_c276bc8faea5d1d7 -> '{"judge_model": "MiniMax-M3", "scores": '
extract 807/3797 item=en_QG_26510a21de295126 -> '{"judge_model": "MiniMax-M3", "scores": '
extract 808/3797 item=en_QG_08ca25d4f44aede9 -> '{"judge_model": "MiniMax-M3", "scores": '
extract 809/3797 item=en_QG_c9ef5b9aec128ecd -> '{"judge_model": "MiniMax-M3", "scores": '
extract 810/3797 item=en_QG_36541173e5cd5f5b -> '{"judge_model": "MiniMax-M3", "scores": '
extract 811/3797 item=en_QG_7f37308bc9b45695 -> '{"judge_model": "MiniMax-M3", "scores": '
extract 812/3797 item=en_QG_08f645f8ea368b07 -> '{"judge_model": "MiniMax-M3", "scores": '
extract 813/3797 item=en_QG_2ef71956e9e21a5d -> '{"judge_model": "MiniMax-M3", "scores": '
extract 814/3797 item=en_QG_eb08918e49552dfd -> '{"judge_model": "MiniMax-M3", "scores": '
extract 815/3797 item=en_QG_6500bb446d472139 -> '{"judge_model": "MiniMax-M3", "scores": '
extract 816/3797 item=en_QG_d6f150da47b546fe -> '{"judge_model": "MiniMax-M3", "scores": '
extract 817/3797 item=en_QG_f7553f81dfa45a08 -> '{"judge_model": "MiniMax-M3", "scores": '
extract 818/3797 item=en_QG_fc7019db336852ae -> '{"judge_model": "MiniMax-M3", "scores": '
extract 819/3797 item=en_QG_6e056e3f996418a7 -> '{"judge_model": "MiniMax-M3", "scores": '
extract 820/3797 item=en_QG_8f1e231e070d294b -> '{"judge_model": "MiniMax-M3", "scores": '
extract 821/3797 item=en_QG_9ee8ec23258edfd1 -> '{"judge_model": "MiniMax-M3", "scores": '
extract 822/3797 item=en_QG_4f70cb34f2529a5a -> '{"judge_model": "MiniMax-M3", "scores": '
extract 823/3797 item=en_QG_bcf888e072b2d73f -> '{"judge_model": "MiniMax-M3", "scores": '
extract 824/3797 item=en_QG_d77424f15e2df863 -> '{"judge_model": "MiniMax-M3", "scores": '
extract 825/3797 item=en_QG_aa2769253264379e -> '{"judge_model": "MiniMax-M3", "scores": '
extract 826/3797 item=en_QG_20c76ce6579c0d46 -> '{"judge_model": "MiniMax-M3", "scores": '
extract 827/3797 item=en_QG_86529e7a479289a5 -> '{"judge_model": "MiniMax-M3", "scores": '
extract 828/3797 item=en_QG_5951643dc338f554 -> '{"judge_model": "MiniMax-M3", "scores": '
extract 829/3797 item=en_QG_750f81950d661739 -> '{"judge_model": "MiniMax-M3", "scores": '
extract 830/3797 item=en_QG_653e9f25fb75c942 -> '{"judge_model": "MiniMax-M3", "scores": '
extract 831/3797 item=en_QG_9152511ccd08cca8 -> '{"judge_model": "MiniMax-M3", "scores": '
extract 832/3797 item=en_QG_7439729ce4eb97a1 -> '{"judge_model": "MiniMax-M3", "scores": '
extract 833/3797 item=en_QG_6d00bf21e5982833 -> '{"judge_model": "MiniMax-M3", "scores": '
extract 834/3797 item=en_QG_aabd55d4645082a6 -> '{"judge_model": "MiniMax-M3", "scores": '
extract 835/3797 item=en_QG_e64d93da025039d7 -> '{"judge_model": "MiniMax-M3", "scores": '
extract 836/3797 item=en_QG_8962f2cbde31eba6 -> '{"judge_model": "MiniMax-M3", "scores": '
extract 837/3797 item=en_QG_5f10ec5fad93e244 -> '{"judge_model": "MiniMax-M3", "scores": '
extract 838/3797 item=en_QG_fb6c17b9a7cd60cb -> '{"judge_model": "MiniMax-M3", "scores": '
extract 839/3797 item=en_QG_2ff284e8e07ffd4b -> '{"judge_model": "MiniMax-M3", "scores": '
extract 840/3797 item=en_QG_c53c0421c7c0cedd -> '{"judge_model": "MiniMax-M3", "scores": '
extract 841/3797 item=en_QG_907414f4ff50d0a4 -> '{"judge_model": "MiniMax-M3", "scores": '
extract 842/3797 item=en_QG_20c1075ac61b7f03 -> '{"judge_model": "MiniMax-M3", "scores": '
extract 843/3797 item=en_QG_6ddf144e9c4f7d7f -> '{"judge_model": "MiniMax-M3", "scores": '
extract 844/3797 item=en_QG_dde673bf64776ac2 -> '{"judge_model": "MiniMax-M3", "scores": '
extract 845/3797 item=en_QG_9aa6fea514e1cfb2 -> '{"judge_model": "MiniMax-M3", "scores": '
extract 846/3797 item=en_QG_d56197a31e391ef6 -> '{"judge_model": "MiniMax-M3", "scores": '
extract 847/3797 item=en_QG_f5173a2e4842b406 -> '{"judge_model": "MiniMax-M3", "scores": '
extract 848/3797 item=en_QG_b977bcd39b25fbe7 -> '{"judge_model": "MiniMax-M3", "scores": '
extract 849/3797 item=en_QG_36239fac1b656499 -> '{"judge_model": "MiniMax-M3", "scores": '
extract 850/3797 item=en_QG_70ead2871084a6ff -> '{"judge_model": "MiniMax-M3", "scores": '
extract 851/3797 item=en_QG_4e2fbdba97abe4d6 -> '{"judge_model": "MiniMax-M3", "scores": '
extract 852/3797 item=en_QG_10497f50880dca96 -> '{"judge_model": "MiniMax-M3", "scores": '
extract 853/3797 item=en_QG_fd3db1484716401d -> '{"judge_model": "MiniMax-M3", "scores": '
extract 854/3797 item=en_QG_b02cee2bfbee0ae3 -> '{"judge_model": "MiniMax-M3", "scores": '
extract 855/3797 item=en_QG_b0e7dce75085dfdf -> '{"judge_model": "MiniMax-M3", "scores": '
extract 856/3797 item=en_QG_9703309e86f26fd4 -> '{"judge_model": "MiniMax-M3", "scores": '
extract 857/3797 item=en_QG_51b7b617f9efe832 -> '{"judge_model": "MiniMax-M3", "scores": '
extract 858/3797 item=en_QG_29da44460a9acf9e -> '{"judge_model": "MiniMax-M3", "scores": '
extract 859/3797 item=en_QG_581dbcbd4d305820 -> '{"judge_model": "MiniMax-M3", "scores": '
extract 860/3797 item=en_QG_576e19a8c211ede5 -> '{"judge_model": "MiniMax-M3", "scores": '
extract 861/3797 item=en_QG_54cf05c3966184d3 -> '{"judge_model": "MiniMax-M3", "scores": '
extract 862/3797 item=en_QG_164e30615e379c36 -> '{"judge_model": "MiniMax-M3", "scores": '
extract 863/3797 item=en_QG_32a03a033b05ffbd -> '{"judge_model": "MiniMax-M3", "scores": '
extract 864/3797 item=en_QG_cd2bd6755feb13e4 -> '{"judge_model": "MiniMax-M3", "scores": '
extract 865/3797 item=en_QG_6ecee80a7f19f56c -> '{"judge_model": "MiniMax-M3", "scores": '
extract 866/3797 item=en_QG_58fd3cbfbc1aa456 -> '{"judge_model": "MiniMax-M3", "scores": '
extract 867/3797 item=en_QG_c72f1cf77614d5ea -> '{"judge_model": "MiniMax-M3", "scores": '
extract 868/3797 item=en_QG_f199d1fe0496d961 -> '{"judge_model": "MiniMax-M3", "scores": '
extract 869/3797 item=en_QG_8ebcc725fcbe3c8d -> '{"judge_model": "MiniMax-M3", "scores": '
extract 870/3797 item=en_QG_48c00b4546f9753e -> '{"judge_model": "MiniMax-M3", "scores": '
extract 871/3797 item=en_QG_1f13bd36b58400fb -> '{"judge_model": "MiniMax-M3", "scores": '
extract 872/3797 item=en_QG_ff0a5a1cf077d53e -> '{"judge_model": "MiniMax-M3", "scores": '
extract 873/3797 item=en_QG_e0607e3b3732811a -> '{"judge_model": "MiniMax-M3", "scores": '
extract 874/3797 item=en_QG_598c37e6840adc7e -> '{"judge_model": "MiniMax-M3", "scores": '
extract 875/3797 item=en_QG_83bcf6053d3952cc -> '{"judge_model": "MiniMax-M3", "scores": '
extract 876/3797 item=en_QG_26f1b2ec88e3f7a5 -> '{"judge_model": "MiniMax-M3", "scores": '
extract 877/3797 item=en_QG_5d99679f5e2d96dc -> '{"judge_model": "MiniMax-M3", "scores": '
extract 878/3797 item=en_QG_64969fd1c6d87d64 -> '{"judge_model": "MiniMax-M3", "scores": '
extract 879/3797 item=en_QG_c346a3a806a678c6 -> '{"judge_model": "MiniMax-M3", "scores": '
extract 880/3797 item=en_QG_1daed9d12cb384b4 -> '{"judge_model": "MiniMax-M3", "scores": '
extract 881/3797 item=en_QG_0d17316270cd0113 -> '{"judge_model": "MiniMax-M3", "scores": '
extract 882/3797 item=en_QG_914f3b7cc4271c65 -> '{"judge_model": "MiniMax-M3", "scores": '
extract 883/3797 item=en_QG_8985d8fd29344a35 -> '{"judge_model": "MiniMax-M3", "scores": '
extract 884/3797 item=en_QG_fba4bfa04c36a5d6 -> '{"judge_model": "MiniMax-M3", "scores": '
extract 885/3797 item=en_QG_24fc65b4e05f5739 -> '{"judge_model": "MiniMax-M3", "scores": '
extract 886/3797 item=en_QG_b7ec035f7df1758c -> '{"judge_model": "MiniMax-M3", "scores": '
extract 887/3797 item=en_QG_a4ebaa5581afefc3 -> '{"judge_model": "MiniMax-M3", "scores": '
extract 888/3797 item=en_QG_d29b8742973c6a3e -> '{"judge_model": "MiniMax-M3", "scores": '
extract 889/3797 item=en_QG_260eda54b9cad312 -> '{"judge_model": "MiniMax-M3", "scores": '
extract 890/3797 item=en_QG_a95b7ef5f67afc9e -> '{"judge_model": "MiniMax-M3", "scores": '
extract 891/3797 item=en_QG_c156588547203f00 -> '{"judge_model": "MiniMax-M3", "scores": '
extract 892/3797 item=en_QG_d12f0b3ab7f231c9 -> '{"judge_model": "MiniMax-M3", "scores": '
extract 893/3797 item=en_QG_3a9265acb1e51f48 -> '{"judge_model": "MiniMax-M3", "scores": '
extract 894/3797 item=en_QG_a014de546e5f4c79 -> '{"judge_model": "MiniMax-M3", "scores": '
extract 895/3797 item=en_QG_486672df2b2f205a -> '{"judge_model": "MiniMax-M3", "scores": '
extract 896/3797 item=en_QG_7b36b5a5415fe938 -> '{"judge_model": "MiniMax-M3", "scores": '
extract 897/3797 item=en_QG_522a48f7f750a6f8 -> '{"judge_model": "MiniMax-M3", "scores": '
extract 898/3797 item=en_QG_e9ba4145e8605049 -> '{"judge_model": "MiniMax-M3", "scores": '
extract 899/3797 item=en_QG_47a87eee796a39f9 -> '{"judge_model": "MiniMax-M3", "scores": '
extract 900/3797 item=en_QG_26c7253f1c182587 -> '{"judge_model": "MiniMax-M3", "scores": '
extract 901/3797 item=en_QG_9690b806aaaa895b -> '{"judge_model": "MiniMax-M3", "scores": '
extract 902/3797 item=en_QG_4525cf6a4b70c670 -> '{"judge_model": "MiniMax-M3", "scores": '
extract 903/3797 item=en_QG_664116f38a2659ad -> '{"judge_model": "MiniMax-M3", "scores": '
extract 904/3797 item=en_QG_ab64c058738f03bb -> '{"judge_model": "MiniMax-M3", "scores": '
extract 905/3797 item=en_QG_750db41762cf24c6 -> '{"judge_model": "MiniMax-M3", "scores": '
extract 906/3797 item=en_QG_b00987c5e9e57e38 -> '{"judge_model": "MiniMax-M3", "scores": '
extract 907/3797 item=en_QG_684a85116d4a4924 -> '{"judge_model": "MiniMax-M3", "scores": '
extract 908/3797 item=en_QG_e7d0952fea28b257 -> '{"judge_model": "MiniMax-M3", "scores": '
extract 909/3797 item=en_QG_b6c183ea59396114 -> '{"judge_model": "MiniMax-M3", "scores": '
extract 910/3797 item=en_QG_4f31ec65de60321d -> '{"judge_model": "MiniMax-M3", "scores": '
extract 911/3797 item=en_QG_864f4ab139c44ccc -> '{"judge_model": "MiniMax-M3", "scores": '
extract 912/3797 item=en_QG_436412c246fc0491 -> '{"judge_model": "MiniMax-M3", "scores": '
extract 913/3797 item=en_QG_fc35f7a181c08b1a -> '{"judge_model": "MiniMax-M3", "scores": '
extract 914/3797 item=en_QG_f1feaeb6266d217a -> '{"judge_model": "MiniMax-M3", "scores": '
extract 915/3797 item=en_QG_62ac4b9cbc7592ef -> '{"judge_model": "MiniMax-M3", "scores": '
extract 916/3797 item=en_QG_7240d8badd40fddc -> '{"judge_model": "MiniMax-M3", "scores": '
extract 917/3797 item=en_QG_531bab3a7e9a3939 -> '{"judge_model": "MiniMax-M3", "scores": '
extract 918/3797 item=en_QG_7574c4e217576d49 -> '{"judge_model": "MiniMax-M3", "scores": '
extract 919/3797 item=en_QG_ae101c30e66d9395 -> '{"judge_model": "MiniMax-M3", "scores": '
extract 920/3797 item=en_QG_6063fcff02005b7b -> '{"judge_model": "MiniMax-M3", "scores": '
extract 921/3797 item=en_QG_4f14e27870bc0d3b -> '{"judge_model": "MiniMax-M3", "scores": '
extract 922/3797 item=en_QG_a9d5ed461c557862 -> '{"judge_model": "MiniMax-M3", "scores": '
extract 923/3797 item=en_QG_577b0e368c5ec4b7 -> '{"judge_model": "MiniMax-M3", "scores": '
extract 924/3797 item=en_QG_efbbc1a77905f7c4 -> '{"judge_model": "MiniMax-M3", "scores": '
extract 925/3797 item=en_QG_75fe09172bd267ca -> '{"judge_model": "MiniMax-M3", "scores": '
extract 926/3797 item=en_QG_c5dfd6cfc8d5f4e6 -> '{"judge_model": "MiniMax-M3", "scores": '
extract 927/3797 item=en_QG_8e5ca6dc2cf9340f -> '{"judge_model": "MiniMax-M3", "scores": '
extract 928/3797 item=en_QG_45701a31127df273 -> '{"judge_model": "MiniMax-M3", "scores": '
extract 929/3797 item=en_QG_b8780cc5447ae012 -> '{"judge_model": "MiniMax-M3", "scores": '
extract 930/3797 item=en_QG_5b6de299f43ae674 -> '{"judge_model": "MiniMax-M3", "scores": '
extract 931/3797 item=en_QG_c5a006bdafaaf73c -> '{"judge_model": "MiniMax-M3", "scores": '
extract 932/3797 item=en_QG_3d0e9da2cf711d08 -> '{"judge_model": "MiniMax-M3", "scores": '
extract 933/3797 item=en_QG_f5ea19bc64efedee -> '{"judge_model": "MiniMax-M3", "scores": '
extract 934/3797 item=en_QG_981fcf232f79ac3a -> '{"judge_model": "MiniMax-M3", "scores": '
extract 935/3797 item=en_QG_c59c390d6d9382a1 -> '{"judge_model": "MiniMax-M3", "scores": '
extract 936/3797 item=en_QG_71fc1d44a038b24c -> '{"judge_model": "MiniMax-M3", "scores": '
extract 937/3797 item=en_QG_88f1a3f46b39a812 -> '{"judge_model": "MiniMax-M3", "scores": '
extract 938/3797 item=en_QG_f0b8ffc875d16c2f -> '{"judge_model": "MiniMax-M3", "scores": '
extract 939/3797 item=en_QG_bcfd075758d2dbb8 -> '{"judge_model": "MiniMax-M3", "scores": '
extract 940/3797 item=en_QG_5b15264e23988749 -> '{"judge_model": "MiniMax-M3", "scores": '
extract 941/3797 item=en_QG_494c52586bb64677 -> '{"judge_model": "MiniMax-M3", "scores": '
extract 942/3797 item=en_QG_56b99044dad341b9 -> '{"judge_model": "MiniMax-M3", "scores": '
extract 943/3797 item=en_QG_4234b4571db9d7cd -> '{"judge_model": "MiniMax-M3", "scores": '
extract 944/3797 item=en_QG_cb217c76cf3e59e1 -> '{"judge_model": "MiniMax-M3", "scores": '
extract 945/3797 item=en_QG_791ec548e2bbfa65 -> '{"judge_model": "MiniMax-M3", "scores": '
extract 946/3797 item=en_QG_76e96a5a15e38c8e -> '{"judge_model": "MiniMax-M3", "scores": '
extract 947/3797 item=en_QG_eba71f31622a0eef -> '{"judge_model": "MiniMax-M3", "scores": '
extract 948/3797 item=en_QG_bbbfcb8102e30635 -> '{"judge_model": "MiniMax-M3", "scores": '
extract 949/3797 item=en_QG_f1a1a53f219e2214 -> '{"judge_model": "MiniMax-M3", "scores": '
extract 950/3797 item=en_QG_8c77d01c39da57aa -> '{"judge_model": "MiniMax-M3", "scores": '
extract 951/3797 item=en_QG_811313d259dd57da -> '{"judge_model": "MiniMax-M3", "scores": '
extract 952/3797 item=en_QG_e359b9206cd2aa4d -> '{"judge_model": "MiniMax-M3", "scores": '
extract 953/3797 item=en_QG_059cde0bc2c28c50 -> '{"judge_model": "MiniMax-M3", "scores": '
extract 954/3797 item=en_QG_9182198744b8ac7d -> '{"judge_model": "MiniMax-M3", "scores": '
extract 955/3797 item=en_QG_999b75376e2f7fce -> '{"judge_model": "MiniMax-M3", "scores": '
extract 956/3797 item=en_QG_e6d988bd586b49c9 -> '{"judge_model": "MiniMax-M3", "scores": '
extract 957/3797 item=en_QG_a334938e5b16ac8e -> '{"judge_model": "MiniMax-M3", "scores": '
extract 958/3797 item=en_QG_c599ace98dbfd19c -> '{"judge_model": "MiniMax-M3", "scores": '
extract 959/3797 item=en_QG_64952fc1094ac388 -> '{"judge_model": "MiniMax-M3", "scores": '
extract 960/3797 item=en_QG_bf482f9ba4c6d1e5 -> '{"judge_model": "MiniMax-M3", "scores": '
extract 961/3797 item=en_QG_eefb3b6022752e74 -> '{"judge_model": "MiniMax-M3", "scores": '
extract 962/3797 item=en_QG_ec431f8cccb882ca -> '{"judge_model": "MiniMax-M3", "scores": '
extract 963/3797 item=en_QG_46ccbf62f8568e3d -> '{"judge_model": "MiniMax-M3", "scores": '
extract 964/3797 item=en_QG_c4c75142885cec2e -> '{"judge_model": "MiniMax-M3", "scores": '
extract 965/3797 item=en_QG_041df529c53f79e6 -> '{"judge_model": "MiniMax-M3", "scores": '
extract 966/3797 item=en_QG_fa15af0b24cab5d3 -> '{"judge_model": "MiniMax-M3", "scores": '
extract 967/3797 item=en_QG_f7566669ece27a6c -> '{"judge_model": "MiniMax-M3", "scores": '
extract 968/3797 item=en_QG_d9658f1dc1826f9e -> '{"judge_model": "MiniMax-M3", "scores": '
extract 969/3797 item=en_QG_263c6f2be5b25740 -> '{"judge_model": "MiniMax-M3", "scores": '
extract 970/3797 item=en_QG_7485c75fb545a51a -> '{"judge_model": "MiniMax-M3", "scores": '
extract 971/3797 item=en_QG_f60dd022aa588448 -> '{"judge_model": "MiniMax-M3", "scores": '
extract 972/3797 item=en_QG_fcdd91f0e144cd40 -> '{"judge_model": "MiniMax-M3", "scores": '
extract 973/3797 item=en_QG_aae1c083d7642fe9 -> '{"judge_model": "MiniMax-M3", "scores": '
extract 974/3797 item=en_QG_8629968c0dd6965b -> '{"judge_model": "MiniMax-M3", "scores": '
extract 975/3797 item=en_QG_6c8a91417081a460 -> '{"judge_model": "MiniMax-M3", "scores": '
extract 976/3797 item=en_QG_b0add96b7a9b7bf8 -> '{"judge_model": "MiniMax-M3", "scores": '
extract 977/3797 item=en_QG_c9cb378e079e400c -> '{"judge_model": "MiniMax-M3", "scores": '
extract 978/3797 item=en_QG_fb3bae12b5a060d9 -> '{"judge_model": "MiniMax-M3", "scores": '
extract 979/3797 item=en_QG_dcde96b3065be8d6 -> '{"judge_model": "MiniMax-M3", "scores": '
extract 980/3797 item=en_QG_357646b2ddbf07ab -> '{"judge_model": "MiniMax-M3", "scores": '
extract 981/3797 item=en_QG_3e021325800a54dc -> '{"judge_model": "MiniMax-M3", "scores": '
extract 982/3797 item=en_QG_48b2c9d8041d8d26 -> '{"judge_model": "MiniMax-M3", "scores": '
extract 983/3797 item=en_QG_30ec8664d9e351d9 -> '{"judge_model": "MiniMax-M3", "scores": '
extract 984/3797 item=en_QG_c477ab93c3737c4f -> '{"judge_model": "MiniMax-M3", "scores": '
extract 985/3797 item=en_QG_056eca877cff5e38 -> '{"judge_model": "MiniMax-M3", "scores": '
extract 986/3797 item=en_QG_c306a2e9deff9b4e -> '{"judge_model": "MiniMax-M3", "scores": '
extract 987/3797 item=en_QG_b6dfe612a037de93 -> '{"judge_model": "MiniMax-M3", "scores": '
extract 988/3797 item=en_QG_860c2dc61f739728 -> '{"judge_model": "MiniMax-M3", "scores": '
extract 989/3797 item=en_QG_8ed8d2ace402a803 -> '{"judge_model": "MiniMax-M3", "scores": '
extract 990/3797 item=en_QG_5d9cf3748b78f905 -> '{"judge_model": "MiniMax-M3", "scores": '
extract 991/3797 item=en_QG_33162f98b8eaba2e -> '{"judge_model": "MiniMax-M3", "scores": '
extract 992/3797 item=en_QG_35ba3e28739c9b76 -> '{"judge_model": "MiniMax-M3", "scores": '
extract 993/3797 item=en_QG_05089d228c094b57 -> '{"judge_model": "MiniMax-M3", "scores": '
extract 994/3797 item=en_QG_c8e2ce5dd767642c -> '{"judge_model": "MiniMax-M3", "scores": '
extract 995/3797 item=en_QG_dea46d5b62988929 -> '{"judge_model": "MiniMax-M3", "scores": '
extract 996/3797 item=en_QG_16bdf4bda189568f -> '{"judge_model": "MiniMax-M3", "scores": '
extract 997/3797 item=en_QG_47b98529d9ec63f7 -> '{"judge_model": "MiniMax-M3", "scores": '
extract 998/3797 item=en_QG_be48600e75382449 -> '{"judge_model": "MiniMax-M3", "scores": '
extract 999/3797 item=en_QG_a5a11fa3fac555cf -> '{"judge_model": "MiniMax-M3", "scores": '
extract 1000/3797 item=en_QG_5808a5472ed701fe -> '{"judge_model": "MiniMax-M3", "scores": '
extract 1001/3797 item=en_QG_05ea575a6d0648a5 -> '{"judge_model": "MiniMax-M3", "scores": '
extract 1002/3797 item=en_QG_99d0acef486098e8 -> '{"judge_model": "MiniMax-M3", "scores": '
extract 1003/3797 item=en_QG_b1a190f6423f332c -> '{"judge_model": "MiniMax-M3", "scores": '
extract 1004/3797 item=en_QG_d57fa4a2aea9a7a4 -> '{"judge_model": "MiniMax-M3", "scores": '
extract 1005/3797 item=en_QG_b6c32d6c96745daa -> '{"judge_model": "MiniMax-M3", "scores": '
extract 1006/3797 item=en_QG_06aedec5c13e9ab0 -> '{"judge_model": "MiniMax-M3", "scores": '
extract 1007/3797 item=en_QG_24bce1fd96257162 -> '{"judge_model": "MiniMax-M3", "scores": '
extract 1008/3797 item=en_QG_9b50cd0911af641a -> '{"judge_model": "MiniMax-M3", "scores": '
extract 1009/3797 item=en_QG_1114c9bb9b63b58f -> '{"judge_model": "MiniMax-M3", "scores": '
extract 1010/3797 item=en_QG_25b1ce9b1d7dbc4e -> '{"judge_model": "MiniMax-M3", "scores": '
extract 1011/3797 item=en_QG_f2801b27d683f96a -> '{"judge_model": "MiniMax-M3", "scores": '
extract 1012/3797 item=en_QG_d51d1c4ea9fb77c5 -> '{"judge_model": "MiniMax-M3", "scores": '
extract 1013/3797 item=en_QG_a815cab4fcb061d6 -> '{"judge_model": "MiniMax-M3", "scores": '
extract 1014/3797 item=en_QG_008c9908c5f82c0c -> '{"judge_model": "MiniMax-M3", "scores": '
extract 1015/3797 item=en_QG_2e54b2ccd4b4b3fc -> '{"judge_model": "MiniMax-M3", "scores": '
extract 1016/3797 item=en_QG_ae89baf9917d7c96 -> '{"judge_model": "MiniMax-M3", "scores": '
extract 1017/3797 item=en_QG_a805622b548d2741 -> '{"judge_model": "MiniMax-M3", "scores": '
extract 1018/3797 item=en_QG_77dbb81434525875 -> '{"judge_model": "MiniMax-M3", "scores": '
extract 1019/3797 item=en_QG_4601a858f6ebd871 -> '{"judge_model": "MiniMax-M3", "scores": '
extract 1020/3797 item=en_QG_ea59199e8320eb46 -> '{"judge_model": "MiniMax-M3", "scores": '
extract 1021/3797 item=en_QG_91197237ea1c5bfd -> '{"judge_model": "MiniMax-M3", "scores": '
extract 1022/3797 item=en_QG_411403f3d6f936c5 -> '{"judge_model": "MiniMax-M3", "scores": '
extract 1023/3797 item=en_QG_a4bebc0baca1e13d -> '{"judge_model": "MiniMax-M3", "scores": '
extract 1024/3797 item=en_QG_73f1c81eb5887eaa -> '{"judge_model": "MiniMax-M3", "scores": '
extract 1025/3797 item=en_QG_93811f77f79f5583 -> '{"judge_model": "MiniMax-M3", "scores": '
extract 1026/3797 item=en_QG_87268b78c7feaced -> '{"judge_model": "MiniMax-M3", "scores": '
extract 1027/3797 item=en_QG_53306d129aa611b5 -> '{"judge_model": "MiniMax-M3", "scores": '
extract 1028/3797 item=en_QG_cdf493fe238618d3 -> '{"judge_model": "MiniMax-M3", "scores": '
extract 1029/3797 item=en_QG_b2f086375f1da6c5 -> '{"judge_model": "MiniMax-M3", "scores": '
extract 1030/3797 item=en_QG_14c2d5c83e6497b6 -> '{"judge_model": "MiniMax-M3", "scores": '
extract 1031/3797 item=en_QG_895bdbc64784751b -> '{"judge_model": "MiniMax-M3", "scores": '
extract 1032/3797 item=en_QG_98ebdb405aca9b39 -> '{"judge_model": "MiniMax-M3", "scores": '
extract 1033/3797 item=en_QG_f842d03c5d03f37b -> '{"judge_model": "MiniMax-M3", "scores": '
extract 1034/3797 item=en_QG_41c74507dc287eca -> '{"judge_model": "MiniMax-M3", "scores": '
extract 1035/3797 item=en_QG_2732e4bf94e323e6 -> '{"judge_model": "MiniMax-M3", "scores": '
extract 1036/3797 item=en_QG_907786e00db273ea -> '{"judge_model": "MiniMax-M3", "scores": '
extract 1037/3797 item=en_QG_a5dd35e7d989d2b4 -> '{"judge_model": "MiniMax-M3", "scores": '
extract 1038/3797 item=en_QG_99359ad70119225a -> '{"judge_model": "MiniMax-M3", "scores": '
extract 1039/3797 item=en_QG_17054d6a83bc7212 -> '{"judge_model": "MiniMax-M3", "scores": '
extract 1040/3797 item=en_QG_e9535b0ea43cccca -> '{"judge_model": "MiniMax-M3", "scores": '
extract 1041/3797 item=en_QG_502a36e06951d46d -> '{"judge_model": "MiniMax-M3", "scores": '
extract 1042/3797 item=en_QG_2102ebe62e84b4e5 -> '{"judge_model": "MiniMax-M3", "scores": '
extract 1043/3797 item=en_QG_131b636dff59f236 -> '{"judge_model": "MiniMax-M3", "scores": '
extract 1044/3797 item=en_QG_a970735d90d86a18 -> '{"judge_model": "MiniMax-M3", "scores": '
extract 1045/3797 item=en_QG_eff1289b7a80782e -> '{"judge_model": "MiniMax-M3", "scores": '
extract 1046/3797 item=en_QG_d1191699b430c4b1 -> '{"judge_model": "MiniMax-M3", "scores": '
extract 1047/3797 item=en_QG_7a571f7d52bb4be3 -> '{"judge_model": "MiniMax-M3", "scores": '
extract 1048/3797 item=en_QG_6fbcf96ea81f6987 -> '{"judge_model": "MiniMax-M3", "scores": '
extract 1049/3797 item=en_QG_91ecd9f2372e5578 -> '{"judge_model": "MiniMax-M3", "scores": '
extract 1050/3797 item=en_QG_4e647a66098def31 -> '{"judge_model": "MiniMax-M3", "scores": '
extract 1051/3797 item=en_QG_65933f6d7421b649 -> '{"judge_model": "MiniMax-M3", "scores": '
extract 1052/3797 item=en_QG_c801ee9503548a06 -> '{"judge_model": "MiniMax-M3", "scores": '
extract 1053/3797 item=en_QG_5bc82c3d3e833d7e -> '{"judge_model": "MiniMax-M3", "scores": '
extract 1054/3797 item=en_QG_32bd8aabdfae6958 -> '{"judge_model": "MiniMax-M3", "scores": '
extract 1055/3797 item=en_QG_51844e9e8221777c -> '{"judge_model": "MiniMax-M3", "scores": '
extract 1056/3797 item=en_QG_b9f113e31b8e5b4e -> '{"judge_model": "MiniMax-M3", "scores": '
extract 1057/3797 item=en_QG_371cc03e717f2892 -> '{"judge_model": "MiniMax-M3", "scores": '
extract 1058/3797 item=en_QG_510a204d275fdcf0 -> '{"judge_model": "MiniMax-M3", "scores": '
extract 1059/3797 item=en_QG_c1df7162ddb06dc5 -> '{"judge_model": "MiniMax-M3", "scores": '
extract 1060/3797 item=en_QG_fb8021b341b29a74 -> '{"judge_model": "MiniMax-M3", "scores": '
extract 1061/3797 item=en_QG_e7818605d6daa792 -> '{"judge_model": "MiniMax-M3", "scores": '
extract 1062/3797 item=en_QG_086ba79f3f8aec91 -> '{"judge_model": "MiniMax-M3", "scores": '
extract 1063/3797 item=en_QG_535433c072fd477c -> '{"judge_model": "MiniMax-M3", "scores": '
extract 1064/3797 item=en_QG_e572b6971ad69f78 -> '{"judge_model": "MiniMax-M3", "scores": '
extract 1065/3797 item=en_QG_eb14a942d776d01b -> '{"judge_model": "MiniMax-M3", "scores": '
extract 1066/3797 item=en_QG_392a47a422b03fd1 -> '{"judge_model": "MiniMax-M3", "scores": '
extract 1067/3797 item=en_QG_ebf0ab65a62959f5 -> '{"judge_model": "MiniMax-M3", "scores": '
extract 1068/3797 item=en_QG_676140bbba6e36d1 -> '{"judge_model": "MiniMax-M3", "scores": '
extract 1069/3797 item=en_QG_ca58a0d2075fde02 -> '{"judge_model": "MiniMax-M3", "scores": '
extract 1070/3797 item=en_QG_304c0db6d7af4540 -> '{"judge_model": "MiniMax-M3", "scores": '
extract 1071/3797 item=en_QG_477583391c6a5558 -> '{"judge_model": "MiniMax-M3", "scores": '
extract 1072/3797 item=en_QG_bd512cbee48bb614 -> '{"judge_model": "MiniMax-M3", "scores": '
extract 1073/3797 item=en_QG_309001eae17a20ea -> '{"judge_model": "MiniMax-M3", "scores": '
extract 1074/3797 item=en_QG_8b15bd28a84b1f4e -> '{"judge_model": "MiniMax-M3", "scores": '
extract 1075/3797 item=en_QG_d35149e76d3620c3 -> '{"judge_model": "MiniMax-M3", "scores": '
extract 1076/3797 item=en_QG_6384b212ffa4e8be -> '{"judge_model": "MiniMax-M3", "scores": '
extract 1077/3797 item=en_QG_6fc0c938af04fee8 -> '{"judge_model": "MiniMax-M3", "scores": '
extract 1078/3797 item=en_QG_a82b5c60ec9989c1 -> '{"judge_model": "MiniMax-M3", "scores": '
extract 1079/3797 item=en_QG_003d52bd4fafe98f -> '{"judge_model": "MiniMax-M3", "scores": '
extract 1080/3797 item=en_QG_7aa3688c612c84dd -> '{"judge_model": "MiniMax-M3", "scores": '
extract 1081/3797 item=en_QG_6db7188824a5e3c9 -> '{"judge_model": "MiniMax-M3", "scores": '
extract 1082/3797 item=en_QG_a42643d10dcd37f9 -> '{"judge_model": "MiniMax-M3", "scores": '
extract 1083/3797 item=en_QG_7eaf787e6984ae0b -> '{"judge_model": "MiniMax-M3", "scores": '
extract 1084/3797 item=en_QG_f8974a6a5e3c400f -> '{"judge_model": "MiniMax-M3", "scores": '
extract 1085/3797 item=en_QG_3f315aa31758f749 -> '{"judge_model": "MiniMax-M3", "scores": '
extract 1086/3797 item=en_QG_f8709b5807b4824f -> '{"judge_model": "MiniMax-M3", "scores": '
extract 1087/3797 item=en_QG_ad805ac4e704ca34 -> '{"judge_model": "MiniMax-M3", "scores": '
extract 1088/3797 item=en_QG_0f55c409d2423ea5 -> '{"judge_model": "MiniMax-M3", "scores": '
extract 1089/3797 item=en_QG_2fe3c02e0eb30bef -> '{"judge_model": "MiniMax-M3", "scores": '
extract 1090/3797 item=en_QG_f73512fdc3ec11aa -> '{"judge_model": "MiniMax-M3", "scores": '
extract 1091/3797 item=en_QG_97aba8400d5bdb69 -> '{"judge_model": "MiniMax-M3", "scores": '
extract 1092/3797 item=en_QG_679cea4be6d3f71a -> '{"judge_model": "MiniMax-M3", "scores": '
extract 1093/3797 item=en_QG_08fc1c881bc0e21b -> '{"judge_model": "MiniMax-M3", "scores": '
extract 1094/3797 item=en_QG_437738771c50be70 -> '{"judge_model": "MiniMax-M3", "scores": '
extract 1095/3797 item=en_QG_2724b850399951db -> '{"judge_model": "MiniMax-M3", "scores": '
extract 1096/3797 item=en_QG_0db8d82fad48e634 -> '{"judge_model": "MiniMax-M3", "scores": '
extract 1097/3797 item=en_QG_4c0f019e7ad19f55 -> '{"judge_model": "MiniMax-M3", "scores": '
extract 1098/3797 item=en_QG_e0f82935f2d17915 -> '{"judge_model": "MiniMax-M3", "scores": '
extract 1099/3797 item=en_QG_2482e9975365366e -> '{"judge_model": "MiniMax-M3", "scores": '
extract 1100/3797 item=en_QG_b151c2aea5add00e -> '{"judge_model": "MiniMax-M3", "scores": '
extract 1101/3797 item=en_QG_1128ba6569a4e739 -> '{"judge_model": "MiniMax-M3", "scores": '
extract 1102/3797 item=en_QG_4a83443a8fbe5a42 -> '{"judge_model": "MiniMax-M3", "scores": '
extract 1103/3797 item=en_QG_0b2745ab1d023caf -> '{"judge_model": "MiniMax-M3", "scores": '
extract 1104/3797 item=en_QG_299de5c3b2d5f201 -> '{"judge_model": "MiniMax-M3", "scores": '
extract 1105/3797 item=en_QG_c9cfeeb48ebb89de -> '{"judge_model": "MiniMax-M3", "scores": '
extract 1106/3797 item=en_QG_193ec01946b04862 -> '{"judge_model": "MiniMax-M3", "scores": '
extract 1107/3797 item=en_QG_296e0640c4eada23 -> '{"judge_model": "MiniMax-M3", "scores": '
extract 1108/3797 item=en_QG_1421ee492d96f5c5 -> '{"judge_model": "MiniMax-M3", "scores": '
extract 1109/3797 item=en_QG_2a467a33d512d77c -> '{"judge_model": "MiniMax-M3", "scores": '
extract 1110/3797 item=en_QG_a7f1d10db4e9481c -> '{"judge_model": "MiniMax-M3", "scores": '
extract 1111/3797 item=en_QG_a2e4e7771b63afd6 -> '{"judge_model": "MiniMax-M3", "scores": '
extract 1112/3797 item=en_QG_17722363df7ae5fd -> '{"judge_model": "MiniMax-M3", "scores": '
extract 1113/3797 item=en_QG_2052e088c4572ba5 -> '{"judge_model": "MiniMax-M3", "scores": '
extract 1114/3797 item=en_QG_82656e7bd68bab9b -> '{"judge_model": "MiniMax-M3", "scores": '
extract 1115/3797 item=en_QG_c71b3297381a530f -> '{"judge_model": "MiniMax-M3", "scores": '
extract 1116/3797 item=en_QG_c70191fe6ea810c6 -> '{"judge_model": "MiniMax-M3", "scores": '
extract 1117/3797 item=en_QG_affee94dd9b44092 -> '{"judge_model": "MiniMax-M3", "scores": '
extract 1118/3797 item=en_QG_7b1f5ae204db3bbd -> '{"judge_model": "MiniMax-M3", "scores": '
extract 1119/3797 item=en_QG_cdd498eeb3ea3580 -> '{"judge_model": "MiniMax-M3", "scores": '
extract 1120/3797 item=en_QG_8f5a4dd9a9bb222f -> '{"judge_model": "MiniMax-M3", "scores": '
extract 1121/3797 item=en_QG_a2b2cbbae418ae01 -> '{"judge_model": "MiniMax-M3", "scores": '
extract 1122/3797 item=en_QG_2efe9d4709beb6c3 -> '{"judge_model": "MiniMax-M3", "scores": '
extract 1123/3797 item=en_QG_1ed8a30d5abc977a -> '{"judge_model": "MiniMax-M3", "scores": '
extract 1124/3797 item=en_QG_7d26c45980435623 -> '{"judge_model": "MiniMax-M3", "scores": '
extract 1125/3797 item=en_QG_69d376a6006899a6 -> '{"judge_model": "MiniMax-M3", "scores": '
extract 1126/3797 item=en_QG_576ef98d7e4554dc -> '{"judge_model": "MiniMax-M3", "scores": '
extract 1127/3797 item=en_QG_4a21f7b031d18a86 -> '{"judge_model": "MiniMax-M3", "scores": '
extract 1128/3797 item=en_QG_ffd60b45ed41f789 -> '{"judge_model": "MiniMax-M3", "scores": '
extract 1129/3797 item=en_QG_ad603c37f0e08fe6 -> '{"judge_model": "MiniMax-M3", "scores": '
extract 1130/3797 item=en_QG_f42340f17a96e0d2 -> '{"judge_model": "MiniMax-M3", "scores": '
extract 1131/3797 item=en_QG_40cc613c11887f63 -> '{"judge_model": "MiniMax-M3", "scores": '
extract 1132/3797 item=en_QG_d7341501f14e69e6 -> '{"judge_model": "MiniMax-M3", "scores": '
extract 1133/3797 item=en_QG_b8484c84b9f5e99a -> '{"judge_model": "MiniMax-M3", "scores": '
extract 1134/3797 item=en_QG_8cd7bd96fbcb826a -> '{"judge_model": "MiniMax-M3", "scores": '
extract 1135/3797 item=en_QG_87c39b5f541c498a -> '{"judge_model": "MiniMax-M3", "scores": '
extract 1136/3797 item=en_QG_2ede06a66517e8b4 -> '{"judge_model": "MiniMax-M3", "scores": '
extract 1137/3797 item=en_QG_1036575000015877 -> '{"judge_model": "MiniMax-M3", "scores": '
extract 1138/3797 item=en_QG_8aa1994daa2e5ca4 -> '{"judge_model": "MiniMax-M3", "scores": '
extract 1139/3797 item=en_QG_2c1309a65396cd9b -> '{"judge_model": "MiniMax-M3", "scores": '
extract 1140/3797 item=en_QG_841bbd11d1b62d76 -> '{"judge_model": "MiniMax-M3", "scores": '
extract 1141/3797 item=en_QG_c354d5e0448f821c -> '{"judge_model": "MiniMax-M3", "scores": '
extract 1142/3797 item=en_QG_96446e1109ac1e9f -> '{"judge_model": "MiniMax-M3", "scores": '
extract 1143/3797 item=en_QG_904ccbc92e502292 -> '{"judge_model": "MiniMax-M3", "scores": '
extract 1144/3797 item=en_QG_d41b589a03a19f55 -> '{"judge_model": "MiniMax-M3", "scores": '
extract 1145/3797 item=en_QG_e7a4a841116fdc92 -> '{"judge_model": "MiniMax-M3", "scores": '
extract 1146/3797 item=en_QG_3599e3058b0a917c -> '{"judge_model": "MiniMax-M3", "scores": '
extract 1147/3797 item=en_QG_a6aa9b1e5e35bcda -> '{"judge_model": "MiniMax-M3", "scores": '
extract 1148/3797 item=en_QG_be5d3a45b85d90d8 -> '{"judge_model": "MiniMax-M3", "scores": '
extract 1149/3797 item=en_QG_9290a69239bd8df5 -> '{"judge_model": "MiniMax-M3", "scores": '
extract 1150/3797 item=en_QG_3ff593cafef938ce -> '{"judge_model": "MiniMax-M3", "scores": '
extract 1151/3797 item=en_QG_112341e8bac978ff -> '{"judge_model": "MiniMax-M3", "scores": '
extract 1152/3797 item=en_QG_52b2f3ed67a010ee -> '{"judge_model": "MiniMax-M3", "scores": '
extract 1153/3797 item=en_QG_762b96ae432e3a53 -> '{"judge_model": "MiniMax-M3", "scores": '
extract 1154/3797 item=en_QG_9a2cf141ab9ed59e -> '{"judge_model": "MiniMax-M3", "scores": '
extract 1155/3797 item=en_QG_38c01225df25fab4 -> '{"judge_model": "MiniMax-M3", "scores": '
extract 1156/3797 item=en_QG_b8f32aa3dd68aec3 -> '{"judge_model": "MiniMax-M3", "scores": '
extract 1157/3797 item=en_QG_39bcac63fc060fef -> '{"judge_model": "MiniMax-M3", "scores": '
extract 1158/3797 item=en_QG_73c52933e0808c2d -> '{"judge_model": "MiniMax-M3", "scores": '
extract 1159/3797 item=en_QG_721c041a3c054993 -> '{"judge_model": "MiniMax-M3", "scores": '
extract 1160/3797 item=en_QG_b7ccbe30cc99450b -> '{"judge_model": "MiniMax-M3", "scores": '
extract 1161/3797 item=en_QG_58c6abd0cf53d1b8 -> '{"judge_model": "MiniMax-M3", "scores": '
extract 1162/3797 item=en_QG_6d10a022974be663 -> '{"judge_model": "MiniMax-M3", "scores": '
extract 1163/3797 item=en_QG_ddc4e217a78e64c0 -> '{"judge_model": "MiniMax-M3", "scores": '
extract 1164/3797 item=en_QG_7edae08397fb7b81 -> '{"judge_model": "MiniMax-M3", "scores": '
extract 1165/3797 item=en_QG_71266214e6990083 -> '{"judge_model": "MiniMax-M3", "scores": '
extract 1166/3797 item=en_QG_5c5e9cfd0287d846 -> '{"judge_model": "MiniMax-M3", "scores": '
extract 1167/3797 item=en_QG_2d8e895f95ddbee4 -> '{"judge_model": "MiniMax-M3", "scores": '
extract 1168/3797 item=en_QG_b607f7cfe494a78b -> '{"judge_model": "MiniMax-M3", "scores": '
extract 1169/3797 item=en_QG_5688a3d23ae394f9 -> '{"judge_model": "MiniMax-M3", "scores": '
extract 1170/3797 item=en_QG_dbb803fdb11c87b1 -> '{"judge_model": "MiniMax-M3", "scores": '
extract 1171/3797 item=en_QG_52fbd30f2b29ab8a -> '{"judge_model": "MiniMax-M3", "scores": '
extract 1172/3797 item=en_QG_01d4d7db0206f455 -> '{"judge_model": "MiniMax-M3", "scores": '
extract 1173/3797 item=en_QG_83566a192a4e51fc -> '{"judge_model": "MiniMax-M3", "scores": '
extract 1174/3797 item=en_QG_52b5334dfaa77993 -> '{"judge_model": "MiniMax-M3", "scores": '
extract 1175/3797 item=en_QG_2c1bf99e38de3386 -> '{"judge_model": "MiniMax-M3", "scores": '
extract 1176/3797 item=en_QG_6326079042367022 -> '{"judge_model": "MiniMax-M3", "scores": '
extract 1177/3797 item=en_QG_077073b061c71fcc -> '{"judge_model": "MiniMax-M3", "scores": '
extract 1178/3797 item=en_QG_1b2b89aef30e1064 -> '{"judge_model": "MiniMax-M3", "scores": '
extract 1179/3797 item=en_QG_d04f0e3bf8c2e9d8 -> '{"judge_model": "MiniMax-M3", "scores": '
extract 1180/3797 item=en_QG_78662dc420b2d0c2 -> '{"judge_model": "MiniMax-M3", "scores": '
extract 1181/3797 item=en_QG_b678af9601d5108a -> '{"judge_model": "MiniMax-M3", "scores": '
extract 1182/3797 item=en_QG_6beeafe3efad50c0 -> '{"judge_model": "MiniMax-M3", "scores": '
extract 1183/3797 item=en_QG_53ad439258a2ca67 -> '{"judge_model": "MiniMax-M3", "scores": '
extract 1184/3797 item=en_QG_8a8aa4d42b947c3b -> '{"judge_model": "MiniMax-M3", "scores": '
extract 1185/3797 item=en_QG_06cdbb36f2f3145e -> '{"judge_model": "MiniMax-M3", "scores": '
extract 1186/3797 item=en_QG_5a4ccd269b47c4ab -> '{"judge_model": "MiniMax-M3", "scores": '
extract 1187/3797 item=en_QG_88626adc4d405b82 -> '{"judge_model": "MiniMax-M3", "scores": '
extract 1188/3797 item=en_QG_860f76e00effd6a8 -> '{"judge_model": "MiniMax-M3", "scores": '
extract 1189/3797 item=en_QG_f940ce27f0be7529 -> '{"judge_model": "MiniMax-M3", "scores": '
extract 1190/3797 item=en_QG_8df4c4c930048c56 -> '{"judge_model": "MiniMax-M3", "scores": '
extract 1191/3797 item=en_QG_01237fd096b810c4 -> '{"judge_model": "MiniMax-M3", "scores": '
extract 1192/3797 item=en_QG_69caeab138df8904 -> '{"judge_model": "MiniMax-M3", "scores": '
extract 1193/3797 item=en_QG_82107b901d131d53 -> '{"judge_model": "MiniMax-M3", "scores": '
extract 1194/3797 item=en_QG_8e04383125701612 -> '{"judge_model": "MiniMax-M3", "scores": '
extract 1195/3797 item=en_QG_8e85e401c6000052 -> '{"judge_model": "MiniMax-M3", "scores": '
extract 1196/3797 item=en_QG_939bacb48829f088 -> '{"judge_model": "MiniMax-M3", "scores": '
extract 1197/3797 item=en_QG_7d463ac3b7460204 -> '{"judge_model": "MiniMax-M3", "scores": '
extract 1198/3797 item=en_QG_d1addcf31c0b41a0 -> '{"judge_model": "MiniMax-M3", "scores": '
extract 1199/3797 item=en_QG_8e967e3a72b17f15 -> '{"judge_model": "MiniMax-M3", "scores": '
extract 1200/3797 item=en_QG_eb4184b41c179c9d -> '{"judge_model": "MiniMax-M3", "scores": '
extract 1201/3797 item=en_QG_c0cdff659a6e2d97 -> '{"judge_model": "MiniMax-M3", "scores": '
extract 1202/3797 item=en_QG_cc4e1b18e71004b3 -> '{"judge_model": "MiniMax-M3", "scores": '
extract 1203/3797 item=en_QG_67319b0c4a03bec9 -> '{"judge_model": "MiniMax-M3", "scores": '
extract 1204/3797 item=en_QG_6e13873a3094ecd7 -> '{"judge_model": "MiniMax-M3", "scores": '
extract 1205/3797 item=en_QG_eb4a56d5b83c2ab4 -> '{"judge_model": "MiniMax-M3", "scores": '
extract 1206/3797 item=en_QG_6ba45fadf6dde3f1 -> '{"judge_model": "MiniMax-M3", "scores": '
extract 1207/3797 item=en_QG_2f761fb39deb7cb4 -> '{"judge_model": "MiniMax-M3", "scores": '
extract 1208/3797 item=en_QG_258b7452e9d57572 -> '{"judge_model": "MiniMax-M3", "scores": '
extract 1209/3797 item=en_QG_f3c9837004ab2618 -> '{"judge_model": "MiniMax-M3", "scores": '
extract 1210/3797 item=en_QG_2e8b707862704861 -> '{"judge_model": "MiniMax-M3", "scores": '
extract 1211/3797 item=en_QG_66e1e64465a3c0c0 -> '{"judge_model": "MiniMax-M3", "scores": '
extract 1212/3797 item=en_QG_e90d16a18f8095d8 -> '{"judge_model": "MiniMax-M3", "scores": '
extract 1213/3797 item=en_QG_aa31268cb4f51a0f -> '{"judge_model": "MiniMax-M3", "scores": '
extract 1214/3797 item=en_QG_123bfc2700aec011 -> '{"judge_model": "MiniMax-M3", "scores": '
extract 1215/3797 item=en_QG_196b87e9bf33fd34 -> '{"judge_model": "MiniMax-M3", "scores": '
extract 1216/3797 item=en_QG_51c71db593ea4731 -> '{"judge_model": "MiniMax-M3", "scores": '
extract 1217/3797 item=en_QG_eb7cedae6101ce77 -> '{"judge_model": "MiniMax-M3", "scores": '
extract 1218/3797 item=en_QG_1026fa4c545259ae -> '{"judge_model": "MiniMax-M3", "scores": '
extract 1219/3797 item=en_QG_6cbf8ada3687fca3 -> '{"judge_model": "MiniMax-M3", "scores": '
extract 1220/3797 item=en_QG_04d042fe57fcebb2 -> '{"judge_model": "MiniMax-M3", "scores": '
extract 1221/3797 item=en_QG_4129435ca2ae9bb7 -> '{"judge_model": "MiniMax-M3", "scores": '
extract 1222/3797 item=en_QG_87bfe0e2059f26e0 -> '{"judge_model": "MiniMax-M3", "scores": '
extract 1223/3797 item=en_QG_6b84b8b7a0371031 -> '{"judge_model": "MiniMax-M3", "scores": '
extract 1224/3797 item=en_QG_e5fc8fef2a5ada25 -> '{"judge_model": "MiniMax-M3", "scores": '
extract 1225/3797 item=en_QG_818ec35a00285cb4 -> '{"judge_model": "MiniMax-M3", "scores": '
extract 1226/3797 item=en_QG_05aa1e10e459e1e6 -> '{"judge_model": "MiniMax-M3", "scores": '
extract 1227/3797 item=en_QG_80057271e747f4e3 -> '{"judge_model": "MiniMax-M3", "scores": '
extract 1228/3797 item=en_QG_e370da1c911b2c78 -> '{"judge_model": "MiniMax-M3", "scores": '
extract 1229/3797 item=en_QG_5544958e32da69a6 -> '{"judge_model": "MiniMax-M3", "scores": '
extract 1230/3797 item=en_QG_e5b06ff4c3244748 -> '{"judge_model": "MiniMax-M3", "scores": '
extract 1231/3797 item=en_QG_4fbb2aa8d2721c6f -> '{"judge_model": "MiniMax-M3", "scores": '
extract 1232/3797 item=en_QG_f4da8ca202dfe06f -> '{"judge_model": "MiniMax-M3", "scores": '
extract 1233/3797 item=en_QG_271bddd36201535b -> '{"judge_model": "MiniMax-M3", "scores": '
extract 1234/3797 item=en_QG_58518539baeac049 -> '{"judge_model": "MiniMax-M3", "scores": '
extract 1235/3797 item=en_QG_4de456330524a394 -> '{"judge_model": "MiniMax-M3", "scores": '
extract 1236/3797 item=en_QG_69832cef9d8e2a4b -> '{"judge_model": "MiniMax-M3", "scores": '
extract 1237/3797 item=en_QG_d6c899d2d5237a10 -> '{"judge_model": "MiniMax-M3", "scores": '
extract 1238/3797 item=en_QG_17954ab41642c3ef -> '{"judge_model": "MiniMax-M3", "scores": '
extract 1239/3797 item=en_QG_38ed63375761d21e -> '{"judge_model": "MiniMax-M3", "scores": '
extract 1240/3797 item=en_QG_864ec853d8bd1091 -> '{"judge_model": "MiniMax-M3", "scores": '
extract 1241/3797 item=en_QG_8f1eb28ac965c933 -> '{"judge_model": "MiniMax-M3", "scores": '
extract 1242/3797 item=en_QG_efa6ad958eefb2a6 -> '{"judge_model": "MiniMax-M3", "scores": '
extract 1243/3797 item=en_QG_b7ec691af5c5a663 -> '{"judge_model": "MiniMax-M3", "scores": '
extract 1244/3797 item=en_QG_3cf4baf2a81a842b -> '{"judge_model": "MiniMax-M3", "scores": '
extract 1245/3797 item=en_QG_13f2e447918ab0c5 -> '{"judge_model": "MiniMax-M3", "scores": '
extract 1246/3797 item=en_QG_18dc8c5d8d5dce9f -> '{"judge_model": "MiniMax-M3", "scores": '
extract 1247/3797 item=en_QG_4d4b334ee21be537 -> '{"judge_model": "MiniMax-M3", "scores": '
extract 1248/3797 item=en_QG_c3dbcc8e1811a288 -> '{"judge_model": "MiniMax-M3", "scores": '
extract 1249/3797 item=en_QG_87e7c0086b3e185b -> '{"judge_model": "MiniMax-M3", "scores": '
extract 1250/3797 item=en_QG_da4390d510c24e15 -> '{"judge_model": "MiniMax-M3", "scores": '
extract 1251/3797 item=en_QG_c6c1ebdc9d84a019 -> '{"judge_model": "MiniMax-M3", "scores": '
extract 1252/3797 item=en_QG_7d335452794a64c6 -> '{"judge_model": "MiniMax-M3", "scores": '
extract 1253/3797 item=en_QG_01ff992b9cc37bf2 -> '{"judge_model": "MiniMax-M3", "scores": '
extract 1254/3797 item=en_QG_d94a1e30d468fafb -> '{"judge_model": "MiniMax-M3", "scores": '
extract 1255/3797 item=en_QG_6a6abf06ef2bcf9d -> '{"judge_model": "MiniMax-M3", "scores": '
extract 1256/3797 item=en_QG_04146fc205871d9a -> '{"judge_model": "MiniMax-M3", "scores": '
extract 1257/3797 item=en_QG_75cd070f77040eea -> '{"judge_model": "MiniMax-M3", "scores": '
extract 1258/3797 item=en_QG_504cef9e5a370cde -> '{"judge_model": "MiniMax-M3", "scores": '
extract 1259/3797 item=en_QG_7d6b6609c41dc281 -> '{"judge_model": "MiniMax-M3", "scores": '
extract 1260/3797 item=en_QG_1d4d1140340cd764 -> '{"judge_model": "MiniMax-M3", "scores": '
extract 1261/3797 item=en_QG_fada41db4bb47c18 -> '{"judge_model": "MiniMax-M3", "scores": '
extract 1262/3797 item=en_QG_933ca332b048230a -> '{"judge_model": "MiniMax-M3", "scores": '
extract 1263/3797 item=en_QG_ca10e4775e713b90 -> '{"judge_model": "MiniMax-M3", "scores": '
extract 1264/3797 item=en_QG_47183e255332d14b -> '{"judge_model": "MiniMax-M3", "scores": '
extract 1265/3797 item=en_QG_ce5213d5cfdefdc1 -> '{"judge_model": "MiniMax-M3", "scores": '
extract 1266/3797 item=en_QG_f68b58e2066f7a56 -> '{"judge_model": "MiniMax-M3", "scores": '
extract 1267/3797 item=en_TMG_dc15660b32ee3e4c -> '{"judge_model": "MiniMax-M3", "scores": '
extract 1268/3797 item=en_TMG_1b4dcc9aca9ea4fd -> '{"judge_model": "MiniMax-M3", "scores": '
extract 1269/3797 item=en_TMG_e0fceb26a186ddc6 -> '{"judge_model": "MiniMax-M3", "scores": '
extract 1270/3797 item=en_TMG_7aacafb22c0c2f7e -> '{"judge_model": "MiniMax-M3", "scores": '
extract 1271/3797 item=en_TMG_c06759db933de943 -> '{"judge_model": "MiniMax-M3", "scores": '
extract 1272/3797 item=en_TMG_30fcb53b0879129e -> '{"judge_model": "MiniMax-M3", "scores": '
extract 1273/3797 item=en_TMG_8c11813f71a1172a -> '{"judge_model": "MiniMax-M3", "scores": '
extract 1274/3797 item=en_TMG_9841d2e89772fb71 -> '{"judge_model": "MiniMax-M3", "scores": '
extract 1275/3797 item=en_TMG_11e29b20cb4cbf46 -> '{"judge_model": "MiniMax-M3", "scores": '
extract 1276/3797 item=en_TMG_e53d50870d24c0b5 -> '{"judge_model": "MiniMax-M3", "scores": '
extract 1277/3797 item=en_TMG_5edd8016b495aaeb -> '{"judge_model": "MiniMax-M3", "scores": '
extract 1278/3797 item=en_TMG_b995e4583d58d214 -> '{"judge_model": "MiniMax-M3", "scores": '
extract 1279/3797 item=en_TMG_8e0121f4169c95e9 -> '{"judge_model": "MiniMax-M3", "scores": '
extract 1280/3797 item=en_TMG_12d44bbc95ce341e -> '{"judge_model": "MiniMax-M3", "scores": '
extract 1281/3797 item=en_TMG_11df1bc771ba54ef -> '{"judge_model": "MiniMax-M3", "scores": '
extract 1282/3797 item=en_TMG_8b7d364a72d78fb9 -> '{"judge_model": "MiniMax-M3", "scores": '
extract 1283/3797 item=en_TMG_cdb03278c7513975 -> '{"judge_model": "MiniMax-M3", "scores": '
extract 1284/3797 item=en_TMG_b4028dc470609037 -> '{"judge_model": "MiniMax-M3", "scores": '
extract 1285/3797 item=en_TMG_9b19b554771ca72e -> '{"judge_model": "MiniMax-M3", "scores": '
extract 1286/3797 item=en_TMG_355572b1c661defb -> '{"judge_model": "MiniMax-M3", "scores": '
extract 1287/3797 item=en_TMG_0dd0050fb452e4e0 -> '{"judge_model": "MiniMax-M3", "scores": '
extract 1288/3797 item=en_TMG_2a37f0fbc255f40f -> '{"judge_model": "MiniMax-M3", "scores": '
extract 1289/3797 item=en_TMG_73c6a9069b1eccde -> '{"judge_model": "MiniMax-M3", "scores": '
extract 1290/3797 item=en_TMG_8874d0fa9069e710 -> '{"judge_model": "MiniMax-M3", "scores": '
extract 1291/3797 item=en_TMG_38c160312bef3da7 -> '{"judge_model": "MiniMax-M3", "scores": '
extract 1292/3797 item=en_TMG_0d97a915965cd4f2 -> '{"judge_model": "MiniMax-M3", "scores": '
extract 1293/3797 item=en_TMG_5a6e3efb85b29104 -> '{"judge_model": "MiniMax-M3", "scores": '
extract 1294/3797 item=en_TMG_c79f7c81bf70e494 -> '{"judge_model": "MiniMax-M3", "scores": '
extract 1295/3797 item=en_TMG_cc0425b9d126731c -> '{"judge_model": "MiniMax-M3", "scores": '
extract 1296/3797 item=en_TMG_575d8d8e710ae556 -> '{"judge_model": "MiniMax-M3", "scores": '
extract 1297/3797 item=en_TMG_27b86d674484605a -> '{"judge_model": "MiniMax-M3", "scores": '
extract 1298/3797 item=en_TMG_f3b8d837ebbd6959 -> '{"judge_model": "MiniMax-M3", "scores": '
extract 1299/3797 item=en_TMG_fe93d0c1a4560f14 -> '{"judge_model": "MiniMax-M3", "scores": '
extract 1300/3797 item=en_TMG_6472376119b4be44 -> '{"judge_model": "MiniMax-M3", "scores": '
extract 1301/3797 item=en_TMG_21110bda0c44755b -> '{"judge_model": "MiniMax-M3", "scores": '
extract 1302/3797 item=en_TMG_75f13e188b42e3a4 -> '{"judge_model": "MiniMax-M3", "scores": '
extract 1303/3797 item=en_TMG_8d394c635baa2c58 -> '{"judge_model": "MiniMax-M3", "scores": '
extract 1304/3797 item=en_TMG_a5ecc5220e720083 -> '{"judge_model": "MiniMax-M3", "scores": '
extract 1305/3797 item=en_TMG_48549e599d21a7e0 -> '{"judge_model": "MiniMax-M3", "scores": '
extract 1306/3797 item=en_TMG_2a93a9911f936784 -> '{"judge_model": "MiniMax-M3", "scores": '
extract 1307/3797 item=en_TMG_7ac72df8931de3c6 -> '{"judge_model": "MiniMax-M3", "scores": '
extract 1308/3797 item=en_TMG_02348e4ac9c7a8d8 -> '{"judge_model": "MiniMax-M3", "scores": '
extract 1309/3797 item=en_TMG_1d7bc4228a42e580 -> '{"judge_model": "MiniMax-M3", "scores": '
extract 1310/3797 item=en_TMG_9b0cec7f30d276c0 -> '{"judge_model": "MiniMax-M3", "scores": '
extract 1311/3797 item=en_TMG_a99594e24b351886 -> '{"judge_model": "MiniMax-M3", "scores": '
extract 1312/3797 item=en_TMG_4cc86dfd84a66a26 -> '{"judge_model": "MiniMax-M3", "scores": '
extract 1313/3797 item=en_TMG_a85dd86e722eceef -> '{"judge_model": "MiniMax-M3", "scores": '
extract 1314/3797 item=en_TMG_e9d32fa786e61990 -> '{"judge_model": "MiniMax-M3", "scores": '
extract 1315/3797 item=en_TMG_9d9d75944573a3a2 -> '{"judge_model": "MiniMax-M3", "scores": '
extract 1316/3797 item=en_TMG_ac78660f0d84841a -> '{"judge_model": "MiniMax-M3", "scores": '
extract 1317/3797 item=en_TMG_e29e7cf3e7122ef3 -> '{"judge_model": "MiniMax-M3", "scores": '
extract 1318/3797 item=en_TMG_e7601e659f7a37af -> '{"judge_model": "MiniMax-M3", "scores": '
extract 1319/3797 item=en_TMG_a185b848fd133e71 -> '{"judge_model": "MiniMax-M3", "scores": '
extract 1320/3797 item=en_TMG_dd451cdd58a1c1da -> '{"judge_model": "MiniMax-M3", "scores": '
extract 1321/3797 item=en_TMG_1894ffbfeef2d6fd -> '{"judge_model": "MiniMax-M3", "scores": '
extract 1322/3797 item=en_TMG_91d76daeb8d8f766 -> '{"judge_model": "MiniMax-M3", "scores": '
extract 1323/3797 item=en_TMG_5c616b97a5566ec7 -> '{"judge_model": "MiniMax-M3", "scores": '
extract 1324/3797 item=en_TMG_152a095ef278e8cb -> '{"judge_model": "MiniMax-M3", "scores": '
extract 1325/3797 item=en_TMG_f37b6d1ee493e218 -> '{"judge_model": "MiniMax-M3", "scores": '
extract 1326/3797 item=en_TMG_ed1c4dbfa18715d5 -> '{"judge_model": "MiniMax-M3", "scores": '
extract 1327/3797 item=en_TMG_0549e41f0e21fd6c -> '{"judge_model": "MiniMax-M3", "scores": '
extract 1328/3797 item=en_TMG_8b916b027e0a09ac -> '{"judge_model": "MiniMax-M3", "scores": '
extract 1329/3797 item=en_TMG_76c2c55c467048ec -> '{"judge_model": "MiniMax-M3", "scores": '
extract 1330/3797 item=en_TMG_bd5a4339ca8a2c1f -> '{"judge_model": "MiniMax-M3", "scores": '
extract 1331/3797 item=en_TMG_94e735bcab01b932 -> '{"judge_model": "MiniMax-M3", "scores": '
extract 1332/3797 item=en_TMG_f7377b7c777a2e6b -> '{"judge_model": "MiniMax-M3", "scores": '
extract 1333/3797 item=en_TMG_97f32e6846a29c3f -> '{"judge_model": "MiniMax-M3", "scores": '
extract 1334/3797 item=en_TMG_d2ac6a3e781d6ee1 -> '{"judge_model": "MiniMax-M3", "scores": '
extract 1335/3797 item=en_TMG_8cd0e6006b91f49c -> '{"judge_model": "MiniMax-M3", "scores": '
extract 1336/3797 item=en_TMG_ed5af726be992ee9 -> '{"judge_model": "MiniMax-M3", "scores": '
extract 1337/3797 item=en_TMG_6bf05795ce9d32b3 -> '{"judge_model": "MiniMax-M3", "scores": '
extract 1338/3797 item=en_TMG_bb31a1489c0edd06 -> '{"judge_model": "MiniMax-M3", "scores": '
extract 1339/3797 item=en_TMG_082283f575a10512 -> '{"judge_model": "MiniMax-M3", "scores": '
extract 1340/3797 item=en_TMG_dceed99d436a7a5b -> '{"judge_model": "MiniMax-M3", "scores": '
extract 1341/3797 item=en_TMG_c3805df6b9d23641 -> '{"judge_model": "MiniMax-M3", "scores": '
extract 1342/3797 item=en_TMG_e837dccef1567b59 -> '{"judge_model": "MiniMax-M3", "scores": '
extract 1343/3797 item=en_TMG_994d3ee0bdff5927 -> '{"judge_model": "MiniMax-M3", "scores": '
extract 1344/3797 item=en_TMG_11c8234a66c0c1fc -> '{"judge_model": "MiniMax-M3", "scores": '
extract 1345/3797 item=en_TMG_1780035f473a11df -> '{"judge_model": "MiniMax-M3", "scores": '
extract 1346/3797 item=en_TMG_4226f9e99cb58b76 -> '{"judge_model": "MiniMax-M3", "scores": '
extract 1347/3797 item=en_TMG_5d89785f51dab8d7 -> '{"judge_model": "MiniMax-M3", "scores": '
extract 1348/3797 item=en_TMG_6ee589e9a5bfdd63 -> '{"judge_model": "MiniMax-M3", "scores": '
extract 1349/3797 item=en_TMG_f403693ea2624b38 -> '{"judge_model": "MiniMax-M3", "scores": '
extract 1350/3797 item=en_TMG_8a5a691c4cf987ea -> '{"judge_model": "MiniMax-M3", "scores": '
extract 1351/3797 item=en_TMG_a744fb802e134cf3 -> '{"judge_model": "MiniMax-M3", "scores": '
extract 1352/3797 item=en_TMG_e2f193b2fc7dcc95 -> '{"judge_model": "MiniMax-M3", "scores": '
extract 1353/3797 item=en_TMG_9c071f14bf6f3220 -> '{"judge_model": "MiniMax-M3", "scores": '
extract 1354/3797 item=en_TMG_b89e496cc611f61d -> '{"judge_model": "MiniMax-M3", "scores": '
extract 1355/3797 item=en_TMG_775c025a565057d1 -> '{"judge_model": "MiniMax-M3", "scores": '
extract 1356/3797 item=en_TMG_ec31e49d2f2b589a -> '{"judge_model": "MiniMax-M3", "scores": '
extract 1357/3797 item=en_TMG_1691ae0b69dd659e -> '{"judge_model": "MiniMax-M3", "scores": '
extract 1358/3797 item=en_TMG_843f6a37dc8b4919 -> '{"judge_model": "MiniMax-M3", "scores": '
extract 1359/3797 item=en_TMG_a1d8cb60348a42a3 -> '{"judge_model": "MiniMax-M3", "scores": '
extract 1360/3797 item=en_TMG_9963a7ff60845970 -> '{"judge_model": "MiniMax-M3", "scores": '
extract 1361/3797 item=en_TMG_69167234b411fd04 -> '{"judge_model": "MiniMax-M3", "scores": '
extract 1362/3797 item=en_TMG_50e94bcdf4f51962 -> '{"judge_model": "MiniMax-M3", "scores": '
extract 1363/3797 item=en_TMG_e41dba400cffd959 -> '{"judge_model": "MiniMax-M3", "scores": '
extract 1364/3797 item=en_TMG_faa5ddf9a353cee6 -> '{"judge_model": "MiniMax-M3", "scores": '
extract 1365/3797 item=en_TMG_814f332d1ea884b6 -> '{"judge_model": "MiniMax-M3", "scores": '
extract 1366/3797 item=en_TMG_2cda28eec3a68fe6 -> '{"judge_model": "MiniMax-M3", "scores": '
extract 1367/3797 item=en_TMG_2cb8b4dfb90f62eb -> '{"judge_model": "MiniMax-M3", "scores": '
extract 1368/3797 item=en_TMG_bd32a285c5825a5c -> '{"judge_model": "MiniMax-M3", "scores": '
extract 1369/3797 item=en_TMG_79a5ae325bc1703a -> '{"judge_model": "MiniMax-M3", "scores": '
extract 1370/3797 item=en_TMG_3cd793a347d6e123 -> '{"judge_model": "MiniMax-M3", "scores": '
extract 1371/3797 item=en_TMG_bd0679b3cf5b1364 -> '{"judge_model": "MiniMax-M3", "scores": '
extract 1372/3797 item=en_TMG_810afe93353faa3b -> '{"judge_model": "MiniMax-M3", "scores": '
extract 1373/3797 item=en_TMG_ac7d18eff63b68d6 -> '{"judge_model": "MiniMax-M3", "scores": '
extract 1374/3797 item=en_TMG_50e5471bb429c704 -> '{"judge_model": "MiniMax-M3", "scores": '
extract 1375/3797 item=en_TMG_8804ebe057375973 -> '{"judge_model": "MiniMax-M3", "scores": '
extract 1376/3797 item=en_TMG_eefdb2df83de037f -> '{"judge_model": "MiniMax-M3", "scores": '
extract 1377/3797 item=en_TMG_c874cfca2d31365f -> '{"judge_model": "MiniMax-M3", "scores": '
extract 1378/3797 item=en_TMG_38a2207ca5caf0ad -> '{"judge_model": "MiniMax-M3", "scores": '
extract 1379/3797 item=en_TMG_6bf0ab9f404b6cc2 -> '{"judge_model": "MiniMax-M3", "scores": '
extract 1380/3797 item=en_TMG_b5e6c9ad471680ed -> '{"judge_model": "MiniMax-M3", "scores": '
extract 1381/3797 item=en_TMG_479767751e019dee -> '{"judge_model": "MiniMax-M3", "scores": '
extract 1382/3797 item=en_TMG_ad34a1e439feb2be -> '{"judge_model": "MiniMax-M3", "scores": '
extract 1383/3797 item=en_TMG_22507a8dc0b67578 -> '{"judge_model": "MiniMax-M3", "scores": '
extract 1384/3797 item=en_TMG_b512e58e223ad131 -> '{"judge_model": "MiniMax-M3", "scores": '
extract 1385/3797 item=en_TMG_3419e746a1d1670e -> '{"judge_model": "MiniMax-M3", "scores": '
extract 1386/3797 item=en_TMG_a9eb2a665b348ad8 -> '{"judge_model": "MiniMax-M3", "scores": '
extract 1387/3797 item=en_TMG_96102dd6f996a428 -> '{"judge_model": "MiniMax-M3", "scores": '
extract 1388/3797 item=en_TMG_d38a95ab6e7fdc2e -> '{"judge_model": "MiniMax-M3", "scores": '
extract 1389/3797 item=en_TMG_c28d10f4bf27d1d6 -> '{"judge_model": "MiniMax-M3", "scores": '
extract 1390/3797 item=en_TMG_d4470c27a52f17e0 -> '{"judge_model": "MiniMax-M3", "scores": '
extract 1391/3797 item=en_TMG_6bbfd854e2eb2918 -> '{"judge_model": "MiniMax-M3", "scores": '
extract 1392/3797 item=en_TMG_371aa00aebf6b17b -> '{"judge_model": "MiniMax-M3", "scores": '
extract 1393/3797 item=en_TMG_dda7d5bec97c9b83 -> '{"judge_model": "MiniMax-M3", "scores": '
extract 1394/3797 item=en_TMG_ef871f91b556c5cb -> '{"judge_model": "MiniMax-M3", "scores": '
extract 1395/3797 item=en_TMG_9b589bcf56443655 -> '{"judge_model": "MiniMax-M3", "scores": '
extract 1396/3797 item=en_TMG_6132dec922c1fb79 -> '{"judge_model": "MiniMax-M3", "scores": '
extract 1397/3797 item=en_TMG_7a6ae82146e9e867 -> '{"judge_model": "MiniMax-M3", "scores": '
extract 1398/3797 item=en_TMG_07bb21fc2ccc713a -> '{"judge_model": "MiniMax-M3", "scores": '
extract 1399/3797 item=en_TMG_522672bc969caf75 -> '{"judge_model": "MiniMax-M3", "scores": '
extract 1400/3797 item=en_TMG_513d639989cb3103 -> '{"judge_model": "MiniMax-M3", "scores": '
extract 1401/3797 item=en_TMG_a6ead6d6df3b2a38 -> '{"judge_model": "MiniMax-M3", "scores": '
extract 1402/3797 item=en_TMG_e1d4190426d21ed3 -> '{"judge_model": "MiniMax-M3", "scores": '
extract 1403/3797 item=en_TMG_a6b603204528a983 -> '{"judge_model": "MiniMax-M3", "scores": '
extract 1404/3797 item=en_TMG_b3fe7ae22461c601 -> '{"judge_model": "MiniMax-M3", "scores": '
extract 1405/3797 item=en_TMG_027c183f04e3ba25 -> '{"judge_model": "MiniMax-M3", "scores": '
extract 1406/3797 item=en_TMG_41004b431e2a5d88 -> '{"judge_model": "MiniMax-M3", "scores": '
extract 1407/3797 item=en_TMG_47e7a82f77ba235f -> '{"judge_model": "MiniMax-M3", "scores": '
extract 1408/3797 item=en_TMG_2aa311068cea9c1f -> '{"judge_model": "MiniMax-M3", "scores": '
extract 1409/3797 item=en_TMG_a6aee08eae19a1fa -> '{"judge_model": "MiniMax-M3", "scores": '
extract 1410/3797 item=en_TMG_d01b8c614dac6286 -> '{"judge_model": "MiniMax-M3", "scores": '
extract 1411/3797 item=en_TMG_967ac458d1d78335 -> '{"judge_model": "MiniMax-M3", "scores": '
extract 1412/3797 item=en_TMG_6ea6b4c976f41138 -> '{"judge_model": "MiniMax-M3", "scores": '
extract 1413/3797 item=en_TMG_35f67d7e8d4acf42 -> '{"judge_model": "MiniMax-M3", "scores": '
extract 1414/3797 item=en_TMG_176e257cdf6e19e6 -> '{"judge_model": "MiniMax-M3", "scores": '
extract 1415/3797 item=en_TMG_5bdb9d98a7516a68 -> '{"judge_model": "MiniMax-M3", "scores": '
extract 1416/3797 item=en_TMG_9a5bce4f4fe11772 -> '{"judge_model": "MiniMax-M3", "scores": '
extract 1417/3797 item=en_TMG_08874d75b626ab24 -> '{"judge_model": "MiniMax-M3", "scores": '
extract 1418/3797 item=en_TMG_4d79726159bb1654 -> '{"judge_model": "MiniMax-M3", "scores": '
extract 1419/3797 item=en_TMG_452be294a39bc354 -> '{"judge_model": "MiniMax-M3", "scores": '
extract 1420/3797 item=en_TMG_7565c8785e5b5027 -> '{"judge_model": "MiniMax-M3", "scores": '
extract 1421/3797 item=en_TMG_24a0b6ab62c4db15 -> '{"judge_model": "MiniMax-M3", "scores": '
extract 1422/3797 item=en_TMG_6d5fd47a29195051 -> '{"judge_model": "MiniMax-M3", "scores": '
extract 1423/3797 item=en_TMG_b649ee10e754134a -> '{"judge_model": "MiniMax-M3", "scores": '
extract 1424/3797 item=en_TMG_4dd530bba465aa07 -> '{"judge_model": "MiniMax-M3", "scores": '
extract 1425/3797 item=en_TMG_9de2184b724f84f7 -> '{"judge_model": "MiniMax-M3", "scores": '
extract 1426/3797 item=en_TMG_a2690b70b84aa3fa -> '{"judge_model": "MiniMax-M3", "scores": '
extract 1427/3797 item=en_TMG_c89cc11c7f648756 -> '{"judge_model": "MiniMax-M3", "scores": '
extract 1428/3797 item=en_TMG_652c2d79c1440304 -> '{"judge_model": "MiniMax-M3", "scores": '
extract 1429/3797 item=en_TMG_9f14cfc8181cd602 -> '{"judge_model": "MiniMax-M3", "scores": '
extract 1430/3797 item=en_TMG_68bc29d33df414e3 -> '{"judge_model": "MiniMax-M3", "scores": '
extract 1431/3797 item=en_TMG_c71542e5f1c80860 -> '{"judge_model": "MiniMax-M3", "scores": '
extract 1432/3797 item=en_TMG_0cc6dc2b11633a68 -> '{"judge_model": "MiniMax-M3", "scores": '
extract 1433/3797 item=en_TMG_80efad8bc1d046f5 -> '{"judge_model": "MiniMax-M3", "scores": '
extract 1434/3797 item=en_TMG_d1f879abd1ee907e -> '{"judge_model": "MiniMax-M3", "scores": '
extract 1435/3797 item=en_TMG_6ec785fd40c66f13 -> '{"judge_model": "MiniMax-M3", "scores": '
extract 1436/3797 item=en_TMG_28f222778d990e5e -> '{"judge_model": "MiniMax-M3", "scores": '
extract 1437/3797 item=en_TMG_59f2e823ed96c51d -> '{"judge_model": "MiniMax-M3", "scores": '
extract 1438/3797 item=en_TMG_bec388d252d1c6c1 -> '{"judge_model": "MiniMax-M3", "scores": '
extract 1439/3797 item=en_TMG_786aa4462bb332d8 -> '{"judge_model": "MiniMax-M3", "scores": '
extract 1440/3797 item=en_TMG_ef94834847ea9c53 -> '{"judge_model": "MiniMax-M3", "scores": '
extract 1441/3797 item=en_TMG_84e6b7174ba3a723 -> '{"judge_model": "MiniMax-M3", "scores": '
extract 1442/3797 item=en_TMG_f000bf830c017047 -> '{"judge_model": "MiniMax-M3", "scores": '
extract 1443/3797 item=en_TMG_3fd0f4acdef3ebe1 -> '{"judge_model": "MiniMax-M3", "scores": '
extract 1444/3797 item=en_TMG_a06f103d69b9de42 -> '{"judge_model": "MiniMax-M3", "scores": '
extract 1445/3797 item=en_TMG_63a1a2b39718b48c -> '{"judge_model": "MiniMax-M3", "scores": '
extract 1446/3797 item=en_TMG_a8f6f81ef8daf352 -> '{"judge_model": "MiniMax-M3", "scores": '
extract 1447/3797 item=en_TMG_ce2d3121072b913c -> '{"judge_model": "MiniMax-M3", "scores": '
extract 1448/3797 item=en_TMG_e9e7025e06d17672 -> '{"judge_model": "MiniMax-M3", "scores": '
extract 1449/3797 item=en_TMG_3de9e0343bb9e622 -> '{"judge_model": "MiniMax-M3", "scores": '
extract 1450/3797 item=en_TMG_c58aeba5241f2331 -> '{"judge_model": "MiniMax-M3", "scores": '
extract 1451/3797 item=en_TMG_3c241994cffb4fed -> '{"judge_model": "MiniMax-M3", "scores": '
extract 1452/3797 item=en_TMG_8badb03849ed5af3 -> '{"judge_model": "MiniMax-M3", "scores": '
extract 1453/3797 item=en_TMG_c1d2ff2549fe2329 -> '{"judge_model": "MiniMax-M3", "scores": '
extract 1454/3797 item=en_TMG_a5388c9a709278fc -> '{"judge_model": "MiniMax-M3", "scores": '
extract 1455/3797 item=en_TMG_9ad962ff0a52468c -> '{"judge_model": "MiniMax-M3", "scores": '
extract 1456/3797 item=en_TMG_627bc644235abfff -> '{"judge_model": "MiniMax-M3", "scores": '
extract 1457/3797 item=en_TMG_645b9cc36f30b206 -> '{"judge_model": "MiniMax-M3", "scores": '
extract 1458/3797 item=en_TMG_8c81c811de02b080 -> '{"judge_model": "MiniMax-M3", "scores": '
extract 1459/3797 item=en_TMG_053369fff64605a6 -> '{"judge_model": "MiniMax-M3", "scores": '
extract 1460/3797 item=en_TMG_7c728c7c870fa51c -> '{"judge_model": "MiniMax-M3", "scores": '
extract 1461/3797 item=en_TMG_e85cfd21fa338ed7 -> '{"judge_model": "MiniMax-M3", "scores": '
extract 1462/3797 item=en_TMG_bccc8a8697116eb4 -> '{"judge_model": "MiniMax-M3", "scores": '
extract 1463/3797 item=en_TMG_2d9e1e7baec988cc -> '{"judge_model": "MiniMax-M3", "scores": '
extract 1464/3797 item=en_TMG_0638a5fb81adbb68 -> '{"judge_model": "MiniMax-M3", "scores": '
extract 1465/3797 item=en_TMG_f116e6db53db25ec -> '{"judge_model": "MiniMax-M3", "scores": '
extract 1466/3797 item=en_TMG_426bb5dd2e0e09c3 -> '{"judge_model": "MiniMax-M3", "scores": '
extract 1467/3797 item=en_TMG_82035bc8473ce925 -> '{"judge_model": "MiniMax-M3", "scores": '
extract 1468/3797 item=en_TMG_09500c4b36afaa84 -> '{"judge_model": "MiniMax-M3", "scores": '
extract 1469/3797 item=en_TMG_fe9ef78f45d5bd2e -> '{"judge_model": "MiniMax-M3", "scores": '
extract 1470/3797 item=en_TMG_e3f2d062e3e34654 -> '{"judge_model": "MiniMax-M3", "scores": '
extract 1471/3797 item=en_TMG_0e0a4a23bab6b3b3 -> '{"judge_model": "MiniMax-M3", "scores": '
extract 1472/3797 item=en_TMG_7913048f797e9cf6 -> '{"judge_model": "MiniMax-M3", "scores": '
extract 1473/3797 item=en_TMG_4221acb6e703d2b7 -> '{"judge_model": "MiniMax-M3", "scores": '
extract 1474/3797 item=en_TMG_bd9a0dbac1cbcdea -> '{"judge_model": "MiniMax-M3", "scores": '
extract 1475/3797 item=en_TMG_e56ddbc8dcec492e -> '{"judge_model": "MiniMax-M3", "scores": '
extract 1476/3797 item=en_TMG_62e3dc7ae0fc1718 -> '{"judge_model": "MiniMax-M3", "scores": '
extract 1477/3797 item=en_TMG_3fa4ec8c317cc9fa -> '{"judge_model": "MiniMax-M3", "scores": '
extract 1478/3797 item=en_TMG_38c5b72284ad85f5 -> '{"judge_model": "MiniMax-M3", "scores": '
extract 1479/3797 item=en_TMG_2c10ab36964a0a6d -> '{"judge_model": "MiniMax-M3", "scores": '
extract 1480/3797 item=en_TMG_0d4de020743fb770 -> '{"judge_model": "MiniMax-M3", "scores": '
extract 1481/3797 item=en_TMG_fb05dc137b4277d2 -> '{"judge_model": "MiniMax-M3", "scores": '
extract 1482/3797 item=en_TMG_5184d0662c35c258 -> '{"judge_model": "MiniMax-M3", "scores": '
extract 1483/3797 item=en_TMG_7b493fd228bad2a4 -> '{"judge_model": "MiniMax-M3", "scores": '
extract 1484/3797 item=en_TMG_a2b0670222738bcb -> '{"judge_model": "MiniMax-M3", "scores": '
extract 1485/3797 item=en_TMG_263026549151a1b4 -> '{"judge_model": "MiniMax-M3", "scores": '
extract 1486/3797 item=en_TMG_7c6e894d7f915073 -> '{"judge_model": "MiniMax-M3", "scores": '
extract 1487/3797 item=en_TMG_3c02551276a92f30 -> '{"judge_model": "MiniMax-M3", "scores": '
extract 1488/3797 item=en_TMG_32b93d96afd26d8d -> '{"judge_model": "MiniMax-M3", "scores": '
extract 1489/3797 item=en_TMG_f663533d1c6ba27c -> '{"judge_model": "MiniMax-M3", "scores": '
extract 1490/3797 item=en_TMG_c8bef102b5a2b79e -> '{"judge_model": "MiniMax-M3", "scores": '
extract 1491/3797 item=en_TMG_835857e1caa1e49c -> '{"judge_model": "MiniMax-M3", "scores": '
extract 1492/3797 item=en_TMG_bf9caa8e946313da -> '{"judge_model": "MiniMax-M3", "scores": '
extract 1493/3797 item=en_TMG_a9dbe5babab4065e -> '{"judge_model": "MiniMax-M3", "scores": '
extract 1494/3797 item=en_TMG_aa2fc0b2dcb98121 -> '{"judge_model": "MiniMax-M3", "scores": '
extract 1495/3797 item=en_TMG_c395e4fe0d9dd926 -> '{"judge_model": "MiniMax-M3", "scores": '
extract 1496/3797 item=en_TMG_55c25fde42b14e94 -> '{"judge_model": "MiniMax-M3", "scores": '
extract 1497/3797 item=en_TMG_fa10e286cec23ca7 -> '{"judge_model": "MiniMax-M3", "scores": '
extract 1498/3797 item=en_TMG_538ded2da631a729 -> '{"judge_model": "MiniMax-M3", "scores": '
extract 1499/3797 item=en_TMG_07641ecdee4a76fb -> '{"judge_model": "MiniMax-M3", "scores": '
extract 1500/3797 item=en_TMG_f8324c142fb1747e -> '{"judge_model": "MiniMax-M3", "scores": '
extract 1501/3797 item=en_TMG_e85f292fd4f3ebf1 -> '{"judge_model": "MiniMax-M3", "scores": '
extract 1502/3797 item=en_TMG_209c62f278ce5c82 -> '{"judge_model": "MiniMax-M3", "scores": '
extract 1503/3797 item=en_TMG_beb952d4d73e27ea -> '{"judge_model": "MiniMax-M3", "scores": '
extract 1504/3797 item=en_TMG_12c0333d320c5619 -> '{"judge_model": "MiniMax-M3", "scores": '
extract 1505/3797 item=en_TMG_7fe4a451627e08e7 -> '{"judge_model": "MiniMax-M3", "scores": '
extract 1506/3797 item=en_TMG_f61f88667fcc8132 -> '{"judge_model": "MiniMax-M3", "scores": '
extract 1507/3797 item=en_TMG_95412c7abb05f539 -> '{"judge_model": "MiniMax-M3", "scores": '
extract 1508/3797 item=en_TMG_adb62afc8e3db7db -> '{"judge_model": "MiniMax-M3", "scores": '
extract 1509/3797 item=en_TMG_ea58072de3222959 -> '{"judge_model": "MiniMax-M3", "scores": '
extract 1510/3797 item=en_TMG_7647e285039cd43a -> '{"judge_model": "MiniMax-M3", "scores": '
extract 1511/3797 item=en_TMG_c5777cb8da472e72 -> '{"judge_model": "MiniMax-M3", "scores": '
extract 1512/3797 item=en_TMG_dcd0ea1fd752d043 -> '{"judge_model": "MiniMax-M3", "scores": '
extract 1513/3797 item=en_TMG_76fcf4c3cf836bc0 -> '{"judge_model": "MiniMax-M3", "scores": '
extract 1514/3797 item=en_TMG_ea849bbeccf56b64 -> '{"judge_model": "MiniMax-M3", "scores": '
extract 1515/3797 item=en_TMG_9695a112fd95017c -> '{"judge_model": "MiniMax-M3", "scores": '
extract 1516/3797 item=en_TMG_6c539db6f35be6f4 -> '{"judge_model": "MiniMax-M3", "scores": '
extract 1517/3797 item=en_TMG_1838aaa8ae07d3f8 -> '{"judge_model": "MiniMax-M3", "scores": '
extract 1518/3797 item=en_TMG_5c0eec66c4ebdafa -> '{"judge_model": "MiniMax-M3", "scores": '
extract 1519/3797 item=en_TMG_550cc59552783ec0 -> '{"judge_model": "MiniMax-M3", "scores": '
extract 1520/3797 item=en_TMG_1a44aa0af04fae24 -> '{"judge_model": "MiniMax-M3", "scores": '
extract 1521/3797 item=en_TMG_4e4b8635f7f76b4e -> '{"judge_model": "MiniMax-M3", "scores": '
extract 1522/3797 item=en_TMG_ee1dfbc888e69939 -> '{"judge_model": "MiniMax-M3", "scores": '
extract 1523/3797 item=en_TMG_b24e27606019af7a -> '{"judge_model": "MiniMax-M3", "scores": '
extract 1524/3797 item=en_TMG_dfd46f4bbbf9847c -> '{"judge_model": "MiniMax-M3", "scores": '
extract 1525/3797 item=en_TMG_d930aca2d66ad2f1 -> '{"judge_model": "MiniMax-M3", "scores": '
extract 1526/3797 item=en_TMG_d775b3f357f1ff0f -> '{"judge_model": "MiniMax-M3", "scores": '
extract 1527/3797 item=en_TMG_22c992db42551d5f -> '{"judge_model": "MiniMax-M3", "scores": '
extract 1528/3797 item=en_TMG_cd19c12ea48e7dda -> '{"judge_model": "MiniMax-M3", "scores": '
extract 1529/3797 item=en_TMG_2b3bbb3af40d5da0 -> '{"judge_model": "MiniMax-M3", "scores": '
extract 1530/3797 item=en_TMG_23c27e05950a4aad -> '{"judge_model": "MiniMax-M3", "scores": '
extract 1531/3797 item=en_TMG_5a99f367cddc8e88 -> '{"judge_model": "MiniMax-M3", "scores": '
extract 1532/3797 item=en_TMG_d61c287dfd060251 -> '{"judge_model": "MiniMax-M3", "scores": '
extract 1533/3797 item=en_TMG_0dc62d33de07dcdd -> '{"judge_model": "MiniMax-M3", "scores": '
extract 1534/3797 item=en_TMG_f9e30a41e6aaa151 -> '{"judge_model": "MiniMax-M3", "scores": '
extract 1535/3797 item=en_TMG_7cb68eafcfd9d478 -> '{"judge_model": "MiniMax-M3", "scores": '
extract 1536/3797 item=en_TMG_928d7797865d3ca1 -> '{"judge_model": "MiniMax-M3", "scores": '
extract 1537/3797 item=en_TMG_3b0bf2fe6907c4f6 -> '{"judge_model": "MiniMax-M3", "scores": '
extract 1538/3797 item=en_TMG_db374d6b3ab2ec4d -> '{"judge_model": "MiniMax-M3", "scores": '
extract 1539/3797 item=en_TMG_226c1682c6d73139 -> '{"judge_model": "MiniMax-M3", "scores": '
extract 1540/3797 item=en_TMG_274183287a89aae2 -> '{"judge_model": "MiniMax-M3", "scores": '
extract 1541/3797 item=en_TMG_05dbf7ceb69b98df -> '{"judge_model": "MiniMax-M3", "scores": '
extract 1542/3797 item=en_TMG_b3603cd776705c75 -> '{"judge_model": "MiniMax-M3", "scores": '
extract 1543/3797 item=en_TMG_dd621adcddd3325b -> '{"judge_model": "MiniMax-M3", "scores": '
extract 1544/3797 item=en_TMG_b0c5f0aedcb643ab -> '{"judge_model": "MiniMax-M3", "scores": '
extract 1545/3797 item=en_TMG_c611eff24e468f5c -> '{"judge_model": "MiniMax-M3", "scores": '
extract 1546/3797 item=en_TMG_edc1d1ac7abe85e8 -> '{"judge_model": "MiniMax-M3", "scores": '
extract 1547/3797 item=en_TMG_ea17fad7854d9bdd -> '{"judge_model": "MiniMax-M3", "scores": '
extract 1548/3797 item=en_TMG_705204f6434d6389 -> '{"judge_model": "MiniMax-M3", "scores": '
extract 1549/3797 item=en_TMG_ba9b0edc1554d32a -> '{"judge_model": "MiniMax-M3", "scores": '
extract 1550/3797 item=en_TMG_e356ca8da8fae264 -> '{"judge_model": "MiniMax-M3", "scores": '
extract 1551/3797 item=en_TMG_840610e393074e3d -> '{"judge_model": "MiniMax-M3", "scores": '
extract 1552/3797 item=en_TMG_b7831d48f9d8c5f3 -> '{"judge_model": "MiniMax-M3", "scores": '
extract 1553/3797 item=en_TMG_99ea07613a86952c -> '{"judge_model": "MiniMax-M3", "scores": '
extract 1554/3797 item=en_TMG_0cfeb4e727eac264 -> '{"judge_model": "MiniMax-M3", "scores": '
extract 1555/3797 item=en_TMG_2b9563b90feae467 -> '{"judge_model": "MiniMax-M3", "scores": '
extract 1556/3797 item=en_TMG_5bbe03e624536686 -> '{"judge_model": "MiniMax-M3", "scores": '
extract 1557/3797 item=en_TMG_7d203c22d23eee96 -> '{"judge_model": "MiniMax-M3", "scores": '
extract 1558/3797 item=en_TMG_8c626a667fe99810 -> '{"judge_model": "MiniMax-M3", "scores": '
extract 1559/3797 item=en_TMG_3768f2c379c7d481 -> '{"judge_model": "MiniMax-M3", "scores": '
extract 1560/3797 item=en_TMG_9962792f0559c228 -> '{"judge_model": "MiniMax-M3", "scores": '
extract 1561/3797 item=en_TMG_b83f5c3f16f7eef5 -> '{"judge_model": "MiniMax-M3", "scores": '
extract 1562/3797 item=en_TMG_fe56870df6e8040b -> '{"judge_model": "MiniMax-M3", "scores": '
extract 1563/3797 item=en_TMG_a496dba9ae5e8bd2 -> '{"judge_model": "MiniMax-M3", "scores": '
extract 1564/3797 item=en_TMG_53f8260f92190abf -> '{"judge_model": "MiniMax-M3", "scores": '
extract 1565/3797 item=en_TMG_83b48d4788565ae5 -> '{"judge_model": "MiniMax-M3", "scores": '
extract 1566/3797 item=en_TMG_392b62435dc24029 -> '{"judge_model": "MiniMax-M3", "scores": '
extract 1567/3797 item=en_TMG_8669f53921911b7d -> '{"judge_model": "MiniMax-M3", "scores": '
extract 1568/3797 item=en_TMG_747850a675881a94 -> '{"judge_model": "MiniMax-M3", "scores": '
extract 1569/3797 item=en_TMG_938184ad66919e4f -> '{"judge_model": "MiniMax-M3", "scores": '
extract 1570/3797 item=en_TMG_8c1afa2ed9eb6010 -> '{"judge_model": "MiniMax-M3", "scores": '
extract 1571/3797 item=en_TMG_6bc14fbbc01f3cc7 -> '{"judge_model": "MiniMax-M3", "scores": '
extract 1572/3797 item=en_TMG_830c47f9dfd05568 -> '{"judge_model": "MiniMax-M3", "scores": '
extract 1573/3797 item=en_TMG_24e11b861835c2ec -> '{"judge_model": "MiniMax-M3", "scores": '
extract 1574/3797 item=en_TMG_1f709656d68ff89c -> '{"judge_model": "MiniMax-M3", "scores": '
extract 1575/3797 item=en_TMG_c8a082da7d988f20 -> '{"judge_model": "MiniMax-M3", "scores": '
extract 1576/3797 item=en_TMG_e85d6fdb20b3315b -> '{"judge_model": "MiniMax-M3", "scores": '
extract 1577/3797 item=en_TMG_2d414a4df351d2e7 -> '{"judge_model": "MiniMax-M3", "scores": '
extract 1578/3797 item=en_TMG_a8a32abe3473c58c -> '{"judge_model": "MiniMax-M3", "scores": '
extract 1579/3797 item=en_TMG_8e0c832c837c799c -> '{"judge_model": "MiniMax-M3", "scores": '
extract 1580/3797 item=en_TMG_6d4dbcd82c6ca64c -> '{"judge_model": "MiniMax-M3", "scores": '
extract 1581/3797 item=en_TMG_4113ec09b7986d58 -> '{"judge_model": "MiniMax-M3", "scores": '
extract 1582/3797 item=en_TMG_5eff0fe20e2977a7 -> '{"judge_model": "MiniMax-M3", "scores": '
extract 1583/3797 item=en_TMG_7f6e0ae9e448b5e2 -> '{"judge_model": "MiniMax-M3", "scores": '
extract 1584/3797 item=en_TMG_0bdf983159ac9d08 -> '{"judge_model": "MiniMax-M3", "scores": '
extract 1585/3797 item=en_TMG_4e8f4f4920b2f1a6 -> '{"judge_model": "MiniMax-M3", "scores": '
extract 1586/3797 item=en_TMG_47cba44916dacd6a -> '{"judge_model": "MiniMax-M3", "scores": '
extract 1587/3797 item=en_TMG_b87d8d34cec12456 -> '{"judge_model": "MiniMax-M3", "scores": '
extract 1588/3797 item=en_TMG_373cca9c42371a45 -> '{"judge_model": "MiniMax-M3", "scores": '
extract 1589/3797 item=en_TMG_f6525685811add43 -> '{"judge_model": "MiniMax-M3", "scores": '
extract 1590/3797 item=en_TMG_31334da1259ea954 -> '{"judge_model": "MiniMax-M3", "scores": '
extract 1591/3797 item=en_TMG_31df24c0d799e486 -> '{"judge_model": "MiniMax-M3", "scores": '
extract 1592/3797 item=en_TMG_c0ab6b85d027d4d8 -> '{"judge_model": "MiniMax-M3", "scores": '
extract 1593/3797 item=en_TMG_b5fa189b4838a013 -> '{"judge_model": "MiniMax-M3", "scores": '
extract 1594/3797 item=en_TMG_85ec51bf74cd4bcf -> '{"judge_model": "MiniMax-M3", "scores": '
extract 1595/3797 item=en_TMG_c575dc806793b083 -> '{"judge_model": "MiniMax-M3", "scores": '
extract 1596/3797 item=en_TMG_bb8559e60eb79771 -> '{"judge_model": "MiniMax-M3", "scores": '
extract 1597/3797 item=en_TMG_7e6207f1d3577727 -> '{"judge_model": "MiniMax-M3", "scores": '
extract 1598/3797 item=en_TMG_0b1f53eef4f619aa -> '{"judge_model": "MiniMax-M3", "scores": '
extract 1599/3797 item=en_TMG_26eb4224ac3656f5 -> '{"judge_model": "MiniMax-M3", "scores": '
extract 1600/3797 item=en_TMG_ce16bfc09e6ad4be -> '{"judge_model": "MiniMax-M3", "scores": '
extract 1601/3797 item=en_TMG_4991d32c278e18e4 -> '{"judge_model": "MiniMax-M3", "scores": '
extract 1602/3797 item=en_TMG_9edbee20c1642982 -> '{"judge_model": "MiniMax-M3", "scores": '
extract 1603/3797 item=en_TMG_6947e7b36f740647 -> '{"judge_model": "MiniMax-M3", "scores": '
extract 1604/3797 item=en_TMG_de4de2375d44b6a0 -> '{"judge_model": "MiniMax-M3", "scores": '
extract 1605/3797 item=en_TMG_4ccbd9d017977ce6 -> '{"judge_model": "MiniMax-M3", "scores": '
extract 1606/3797 item=en_TMG_26346570e1d1f839 -> '{"judge_model": "MiniMax-M3", "scores": '
extract 1607/3797 item=en_TMG_5a3065cf98143bf8 -> '{"judge_model": "MiniMax-M3", "scores": '
extract 1608/3797 item=en_TMG_13d5cdd953c1521b -> '{"judge_model": "MiniMax-M3", "scores": '
extract 1609/3797 item=en_TMG_4f4fdbae67e30f50 -> '{"judge_model": "MiniMax-M3", "scores": '
extract 1610/3797 item=en_TMG_98d28c3381cd5529 -> '{"judge_model": "MiniMax-M3", "scores": '
extract 1611/3797 item=en_TMG_21af952cdd104cdb -> '{"judge_model": "MiniMax-M3", "scores": '
extract 1612/3797 item=en_TMG_6e5edbc522c086d0 -> '{"judge_model": "MiniMax-M3", "scores": '
extract 1613/3797 item=en_TMG_16e8db070e46d982 -> '{"judge_model": "MiniMax-M3", "scores": '
extract 1614/3797 item=en_TMG_8db59cdfe2f8bd93 -> '{"judge_model": "MiniMax-M3", "scores": '
extract 1615/3797 item=en_TMG_f6c7d4b14eaff014 -> '{"judge_model": "MiniMax-M3", "scores": '
extract 1616/3797 item=en_TMG_d8fc100630fc6fc5 -> '{"judge_model": "MiniMax-M3", "scores": '
extract 1617/3797 item=en_TMG_9c653ea055ecea9f -> '{"judge_model": "MiniMax-M3", "scores": '
extract 1618/3797 item=en_TMG_443c610f8510b2cc -> '{"judge_model": "MiniMax-M3", "scores": '
extract 1619/3797 item=en_TMG_8eab42f57f25429c -> '{"judge_model": "MiniMax-M3", "scores": '
extract 1620/3797 item=en_TMG_a02af11cb43e82ef -> '{"judge_model": "MiniMax-M3", "scores": '
extract 1621/3797 item=en_TMG_86757acf3ddd3867 -> '{"judge_model": "MiniMax-M3", "scores": '
extract 1622/3797 item=en_TMG_7b77ac6089f91b03 -> '{"judge_model": "MiniMax-M3", "scores": '
extract 1623/3797 item=en_TMG_d0c2b20c8767f69b -> '{"judge_model": "MiniMax-M3", "scores": '
extract 1624/3797 item=en_TMG_12194318222bd14d -> '{"judge_model": "MiniMax-M3", "scores": '
extract 1625/3797 item=en_TMG_b858ea57926062f3 -> '{"judge_model": "MiniMax-M3", "scores": '
extract 1626/3797 item=en_TMG_32a9e193e9c452ac -> '{"judge_model": "MiniMax-M3", "scores": '
extract 1627/3797 item=en_TMG_860c962d0726565b -> '{"judge_model": "MiniMax-M3", "scores": '
extract 1628/3797 item=en_TMG_0ad8b9a745b56e0d -> '{"judge_model": "MiniMax-M3", "scores": '
extract 1629/3797 item=en_TMG_42813c6b3bfbcd67 -> '{"judge_model": "MiniMax-M3", "scores": '
extract 1630/3797 item=en_TMG_1ef5a9e54641c19e -> '{"judge_model": "MiniMax-M3", "scores": '
extract 1631/3797 item=en_TMG_5d285178b0791353 -> '{"judge_model": "MiniMax-M3", "scores": '
extract 1632/3797 item=en_TMG_7eca2e6d9bcef8d5 -> '{"judge_model": "MiniMax-M3", "scores": '
extract 1633/3797 item=en_TMG_bed97be7f8d747ff -> '{"judge_model": "MiniMax-M3", "scores": '
extract 1634/3797 item=en_TMG_2ea1cd4967887570 -> '{"judge_model": "MiniMax-M3", "scores": '
extract 1635/3797 item=en_TMG_042188e2a63085e4 -> '{"judge_model": "MiniMax-M3", "scores": '
extract 1636/3797 item=en_TMG_423f9386454d1f42 -> '{"judge_model": "MiniMax-M3", "scores": '
extract 1637/3797 item=en_TMG_7ea7af1cbd22888d -> '{"judge_model": "MiniMax-M3", "scores": '
extract 1638/3797 item=en_TMG_30e3a20baf3f648a -> '{"judge_model": "MiniMax-M3", "scores": '
extract 1639/3797 item=en_TMG_daffc68e6792694b -> '{"judge_model": "MiniMax-M3", "scores": '
extract 1640/3797 item=en_TMG_3bb16c1f9b5535f4 -> '{"judge_model": "MiniMax-M3", "scores": '
extract 1641/3797 item=en_TMG_6ff6b7b7e919f618 -> '{"judge_model": "MiniMax-M3", "scores": '
extract 1642/3797 item=en_TMG_58879e7116d2f1f3 -> '{"judge_model": "MiniMax-M3", "scores": '
extract 1643/3797 item=en_TMG_fe2b5db8de472db0 -> '{"judge_model": "MiniMax-M3", "scores": '
extract 1644/3797 item=en_TMG_4afd291d57828c05 -> '{"judge_model": "MiniMax-M3", "scores": '
extract 1645/3797 item=en_TMG_7ec8a04b5feccee1 -> '{"judge_model": "MiniMax-M3", "scores": '
extract 1646/3797 item=en_TMG_6a3a60d9077a7ea5 -> '{"judge_model": "MiniMax-M3", "scores": '
extract 1647/3797 item=en_TMG_c69e845442dcd52b -> '{"judge_model": "MiniMax-M3", "scores": '
extract 1648/3797 item=en_TMG_5506bc2fe739fa13 -> '{"judge_model": "MiniMax-M3", "scores": '
extract 1649/3797 item=en_TMG_72ea7f750b69dbbe -> '{"judge_model": "MiniMax-M3", "scores": '
extract 1650/3797 item=en_TMG_27a2b7dee5a24dee -> '{"judge_model": "MiniMax-M3", "scores": '
extract 1651/3797 item=en_TMG_892a473c6f49beff -> '{"judge_model": "MiniMax-M3", "scores": '
extract 1652/3797 item=en_TMG_cd0eead5a4442449 -> '{"judge_model": "MiniMax-M3", "scores": '
extract 1653/3797 item=en_TMG_7c51846bbe9bf6e0 -> '{"judge_model": "MiniMax-M3", "scores": '
extract 1654/3797 item=en_TMG_4af558e53a4a5f3e -> '{"judge_model": "MiniMax-M3", "scores": '
extract 1655/3797 item=en_TMG_462a854908f06bd6 -> '{"judge_model": "MiniMax-M3", "scores": '
extract 1656/3797 item=en_TMG_210dae41f14034b2 -> '{"judge_model": "MiniMax-M3", "scores": '
extract 1657/3797 item=en_TMG_1f150d167214c413 -> '{"judge_model": "MiniMax-M3", "scores": '
extract 1658/3797 item=en_TMG_651ab7d9a8ab1ec2 -> '{"judge_model": "MiniMax-M3", "scores": '
extract 1659/3797 item=en_TMG_68843cf796350d7b -> '{"judge_model": "MiniMax-M3", "scores": '
extract 1660/3797 item=en_TMG_305c0f7b6ac7704b -> '{"judge_model": "MiniMax-M3", "scores": '
extract 1661/3797 item=en_TMG_5e699291807d9366 -> '{"judge_model": "MiniMax-M3", "scores": '
extract 1662/3797 item=en_TMG_e925f205dd8d3bfb -> '{"judge_model": "MiniMax-M3", "scores": '
extract 1663/3797 item=en_TMG_8b70211f38083922 -> '{"judge_model": "MiniMax-M3", "scores": '
extract 1664/3797 item=en_TMG_e7f69f09c94b4c7b -> '{"judge_model": "MiniMax-M3", "scores": '
extract 1665/3797 item=en_TMG_3c189c1c622b59ab -> '{"judge_model": "MiniMax-M3", "scores": '
extract 1666/3797 item=en_TMG_5ba9f218c56c2503 -> '{"judge_model": "MiniMax-M3", "scores": '
extract 1667/3797 item=en_TMG_dfc33147766348b7 -> '{"judge_model": "MiniMax-M3", "scores": '
extract 1668/3797 item=en_TMG_5c930c63102ce2b4 -> '{"judge_model": "MiniMax-M3", "scores": '
extract 1669/3797 item=en_TMG_d5d18fd62453bd39 -> '{"judge_model": "MiniMax-M3", "scores": '
extract 1670/3797 item=en_TMG_aebbf14677ee01f1 -> '{"judge_model": "MiniMax-M3", "scores": '
extract 1671/3797 item=en_TMG_dc5783f550255712 -> '{"judge_model": "MiniMax-M3", "scores": '
extract 1672/3797 item=en_TMG_faa25d406afe6c06 -> '{"judge_model": "MiniMax-M3", "scores": '
extract 1673/3797 item=en_TMG_f838c30cc2165646 -> '{"judge_model": "MiniMax-M3", "scores": '
extract 1674/3797 item=en_TMG_69c7fd46285fe53a -> '{"judge_model": "MiniMax-M3", "scores": '
extract 1675/3797 item=en_TMG_934c0927be3d2014 -> '{"judge_model": "MiniMax-M3", "scores": '
extract 1676/3797 item=en_TMG_21dbdee85a64f2e3 -> '{"judge_model": "MiniMax-M3", "scores": '
extract 1677/3797 item=en_TMG_2cf3369e95bfa525 -> '{"judge_model": "MiniMax-M3", "scores": '
extract 1678/3797 item=en_TMG_72c3ed8683c91e5c -> '{"judge_model": "MiniMax-M3", "scores": '
extract 1679/3797 item=en_TMG_4bca9d8cceb91014 -> '{"judge_model": "MiniMax-M3", "scores": '
extract 1680/3797 item=en_TMG_d06cb22ce5b20b68 -> '{"judge_model": "MiniMax-M3", "scores": '
extract 1681/3797 item=en_TMG_3ab46fc4bc76433f -> '{"judge_model": "MiniMax-M3", "scores": '
extract 1682/3797 item=en_TMG_916212071427e38a -> '{"judge_model": "MiniMax-M3", "scores": '
extract 1683/3797 item=en_TMG_88f8160ed46bb579 -> '{"judge_model": "MiniMax-M3", "scores": '
extract 1684/3797 item=en_TMG_fe8cc5f3bfd2f6a5 -> '{"judge_model": "MiniMax-M3", "scores": '
extract 1685/3797 item=en_TMG_d52528c53c88bf2a -> '{"judge_model": "MiniMax-M3", "scores": '
extract 1686/3797 item=en_TMG_8dbe48c3ab185683 -> '{"judge_model": "MiniMax-M3", "scores": '
extract 1687/3797 item=en_TMG_aa4cfb8dceb6d962 -> '{"judge_model": "MiniMax-M3", "scores": '
extract 1688/3797 item=en_TMG_1a3da65a351f71b9 -> '{"judge_model": "MiniMax-M3", "scores": '
extract 1689/3797 item=en_TMG_61caa9b7e71b3d58 -> '{"judge_model": "MiniMax-M3", "scores": '
extract 1690/3797 item=en_TMG_4ab4bdd5ff6f3d26 -> '{"judge_model": "MiniMax-M3", "scores": '
extract 1691/3797 item=en_TMG_e3c986682666af28 -> '{"judge_model": "MiniMax-M3", "scores": '
extract 1692/3797 item=en_TMG_7d56959e86827b45 -> '{"judge_model": "MiniMax-M3", "scores": '
extract 1693/3797 item=en_TMG_a4955f62a9ee3c53 -> '{"judge_model": "MiniMax-M3", "scores": '
extract 1694/3797 item=en_TMG_01633637dd416b08 -> '{"judge_model": "MiniMax-M3", "scores": '
extract 1695/3797 item=en_TMG_26678b80b9c9f8fa -> '{"judge_model": "MiniMax-M3", "scores": '
extract 1696/3797 item=en_TMG_15a1afd936a220e5 -> '{"judge_model": "MiniMax-M3", "scores": '
extract 1697/3797 item=en_TMG_d489c690644c48ae -> '{"judge_model": "MiniMax-M3", "scores": '
extract 1698/3797 item=en_TMG_b4b77fc1b6096371 -> '{"judge_model": "MiniMax-M3", "scores": '
extract 1699/3797 item=en_TMG_202c31cab15f844a -> '{"judge_model": "MiniMax-M3", "scores": '
extract 1700/3797 item=en_TMG_7af2208a020e4a9f -> '{"judge_model": "MiniMax-M3", "scores": '
extract 1701/3797 item=en_TMG_155fd8d981d844b6 -> '{"judge_model": "MiniMax-M3", "scores": '
extract 1702/3797 item=en_TMG_0a6fa99851124ab0 -> '{"judge_model": "MiniMax-M3", "scores": '
extract 1703/3797 item=en_TMG_738102c5cb907532 -> '{"judge_model": "MiniMax-M3", "scores": '
extract 1704/3797 item=en_TMG_ba9abe9bf8b721b4 -> '{"judge_model": "MiniMax-M3", "scores": '
extract 1705/3797 item=en_TMG_9d3e6af4eebdf0f5 -> '{"judge_model": "MiniMax-M3", "scores": '
extract 1706/3797 item=en_TMG_bf091fdf63e03caf -> '{"judge_model": "MiniMax-M3", "scores": '
extract 1707/3797 item=en_TMG_b30230adbe201df7 -> '{"judge_model": "MiniMax-M3", "scores": '
extract 1708/3797 item=en_TMG_1ba02be2e0c22f83 -> '{"judge_model": "MiniMax-M3", "scores": '
extract 1709/3797 item=en_TMG_1febde8655659111 -> '{"judge_model": "MiniMax-M3", "scores": '
extract 1710/3797 item=en_TMG_012d20bfc6453d33 -> '{"judge_model": "MiniMax-M3", "scores": '
extract 1711/3797 item=en_TMG_0044a97f24fc08e9 -> '{"judge_model": "MiniMax-M3", "scores": '
extract 1712/3797 item=en_TMG_07ea1aa05f6b29a8 -> '{"judge_model": "MiniMax-M3", "scores": '
extract 1713/3797 item=en_TMG_d5a28a48e541af09 -> '{"judge_model": "MiniMax-M3", "scores": '
extract 1714/3797 item=en_TMG_5acc42cad80f8081 -> '{"judge_model": "MiniMax-M3", "scores": '
extract 1715/3797 item=en_TMG_781ea070d60689c9 -> '{"judge_model": "MiniMax-M3", "scores": '
extract 1716/3797 item=en_TMG_3bff295745fff4ee -> '{"judge_model": "MiniMax-M3", "scores": '
extract 1717/3797 item=en_TMG_e1849059752b67f8 -> '{"judge_model": "MiniMax-M3", "scores": '
extract 1718/3797 item=en_TMG_3fd50d843132c850 -> '{"judge_model": "MiniMax-M3", "scores": '
extract 1719/3797 item=en_TMG_e0ce3d54181e84c9 -> '{"judge_model": "MiniMax-M3", "scores": '
extract 1720/3797 item=en_TMG_fe4fed67a3bbce29 -> '{"judge_model": "MiniMax-M3", "scores": '
extract 1721/3797 item=en_TMG_a488851bd54c8785 -> '{"judge_model": "MiniMax-M3", "scores": '
extract 1722/3797 item=en_TMG_a7399e84c195d3a6 -> '{"judge_model": "MiniMax-M3", "scores": '
extract 1723/3797 item=en_TMG_2d170a84a7165493 -> '{"judge_model": "MiniMax-M3", "scores": '
extract 1724/3797 item=en_TMG_5faecee896c59415 -> '{"judge_model": "MiniMax-M3", "scores": '
extract 1725/3797 item=en_TMG_9153ac8477a5634e -> '{"judge_model": "MiniMax-M3", "scores": '
extract 1726/3797 item=en_TMG_a4e1cbbbfc689af3 -> '{"judge_model": "MiniMax-M3", "scores": '
extract 1727/3797 item=en_TMG_5444b1de22ddabd3 -> '{"judge_model": "MiniMax-M3", "scores": '
extract 1728/3797 item=en_TMG_350ac9e97d02d4e0 -> '{"judge_model": "MiniMax-M3", "scores": '
extract 1729/3797 item=en_TMG_c3816e5c467a7c28 -> '{"judge_model": "MiniMax-M3", "scores": '
extract 1730/3797 item=en_TMG_95ac509142ec3696 -> '{"judge_model": "MiniMax-M3", "scores": '
extract 1731/3797 item=en_TMG_fbf5fc3b2dce142a -> '{"judge_model": "MiniMax-M3", "scores": '
extract 1732/3797 item=en_TMG_81d21953f56c4fc7 -> '{"judge_model": "MiniMax-M3", "scores": '
extract 1733/3797 item=en_TMG_d1ac752d0715a143 -> '{"judge_model": "MiniMax-M3", "scores": '
extract 1734/3797 item=en_TMG_bba97ebae929a903 -> '{"judge_model": "MiniMax-M3", "scores": '
extract 1735/3797 item=en_TMG_114f3735f0685e68 -> '{"judge_model": "MiniMax-M3", "scores": '
extract 1736/3797 item=en_TMG_f35423bca0feb5ef -> '{"judge_model": "MiniMax-M3", "scores": '
extract 1737/3797 item=en_TMG_e5a12d851d17a9c5 -> '{"judge_model": "MiniMax-M3", "scores": '
extract 1738/3797 item=en_TMG_be41c874c4ec97c4 -> '{"judge_model": "MiniMax-M3", "scores": '
extract 1739/3797 item=en_TMG_423c04bcda41715a -> '{"judge_model": "MiniMax-M3", "scores": '
extract 1740/3797 item=en_TMG_9173ab7b0c1033fb -> '{"judge_model": "MiniMax-M3", "scores": '
extract 1741/3797 item=en_TMG_45de91071030e546 -> '{"judge_model": "MiniMax-M3", "scores": '
extract 1742/3797 item=en_TMG_04ce3a9138cc02bc -> '{"judge_model": "MiniMax-M3", "scores": '
extract 1743/3797 item=en_TMG_801d4b96fe43d9e7 -> '{"judge_model": "MiniMax-M3", "scores": '
extract 1744/3797 item=en_TMG_111e68c97967f481 -> '{"judge_model": "MiniMax-M3", "scores": '
extract 1745/3797 item=en_TMG_adec589d4b3fc752 -> '{"judge_model": "MiniMax-M3", "scores": '
extract 1746/3797 item=en_TMG_1e8f49c5741668a7 -> '{"judge_model": "MiniMax-M3", "scores": '
extract 1747/3797 item=en_TMG_0d307c9af2feaa22 -> '{"judge_model": "MiniMax-M3", "scores": '
extract 1748/3797 item=en_TMG_c11ecde3332156bf -> '{"judge_model": "MiniMax-M3", "scores": '
extract 1749/3797 item=en_TMG_294602f88ba7bd51 -> '{"judge_model": "MiniMax-M3", "scores": '
extract 1750/3797 item=en_TMG_cb56ee3b64c37e42 -> '{"judge_model": "MiniMax-M3", "scores": '
extract 1751/3797 item=en_TMG_37fb6c37dad22895 -> '{"judge_model": "MiniMax-M3", "scores": '
extract 1752/3797 item=en_TMG_fe7ccc6325fd8a43 -> '{"judge_model": "MiniMax-M3", "scores": '
extract 1753/3797 item=en_TMG_eeb79e3a2c563149 -> '{"judge_model": "MiniMax-M3", "scores": '
extract 1754/3797 item=en_TMG_e2c010b27bacf901 -> '{"judge_model": "MiniMax-M3", "scores": '
extract 1755/3797 item=en_TMG_8d9d52a8ce2fb8d9 -> '{"judge_model": "MiniMax-M3", "scores": '
extract 1756/3797 item=en_TMG_e6a966b49c6134df -> '{"judge_model": "MiniMax-M3", "scores": '
extract 1757/3797 item=en_TMG_8c3537cd8fe93916 -> '{"judge_model": "MiniMax-M3", "scores": '
extract 1758/3797 item=en_TMG_f100e010ec93ee3c -> '{"judge_model": "MiniMax-M3", "scores": '
extract 1759/3797 item=en_TMG_05924f6546f32f34 -> '{"judge_model": "MiniMax-M3", "scores": '
extract 1760/3797 item=en_TMG_709000b66b33ffca -> '{"judge_model": "MiniMax-M3", "scores": '
extract 1761/3797 item=en_TMG_d6ea5e67146d43a0 -> '{"judge_model": "MiniMax-M3", "scores": '
extract 1762/3797 item=en_TMG_15c383e49994191e -> '{"judge_model": "MiniMax-M3", "scores": '
extract 1763/3797 item=en_TMG_8bc839e5407c22f5 -> '{"judge_model": "MiniMax-M3", "scores": '
extract 1764/3797 item=en_TMG_2f64af825732d143 -> '{"judge_model": "MiniMax-M3", "scores": '
extract 1765/3797 item=en_TMG_306e39c8710602cb -> '{"judge_model": "MiniMax-M3", "scores": '
extract 1766/3797 item=en_TMG_46effff2d94e1966 -> '{"judge_model": "MiniMax-M3", "scores": '
extract 1767/3797 item=en_TMG_b37a40590491252e -> '{"judge_model": "MiniMax-M3", "scores": '
extract 1768/3797 item=en_TMG_5b25865b15c832f3 -> '{"judge_model": "MiniMax-M3", "scores": '
extract 1769/3797 item=en_TMG_8ee33f9cfcd06659 -> '{"judge_model": "MiniMax-M3", "scores": '
extract 1770/3797 item=en_TMG_7aa2131d14fea17a -> '{"judge_model": "MiniMax-M3", "scores": '
extract 1771/3797 item=en_TMG_5843a69ff4d63ac5 -> '{"judge_model": "MiniMax-M3", "scores": '
extract 1772/3797 item=en_TMG_44ac962a315f4fb8 -> '{"judge_model": "MiniMax-M3", "scores": '
extract 1773/3797 item=en_TMG_3cbee77eab4c35fb -> '{"judge_model": "MiniMax-M3", "scores": '
extract 1774/3797 item=en_TMG_82d74c925203df9e -> '{"judge_model": "MiniMax-M3", "scores": '
extract 1775/3797 item=en_TMG_de9e9fe991fd5f0f -> '{"judge_model": "MiniMax-M3", "scores": '
extract 1776/3797 item=en_TMG_23268fa1e46ced3a -> '{"judge_model": "MiniMax-M3", "scores": '
extract 1777/3797 item=en_TMG_855341eea813eb94 -> '{"judge_model": "MiniMax-M3", "scores": '
extract 1778/3797 item=en_TMG_7126d6ff69c87673 -> '{"judge_model": "MiniMax-M3", "scores": '
extract 1779/3797 item=en_TMG_7a1952b3c1e38fcf -> '{"judge_model": "MiniMax-M3", "scores": '
extract 1780/3797 item=en_TMG_2042066698fca850 -> '{"judge_model": "MiniMax-M3", "scores": '
extract 1781/3797 item=en_TMG_b4bc05eb422028c5 -> '{"judge_model": "MiniMax-M3", "scores": '
extract 1782/3797 item=en_TMG_d976d56eced20ebb -> '{"judge_model": "MiniMax-M3", "scores": '
extract 1783/3797 item=en_TMG_2e59ded7f5b031fa -> '{"judge_model": "MiniMax-M3", "scores": '
extract 1784/3797 item=en_TMG_19916f2684b99c9f -> '{"judge_model": "MiniMax-M3", "scores": '
extract 1785/3797 item=en_TMG_5b5e16ecfcf778bd -> '{"judge_model": "MiniMax-M3", "scores": '
extract 1786/3797 item=en_TMG_ce4ca7e5de0d7344 -> '{"judge_model": "MiniMax-M3", "scores": '
extract 1787/3797 item=en_TMG_2507ed67473b3546 -> '{"judge_model": "MiniMax-M3", "scores": '
extract 1788/3797 item=en_TMG_53ede28a9bc4eaa3 -> '{"judge_model": "MiniMax-M3", "scores": '
extract 1789/3797 item=en_TMG_3fd9ff24d3f15149 -> '{"judge_model": "MiniMax-M3", "scores": '
extract 1790/3797 item=en_TMG_210bf2b26b2b7f87 -> '{"judge_model": "MiniMax-M3", "scores": '
extract 1791/3797 item=en_TMG_d63ee96305af67e2 -> '{"judge_model": "MiniMax-M3", "scores": '
extract 1792/3797 item=en_TMG_b4fc3b5c9dd937b9 -> '{"judge_model": "MiniMax-M3", "scores": '
extract 1793/3797 item=en_TMG_3d067e9f01171eb3 -> '{"judge_model": "MiniMax-M3", "scores": '
extract 1794/3797 item=en_TMG_887fc37998f36477 -> '{"judge_model": "MiniMax-M3", "scores": '
extract 1795/3797 item=en_TMG_1b108041cf07e601 -> '{"judge_model": "MiniMax-M3", "scores": '
extract 1796/3797 item=en_TMG_f7c25858c8c161f5 -> '{"judge_model": "MiniMax-M3", "scores": '
extract 1797/3797 item=en_TMG_a590f41fc4f50b5e -> '{"judge_model": "MiniMax-M3", "scores": '
extract 1798/3797 item=en_TMG_5e6cef6cf52aae61 -> '{"judge_model": "MiniMax-M3", "scores": '
extract 1799/3797 item=en_TMG_c6ddb7833adac1d1 -> '{"judge_model": "MiniMax-M3", "scores": '
extract 1800/3797 item=en_TMG_dda8263f8f641ba2 -> '{"judge_model": "MiniMax-M3", "scores": '
extract 1801/3797 item=en_TMG_adc3ed32bdba5e54 -> '{"judge_model": "MiniMax-M3", "scores": '
extract 1802/3797 item=en_TMG_060acce367b7fcab -> '{"judge_model": "MiniMax-M3", "scores": '
extract 1803/3797 item=en_TMG_c82c1b83554e8214 -> '{"judge_model": "MiniMax-M3", "scores": '
extract 1804/3797 item=en_TMG_339b748ef87e0a6b -> '{"judge_model": "MiniMax-M3", "scores": '
extract 1805/3797 item=en_TMG_8578f738d70999fd -> '{"judge_model": "MiniMax-M3", "scores": '
extract 1806/3797 item=en_TMG_41d06c41a94fbb59 -> '{"judge_model": "MiniMax-M3", "scores": '
extract 1807/3797 item=en_TMG_36590ae793bb9bbe -> '{"judge_model": "MiniMax-M3", "scores": '
extract 1808/3797 item=en_TMG_d3505b063250b34b -> '{"judge_model": "MiniMax-M3", "scores": '
extract 1809/3797 item=en_TMG_e9a990b1c6394d9d -> '{"judge_model": "MiniMax-M3", "scores": '
extract 1810/3797 item=en_TMG_75ce2ea159441606 -> '{"judge_model": "MiniMax-M3", "scores": '
extract 1811/3797 item=en_TMG_402fcd607e8d6c79 -> '{"judge_model": "MiniMax-M3", "scores": '
extract 1812/3797 item=en_TMG_02d533628769e7e8 -> '{"judge_model": "MiniMax-M3", "scores": '
extract 1813/3797 item=en_TMG_42635bd23f7f7506 -> '{"judge_model": "MiniMax-M3", "scores": '
extract 1814/3797 item=en_TMG_cf21e1266c34ea1f -> '{"judge_model": "MiniMax-M3", "scores": '
extract 1815/3797 item=en_TMG_09615eb3af05124a -> '{"judge_model": "MiniMax-M3", "scores": '
extract 1816/3797 item=en_TMG_f538f6f49f704164 -> '{"judge_model": "MiniMax-M3", "scores": '
extract 1817/3797 item=en_TMG_639b0a6e298dc805 -> '{"judge_model": "MiniMax-M3", "scores": '
extract 1818/3797 item=en_TMG_9bf573f6d3e375b5 -> '{"judge_model": "MiniMax-M3", "scores": '
extract 1819/3797 item=en_TMG_0d9c3be5a7021ccf -> '{"judge_model": "MiniMax-M3", "scores": '
extract 1820/3797 item=en_TMG_f021f4a25f5050ec -> '{"judge_model": "MiniMax-M3", "scores": '
extract 1821/3797 item=en_TMG_7af13088ed508f01 -> '{"judge_model": "MiniMax-M3", "scores": '
extract 1822/3797 item=en_TMG_5a4bbc64538f7bc1 -> '{"judge_model": "MiniMax-M3", "scores": '
extract 1823/3797 item=en_TMG_66487cd86e175163 -> '{"judge_model": "MiniMax-M3", "scores": '
extract 1824/3797 item=en_TMG_7f88d5eb7b4d9ca6 -> '{"judge_model": "MiniMax-M3", "scores": '
extract 1825/3797 item=en_TMG_33b5ef56ded8ebe9 -> '{"judge_model": "MiniMax-M3", "scores": '
extract 1826/3797 item=en_TMG_bb924ba9c432ebde -> '{"judge_model": "MiniMax-M3", "scores": '
extract 1827/3797 item=en_TMG_734e6ce9e67853b8 -> '{"judge_model": "MiniMax-M3", "scores": '
extract 1828/3797 item=en_TMG_0f79846d53a8edf9 -> '{"judge_model": "MiniMax-M3", "scores": '
extract 1829/3797 item=en_TMG_611e9d3d4482dc7a -> '{"judge_model": "MiniMax-M3", "scores": '
extract 1830/3797 item=en_TMG_5ed761dc087fa6b6 -> '{"judge_model": "MiniMax-M3", "scores": '
extract 1831/3797 item=en_TMG_7d46bbcc53ab7a4b -> '{"judge_model": "MiniMax-M3", "scores": '
extract 1832/3797 item=en_TMG_c30908b707c4155b -> '{"judge_model": "MiniMax-M3", "scores": '
extract 1833/3797 item=en_TMG_fb434fbe05ed21a7 -> '{"judge_model": "MiniMax-M3", "scores": '
extract 1834/3797 item=en_TMG_95f6901317cb01ac -> '{"judge_model": "MiniMax-M3", "scores": '
extract 1835/3797 item=en_TMG_2e634ef0e5cedb5a -> '{"judge_model": "MiniMax-M3", "scores": '
extract 1836/3797 item=en_TMG_43b6caca636fc783 -> '{"judge_model": "MiniMax-M3", "scores": '
extract 1837/3797 item=en_TMG_ac6d993f8e3b31af -> '{"judge_model": "MiniMax-M3", "scores": '
extract 1838/3797 item=en_TMG_679c1f4fd35a8b24 -> '{"judge_model": "MiniMax-M3", "scores": '
extract 1839/3797 item=en_TMG_c978f2228bea1e95 -> '{"judge_model": "MiniMax-M3", "scores": '
extract 1840/3797 item=en_TMG_d17aa3a55c6e974a -> '{"judge_model": "MiniMax-M3", "scores": '
extract 1841/3797 item=en_TMG_d3a65f75662d15b3 -> '{"judge_model": "MiniMax-M3", "scores": '
extract 1842/3797 item=en_TMG_348136cb8d8a226e -> '{"judge_model": "MiniMax-M3", "scores": '
extract 1843/3797 item=en_TMG_908ff52a00513dd6 -> '{"judge_model": "MiniMax-M3", "scores": '
extract 1844/3797 item=en_TMG_b2c663bb6b763d42 -> '{"judge_model": "MiniMax-M3", "scores": '
extract 1845/3797 item=en_PCC_c703b9b4b1f03b69 -> '{"judge_model": "MiniMax-M3", "scores": '
extract 1846/3797 item=en_PCC_cd008507f56abcbc -> '{"judge_model": "MiniMax-M3", "scores": '
extract 1847/3797 item=en_PCC_db619de545987254 -> '{"judge_model": "MiniMax-M3", "scores": '
extract 1848/3797 item=en_PCC_23330a8627b91037 -> '{"judge_model": "MiniMax-M3", "scores": '
extract 1849/3797 item=en_PCC_3d43f7c954552b84 -> '{"judge_model": "MiniMax-M3", "scores": '
extract 1850/3797 item=en_PCC_bc9fa93270dc4700 -> '{"judge_model": "MiniMax-M3", "scores": '
extract 1851/3797 item=en_PCC_321aa6f9a17bf596 -> '{"judge_model": "MiniMax-M3", "scores": '
extract 1852/3797 item=en_PCC_cbcc32c3dce0d267 -> '{"judge_model": "MiniMax-M3", "scores": '
extract 1853/3797 item=en_PCC_21082010a7bbcae4 -> '{"judge_model": "MiniMax-M3", "scores": '
extract 1854/3797 item=en_PCC_d822900ea2576376 -> '{"judge_model": "MiniMax-M3", "scores": '
extract 1855/3797 item=en_PCC_67adbcb34a2e7319 -> '{"judge_model": "MiniMax-M3", "scores": '
extract 1856/3797 item=en_PCC_54d05a36563d200d -> '{"judge_model": "MiniMax-M3", "scores": '
extract 1857/3797 item=en_PCC_8ab316ec80a923c7 -> '{"judge_model": "MiniMax-M3", "scores": '
extract 1858/3797 item=en_PCC_66ee78c9a2844b6c -> '{"judge_model": "MiniMax-M3", "scores": '
extract 1859/3797 item=en_PCC_18ca16967af30f35 -> '{"judge_model": "MiniMax-M3", "scores": '
extract 1860/3797 item=en_PCC_afb4a90040244da2 -> '{"judge_model": "MiniMax-M3", "scores": '
extract 1861/3797 item=en_PCC_b49793be3c7ce27e -> '{"judge_model": "MiniMax-M3", "scores": '
extract 1862/3797 item=en_PCC_84cc40147e7c3e6d -> '{"judge_model": "MiniMax-M3", "scores": '
extract 1863/3797 item=en_PCC_32f2e373a78e7194 -> '{"judge_model": "MiniMax-M3", "scores": '
extract 1864/3797 item=en_PCC_9381355ba79a2d28 -> '{"judge_model": "MiniMax-M3", "scores": '
extract 1865/3797 item=en_PCC_1e8fe8afd57be73e -> '{"judge_model": "MiniMax-M3", "scores": '
extract 1866/3797 item=en_PCC_96b2bf60101304cc -> '{"judge_model": "MiniMax-M3", "scores": '
extract 1867/3797 item=en_PCC_137bd31f62e1641c -> '{"judge_model": "MiniMax-M3", "scores": '
extract 1868/3797 item=en_PCC_a3bf0d69012314f4 -> '{"judge_model": "MiniMax-M3", "scores": '
extract 1869/3797 item=en_PCC_797f40228d66c7da -> '{"judge_model": "MiniMax-M3", "scores": '
extract 1870/3797 item=en_PCC_07f66c8a19259a78 -> '{"judge_model": "MiniMax-M3", "scores": '
extract 1871/3797 item=en_PCC_d2f67d3910716c49 -> '{"judge_model": "MiniMax-M3", "scores": '
extract 1872/3797 item=en_PCC_41816968db61dd1c -> '{"judge_model": "MiniMax-M3", "scores": '
extract 1873/3797 item=en_PCC_18b00d3f55d17b2b -> '{"judge_model": "MiniMax-M3", "scores": '
extract 1874/3797 item=en_PCC_ffeedd25e00f4499 -> '{"judge_model": "MiniMax-M3", "scores": '
extract 1875/3797 item=en_PCC_7a7fc9050fed4882 -> '{"judge_model": "MiniMax-M3", "scores": '
extract 1876/3797 item=en_PCC_bf90aa67ade66224 -> '{"judge_model": "MiniMax-M3", "scores": '
extract 1877/3797 item=en_PCC_fcfe6fe5c8adb0a4 -> '{"judge_model": "MiniMax-M3", "scores": '
extract 1878/3797 item=en_PCC_f6f71bafb2eb020c -> '{"judge_model": "MiniMax-M3", "scores": '
extract 1879/3797 item=en_PCC_bd75b6df063b0d52 -> '{"judge_model": "MiniMax-M3", "scores": '
extract 1880/3797 item=en_PCC_426aebb65935d8f5 -> '{"judge_model": "MiniMax-M3", "scores": '
extract 1881/3797 item=en_PCC_126d949abf3d994a -> '{"judge_model": "MiniMax-M3", "scores": '
extract 1882/3797 item=en_PCC_8daab81489ee881e -> '{"judge_model": "MiniMax-M3", "scores": '
extract 1883/3797 item=en_PCC_9b3b727963abf598 -> '{"judge_model": "MiniMax-M3", "scores": '
extract 1884/3797 item=en_PCC_d4aab8284250cc6f -> '{"judge_model": "MiniMax-M3", "scores": '
extract 1885/3797 item=en_PCC_dca7fc70e2d1f90e -> '{"judge_model": "MiniMax-M3", "scores": '
extract 1886/3797 item=en_PCC_b6a9216fecc59879 -> '{"judge_model": "MiniMax-M3", "scores": '
extract 1887/3797 item=en_PCC_c993d7c54b00a9c4 -> '{"judge_model": "MiniMax-M3", "scores": '
extract 1888/3797 item=en_PCC_9998984f38c6afb9 -> '{"judge_model": "MiniMax-M3", "scores": '
extract 1889/3797 item=en_PCC_1158d6da9154bf83 -> '{"judge_model": "MiniMax-M3", "scores": '
extract 1890/3797 item=en_PCC_1323665b9bd08605 -> '{"judge_model": "MiniMax-M3", "scores": '
extract 1891/3797 item=en_PCC_dc03e7470dd110c0 -> '{"judge_model": "MiniMax-M3", "scores": '
extract 1892/3797 item=en_PCC_ae480ef7113c3856 -> '{"judge_model": "MiniMax-M3", "scores": '
extract 1893/3797 item=en_PCC_a65306879cca7dbe -> '{"judge_model": "MiniMax-M3", "scores": '
extract 1894/3797 item=en_PCC_3b2f5dd99daf0857 -> '{"judge_model": "MiniMax-M3", "scores": '
extract 1895/3797 item=en_PCC_53a58a50c7e696f3 -> '{"judge_model": "MiniMax-M3", "scores": '
extract 1896/3797 item=en_PCC_d3eda93a37f27558 -> '{"judge_model": "MiniMax-M3", "scores": '
extract 1897/3797 item=en_PCC_709b83fee3ee4353 -> '{"judge_model": "MiniMax-M3", "scores": '
extract 1898/3797 item=en_PCC_77c96a06d5783b34 -> '{"judge_model": "MiniMax-M3", "scores": '
extract 1899/3797 item=en_PCC_30a16845f5f281e1 -> '{"judge_model": "MiniMax-M3", "scores": '
extract 1900/3797 item=en_PCC_0e1cb422e8d15c67 -> '{"judge_model": "MiniMax-M3", "scores": '
extract 1901/3797 item=en_PCC_8de0982e17043303 -> '{"judge_model": "MiniMax-M3", "scores": '
extract 1902/3797 item=en_PCC_5524c9375053cf50 -> '{"judge_model": "MiniMax-M3", "scores": '
extract 1903/3797 item=en_PCC_5c43389b1d9ef02c -> '{"judge_model": "MiniMax-M3", "scores": '
extract 1904/3797 item=en_PCC_71403ce64af519f7 -> '{"judge_model": "MiniMax-M3", "scores": '
extract 1905/3797 item=en_PCC_3d50d9f9373a96af -> '{"judge_model": "MiniMax-M3", "scores": '
extract 1906/3797 item=en_PCC_dc03e0024f131562 -> '{"judge_model": "MiniMax-M3", "scores": '
extract 1907/3797 item=en_PCC_c7d10092145dec43 -> '{"judge_model": "MiniMax-M3", "scores": '
extract 1908/3797 item=en_PCC_d4062d64fc658911 -> '{"judge_model": "MiniMax-M3", "scores": '
extract 1909/3797 item=en_PCC_2acbf57b1ce06047 -> '{"judge_model": "MiniMax-M3", "scores": '
extract 1910/3797 item=en_PCC_56cce8ccb6557c87 -> '{"judge_model": "MiniMax-M3", "scores": '
extract 1911/3797 item=en_PCC_da0cdc6d69677bb7 -> '{"judge_model": "MiniMax-M3", "scores": '
extract 1912/3797 item=en_PCC_13a2a0f9407e04a1 -> '{"judge_model": "MiniMax-M3", "scores": '
extract 1913/3797 item=en_PCC_85f5b2b557f75162 -> '{"judge_model": "MiniMax-M3", "scores": '
extract 1914/3797 item=en_PCC_26295b9aef55e03d -> '{"judge_model": "MiniMax-M3", "scores": '
extract 1915/3797 item=en_PCC_382357d943b6bc4b -> '{"judge_model": "MiniMax-M3", "scores": '
extract 1916/3797 item=en_PCC_77473a3592901723 -> '{"judge_model": "MiniMax-M3", "scores": '
extract 1917/3797 item=en_PCC_de15093a64e4326b -> '{"judge_model": "MiniMax-M3", "scores": '
extract 1918/3797 item=en_PCC_7cf020e390fcf659 -> '{"judge_model": "MiniMax-M3", "scores": '
extract 1919/3797 item=en_PCC_167c9124bc1d29dd -> '{"judge_model": "MiniMax-M3", "scores": '
extract 1920/3797 item=en_PCC_b52c665ccd904381 -> '{"judge_model": "MiniMax-M3", "scores": '
extract 1921/3797 item=en_PCC_292828f78a92fa9a -> '{"judge_model": "MiniMax-M3", "scores": '
extract 1922/3797 item=en_PCC_0bcda3bd33e1a0ee -> '{"judge_model": "MiniMax-M3", "scores": '
extract 1923/3797 item=en_PCC_2754c8cca9415933 -> '{"judge_model": "MiniMax-M3", "scores": '
extract 1924/3797 item=en_PCC_abfe93bf753cb3d2 -> '{"judge_model": "MiniMax-M3", "scores": '
extract 1925/3797 item=en_PCC_81cfdac8b0f62ce8 -> '{"judge_model": "MiniMax-M3", "scores": '
extract 1926/3797 item=en_PCC_78a5d58f1c5579d7 -> '{"judge_model": "MiniMax-M3", "scores": '
extract 1927/3797 item=en_PCC_2805399f4b34bcdd -> '{"judge_model": "MiniMax-M3", "scores": '
extract 1928/3797 item=en_PCC_73d7c01231c00b23 -> '{"judge_model": "MiniMax-M3", "scores": '
extract 1929/3797 item=en_PCC_754d6dc20cce093a -> '{"judge_model": "MiniMax-M3", "scores": '
extract 1930/3797 item=en_PCC_172cafaf254b51e3 -> '{"judge_model": "MiniMax-M3", "scores": '
extract 1931/3797 item=en_PCC_7580e518ec3af69a -> '{"judge_model": "MiniMax-M3", "scores": '
extract 1932/3797 item=en_PCC_77b347036eb3ba87 -> '{"judge_model": "MiniMax-M3", "scores": '
extract 1933/3797 item=en_PCC_86904781bb559929 -> '{"judge_model": "MiniMax-M3", "scores": '
extract 1934/3797 item=en_PCC_15782a74facf807f -> '{"judge_model": "MiniMax-M3", "scores": '
extract 1935/3797 item=en_PCC_48a2fc877b9b1b53 -> '{"judge_model": "MiniMax-M3", "scores": '
extract 1936/3797 item=en_PCC_79c3e9c51c0f8a68 -> '{"judge_model": "MiniMax-M3", "scores": '
extract 1937/3797 item=en_PCC_9d642529b652caa4 -> '{"judge_model": "MiniMax-M3", "scores": '
extract 1938/3797 item=en_PCC_0dbffc64a9681aed -> '{"judge_model": "MiniMax-M3", "scores": '
extract 1939/3797 item=en_PCC_287f435c7913121a -> '{"judge_model": "MiniMax-M3", "scores": '
extract 1940/3797 item=en_PCC_dcfaace6c3ee1f58 -> '{"judge_model": "MiniMax-M3", "scores": '
extract 1941/3797 item=en_PCC_9fa7a7b72abb2f3c -> '{"judge_model": "MiniMax-M3", "scores": '
extract 1942/3797 item=en_PCC_64aac012339430dd -> '{"judge_model": "MiniMax-M3", "scores": '
extract 1943/3797 item=en_PCC_10ac7dbc55b3e1a3 -> '{"judge_model": "MiniMax-M3", "scores": '
extract 1944/3797 item=en_PCC_7f3cf5c4d0e3607a -> '{"judge_model": "MiniMax-M3", "scores": '
extract 1945/3797 item=en_PCC_05d298303dcb53b4 -> '{"judge_model": "MiniMax-M3", "scores": '
extract 1946/3797 item=en_PCC_6cb4bf9f1f61e46b -> '{"judge_model": "MiniMax-M3", "scores": '
extract 1947/3797 item=en_PCC_e8568c615729a50f -> '{"judge_model": "MiniMax-M3", "scores": '
extract 1948/3797 item=en_PCC_a7d7d5b6e911b9cb -> '{"judge_model": "MiniMax-M3", "scores": '
extract 1949/3797 item=en_PCC_f94b99b9d71e1407 -> '{"judge_model": "MiniMax-M3", "scores": '
extract 1950/3797 item=en_PCC_d6d566824718273a -> '{"judge_model": "MiniMax-M3", "scores": '
extract 1951/3797 item=en_PCC_8e6ad72d06c4719f -> '{"judge_model": "MiniMax-M3", "scores": '
extract 1952/3797 item=en_PCC_12fbd5d100dd3633 -> '{"judge_model": "MiniMax-M3", "scores": '
extract 1953/3797 item=en_PCC_c8f2a4a8f966bb8f -> '{"judge_model": "MiniMax-M3", "scores": '
extract 1954/3797 item=en_PCC_68603d8a700a5a1a -> '{"judge_model": "MiniMax-M3", "scores": '
extract 1955/3797 item=en_PCC_7db577b8c47ba23e -> '{"judge_model": "MiniMax-M3", "scores": '
extract 1956/3797 item=en_PCC_5ba2bee18830d909 -> '{"judge_model": "MiniMax-M3", "scores": '
extract 1957/3797 item=en_PCC_a6a9a5a0f39f5a11 -> '{"judge_model": "MiniMax-M3", "scores": '
extract 1958/3797 item=en_PCC_db5da13342d4a3c6 -> '{"judge_model": "MiniMax-M3", "scores": '
extract 1959/3797 item=en_PCC_aef951de9285014f -> '{"judge_model": "MiniMax-M3", "scores": '
extract 1960/3797 item=en_PCC_15fbe4098873be41 -> '{"judge_model": "MiniMax-M3", "scores": '
extract 1961/3797 item=en_PCC_7d8fb8ac0009fdfd -> '{"judge_model": "MiniMax-M3", "scores": '
extract 1962/3797 item=en_PCC_687ac78bf97a6fea -> '{"judge_model": "MiniMax-M3", "scores": '
extract 1963/3797 item=en_PCC_74e350a81b9104be -> '{"judge_model": "MiniMax-M3", "scores": '
extract 1964/3797 item=en_PCC_7da165e0cf4219e8 -> '{"judge_model": "MiniMax-M3", "scores": '
extract 1965/3797 item=en_PCC_58439a759ef5136a -> '{"judge_model": "MiniMax-M3", "scores": '
extract 1966/3797 item=en_PCC_5869deeab51b8d2f -> '{"judge_model": "MiniMax-M3", "scores": '
extract 1967/3797 item=en_PCC_8bf631118231bcb7 -> '{"judge_model": "MiniMax-M3", "scores": '
extract 1968/3797 item=en_PCC_9185370afb09fdc1 -> '{"judge_model": "MiniMax-M3", "scores": '
extract 1969/3797 item=en_PCC_c9b5c1d21a8abe76 -> '{"judge_model": "MiniMax-M3", "scores": '
extract 1970/3797 item=en_PCC_da7f2149f3419bd1 -> '{"judge_model": "MiniMax-M3", "scores": '
extract 1971/3797 item=en_PCC_dd16286529cd4a9f -> '{"judge_model": "MiniMax-M3", "scores": '
extract 1972/3797 item=en_PCC_6b6e29f41b551d79 -> '{"judge_model": "MiniMax-M3", "scores": '
extract 1973/3797 item=en_PCC_ee220648b8bdc1b2 -> '{"judge_model": "MiniMax-M3", "scores": '
extract 1974/3797 item=en_PCC_80382617902cf21f -> '{"judge_model": "MiniMax-M3", "scores": '
extract 1975/3797 item=en_PCC_a8a446abd98b9d8c -> '{"judge_model": "MiniMax-M3", "scores": '
extract 1976/3797 item=en_PCC_7d4b61cb1ab1878c -> '{"judge_model": "MiniMax-M3", "scores": '
extract 1977/3797 item=en_PCC_0b8f7d295829e14f -> '{"judge_model": "MiniMax-M3", "scores": '
extract 1978/3797 item=en_PCC_e3897d29d266638e -> '{"judge_model": "MiniMax-M3", "scores": '
extract 1979/3797 item=en_PCC_9665a913cd063eba -> '{"judge_model": "MiniMax-M3", "scores": '
extract 1980/3797 item=en_PCC_a19d4f8f0a4c1b03 -> '{"judge_model": "MiniMax-M3", "scores": '
extract 1981/3797 item=en_PCC_bfb3ca50427d9a24 -> '{"judge_model": "MiniMax-M3", "scores": '
extract 1982/3797 item=en_PCC_96ed9bd24a9a23e2 -> '{"judge_model": "MiniMax-M3", "scores": '
extract 1983/3797 item=en_PCC_89cabd7e8574a3a5 -> '{"judge_model": "MiniMax-M3", "scores": '
extract 1984/3797 item=en_PCC_cf8300743029af8a -> '{"judge_model": "MiniMax-M3", "scores": '
extract 1985/3797 item=en_PCC_cf94ceec77492de9 -> '{"judge_model": "MiniMax-M3", "scores": '
extract 1986/3797 item=en_PCC_0ed18ee219e99409 -> '{"judge_model": "MiniMax-M3", "scores": '
extract 1987/3797 item=en_PCC_82e9d2db8b5024f8 -> '{"judge_model": "MiniMax-M3", "scores": '
extract 1988/3797 item=en_PCC_fc41d619628ebc80 -> '{"judge_model": "MiniMax-M3", "scores": '
extract 1989/3797 item=en_PCC_1eaed9c5539da2ae -> '{"judge_model": "MiniMax-M3", "scores": '
extract 1990/3797 item=en_PCC_14139dc843936b5a -> '{"judge_model": "MiniMax-M3", "scores": '
extract 1991/3797 item=en_PCC_b66488d5daf6746a -> '{"judge_model": "MiniMax-M3", "scores": '
extract 1992/3797 item=en_PCC_a4f9a9d3b437c43f -> '{"judge_model": "MiniMax-M3", "scores": '
extract 1993/3797 item=en_PCC_dd515622b26b61fc -> '{"judge_model": "MiniMax-M3", "scores": '
extract 1994/3797 item=en_PCC_085cf8c03d141a5b -> '{"judge_model": "MiniMax-M3", "scores": '
extract 1995/3797 item=en_PCC_d9f9ee896d2167fe -> '{"judge_model": "MiniMax-M3", "scores": '
extract 1996/3797 item=en_PCC_f2599ef1fd29a7bd -> '{"judge_model": "MiniMax-M3", "scores": '
extract 1997/3797 item=en_PCC_aa3303964e0bf972 -> '{"judge_model": "MiniMax-M3", "scores": '
extract 1998/3797 item=en_PCC_60ec4bbe45ff67da -> '{"judge_model": "MiniMax-M3", "scores": '
extract 1999/3797 item=en_PCC_3b6423df314673ca -> '{"judge_model": "MiniMax-M3", "scores": '
extract 2000/3797 item=en_PCC_42204ba75d0e291a -> '{"judge_model": "MiniMax-M3", "scores": '
extract 2001/3797 item=en_PCC_256cb704bc8e8962 -> '{"judge_model": "MiniMax-M3", "scores": '
extract 2002/3797 item=en_PCC_717149fa7ab48862 -> '{"judge_model": "MiniMax-M3", "scores": '
extract 2003/3797 item=en_PCC_388ac1ea4c3a24fc -> '{"judge_model": "MiniMax-M3", "scores": '
extract 2004/3797 item=en_PCC_a59c96fe84713fd9 -> '{"judge_model": "MiniMax-M3", "scores": '
extract 2005/3797 item=en_PCC_f34508e4afbe6720 -> '{"judge_model": "MiniMax-M3", "scores": '
extract 2006/3797 item=en_PCC_b5568073c9cf1933 -> '{"judge_model": "MiniMax-M3", "scores": '
extract 2007/3797 item=en_PCC_bf1c911c217eecf3 -> '{"judge_model": "MiniMax-M3", "scores": '
extract 2008/3797 item=en_PCC_ab72e3709ae158ff -> '{"judge_model": "MiniMax-M3", "scores": '
extract 2009/3797 item=en_PCC_9a10e7a4975de5f4 -> '{"judge_model": "MiniMax-M3", "scores": '
extract 2010/3797 item=en_PCC_d60aba9f9ddc237d -> '{"judge_model": "MiniMax-M3", "scores": '
extract 2011/3797 item=en_PCC_647920849dd533a6 -> '{"judge_model": "MiniMax-M3", "scores": '
extract 2012/3797 item=en_PCC_9ea2de3ef31aa005 -> '{"judge_model": "MiniMax-M3", "scores": '
extract 2013/3797 item=en_PCC_9f00fa814e8760da -> '{"judge_model": "MiniMax-M3", "scores": '
extract 2014/3797 item=en_PCC_de3b107041cd696f -> '{"judge_model": "MiniMax-M3", "scores": '
extract 2015/3797 item=en_PCC_43268c8fd7100925 -> '{"judge_model": "MiniMax-M3", "scores": '
extract 2016/3797 item=en_PCC_d8780478be0bd5ba -> '{"judge_model": "MiniMax-M3", "scores": '
extract 2017/3797 item=en_PCC_e25a6187f48bdd4d -> '{"judge_model": "MiniMax-M3", "scores": '
extract 2018/3797 item=en_PCC_00981ec7783c43dd -> '{"judge_model": "MiniMax-M3", "scores": '
extract 2019/3797 item=en_PCC_742e21630c774082 -> '{"judge_model": "MiniMax-M3", "scores": '
extract 2020/3797 item=en_PCC_d5ad8e7e17a05d05 -> '{"judge_model": "MiniMax-M3", "scores": '
extract 2021/3797 item=en_PCC_c362b37860af08c3 -> '{"judge_model": "MiniMax-M3", "scores": '
extract 2022/3797 item=en_PCC_941b1a91089ef869 -> '{"judge_model": "MiniMax-M3", "scores": '
extract 2023/3797 item=en_PCC_3a9e2b3f7df155e8 -> '{"judge_model": "MiniMax-M3", "scores": '
extract 2024/3797 item=en_PCC_5ffc70861d82e7c9 -> '{"judge_model": "MiniMax-M3", "scores": '
extract 2025/3797 item=en_PCC_a5536db89fb62875 -> '{"judge_model": "MiniMax-M3", "scores": '
extract 2026/3797 item=en_PCC_0ce8110f05e62bb9 -> '{"judge_model": "MiniMax-M3", "scores": '
extract 2027/3797 item=en_PCC_0a3f271d99b3d064 -> '{"judge_model": "MiniMax-M3", "scores": '
extract 2028/3797 item=en_PCC_2f1106486b0dd3f4 -> '{"judge_model": "MiniMax-M3", "scores": '
extract 2029/3797 item=en_PCC_3efdbd32ee32b922 -> '{"judge_model": "MiniMax-M3", "scores": '
extract 2030/3797 item=en_PCC_9499ce8344192d51 -> '{"judge_model": "MiniMax-M3", "scores": '
extract 2031/3797 item=en_PCC_08942cf580a89133 -> '{"judge_model": "MiniMax-M3", "scores": '
extract 2032/3797 item=en_PCC_842b716507deb698 -> '{"judge_model": "MiniMax-M3", "scores": '
extract 2033/3797 item=en_PCC_8553aa47018a91e2 -> '{"judge_model": "MiniMax-M3", "scores": '
extract 2034/3797 item=en_PCC_6732dcef1959206a -> '{"judge_model": "MiniMax-M3", "scores": '
extract 2035/3797 item=en_PCC_a1e1e6ec7caf4dea -> '{"judge_model": "MiniMax-M3", "scores": '
extract 2036/3797 item=en_PCC_f8ffe94f395bc994 -> '{"judge_model": "MiniMax-M3", "scores": '
extract 2037/3797 item=en_PCC_9eca78a2ddec97f8 -> '{"judge_model": "MiniMax-M3", "scores": '
extract 2038/3797 item=en_PCC_e51344ae803d055e -> '{"judge_model": "MiniMax-M3", "scores": '
extract 2039/3797 item=en_PCC_b84ac559aa677f64 -> '{"judge_model": "MiniMax-M3", "scores": '
extract 2040/3797 item=en_PCC_0be3be1eb453fd81 -> '{"judge_model": "MiniMax-M3", "scores": '
extract 2041/3797 item=en_PCC_ca9abaabfd2569ff -> '{"judge_model": "MiniMax-M3", "scores": '
extract 2042/3797 item=en_PCC_8e2e96fe0e9fc194 -> '{"judge_model": "MiniMax-M3", "scores": '
extract 2043/3797 item=en_PCC_78806aeb7611b9aa -> '{"judge_model": "MiniMax-M3", "scores": '
extract 2044/3797 item=en_PCC_c2feaeebee76d1c8 -> '{"judge_model": "MiniMax-M3", "scores": '
extract 2045/3797 item=en_PCC_370b158dfc35f1db -> '{"judge_model": "MiniMax-M3", "scores": '
extract 2046/3797 item=en_PCC_d3d688b84ab02d54 -> '{"judge_model": "MiniMax-M3", "scores": '
extract 2047/3797 item=en_PCC_e85d8f10ee3903f4 -> '{"judge_model": "MiniMax-M3", "scores": '
extract 2048/3797 item=en_PCC_d2777216c90d87a1 -> '{"judge_model": "MiniMax-M3", "scores": '
extract 2049/3797 item=en_PCC_284954c9bd279246 -> '{"judge_model": "MiniMax-M3", "scores": '
extract 2050/3797 item=en_PCC_5eb0c88ac135fa6a -> '{"judge_model": "MiniMax-M3", "scores": '
extract 2051/3797 item=en_PCC_093af06c0b6583eb -> '{"judge_model": "MiniMax-M3", "scores": '
extract 2052/3797 item=en_PCC_29fb0019c2567da7 -> '{"judge_model": "MiniMax-M3", "scores": '
extract 2053/3797 item=en_PCC_53ed8a82a3c809f9 -> '{"judge_model": "MiniMax-M3", "scores": '
extract 2054/3797 item=en_PCC_ee7683efdf38e88d -> '{"judge_model": "MiniMax-M3", "scores": '
extract 2055/3797 item=en_PCC_5704aee3eb013c82 -> '{"judge_model": "MiniMax-M3", "scores": '
extract 2056/3797 item=en_PCC_2e0c0cd89c6d3e24 -> '{"judge_model": "MiniMax-M3", "scores": '
extract 2057/3797 item=en_PCC_0879a9ae2db332e1 -> '{"judge_model": "MiniMax-M3", "scores": '
extract 2058/3797 item=en_PCC_e65a169e8046fd16 -> '{"judge_model": "MiniMax-M3", "scores": '
extract 2059/3797 item=en_PCC_f058df66be5e979d -> '{"judge_model": "MiniMax-M3", "scores": '
extract 2060/3797 item=en_PCC_74d85380a93ac7c4 -> '{"judge_model": "MiniMax-M3", "scores": '
extract 2061/3797 item=en_PCC_15ec27812b3f161d -> '{"judge_model": "MiniMax-M3", "scores": '
extract 2062/3797 item=en_PCC_2a8a86b5add8ee7b -> '{"judge_model": "MiniMax-M3", "scores": '
extract 2063/3797 item=en_PCC_6685b224c833081d -> '{"judge_model": "MiniMax-M3", "scores": '
extract 2064/3797 item=en_PCC_0c41faa05744e3c5 -> '{"judge_model": "MiniMax-M3", "scores": '
extract 2065/3797 item=en_PCC_42ec4443bd44e69c -> '{"judge_model": "MiniMax-M3", "scores": '
extract 2066/3797 item=en_PCC_0de1819d33b001a3 -> '{"judge_model": "MiniMax-M3", "scores": '
extract 2067/3797 item=en_PCC_c16571581263c805 -> '{"judge_model": "MiniMax-M3", "scores": '
extract 2068/3797 item=en_PCC_0c98b8bd264cd74b -> '{"judge_model": "MiniMax-M3", "scores": '
extract 2069/3797 item=en_PCC_1e80903e52847f42 -> '{"judge_model": "MiniMax-M3", "scores": '
extract 2070/3797 item=en_PCC_c1ccaf800cab4b2d -> '{"judge_model": "MiniMax-M3", "scores": '
extract 2071/3797 item=en_PCC_8003ae1d0a1138fb -> '{"judge_model": "MiniMax-M3", "scores": '
extract 2072/3797 item=en_PCC_3e3f7b47e5fa9deb -> '{"judge_model": "MiniMax-M3", "scores": '
extract 2073/3797 item=en_PCC_798b3a84e5b0ef46 -> '{"judge_model": "MiniMax-M3", "scores": '
extract 2074/3797 item=en_PCC_fc648100978b16b4 -> '{"judge_model": "MiniMax-M3", "scores": '
extract 2075/3797 item=en_PCC_0fd2a3cc974f58d4 -> '{"judge_model": "MiniMax-M3", "scores": '
extract 2076/3797 item=en_PCC_ffa1ac515d1f98f9 -> '{"judge_model": "MiniMax-M3", "scores": '
extract 2077/3797 item=en_PCC_8334b5e309077400 -> '{"judge_model": "MiniMax-M3", "scores": '
extract 2078/3797 item=en_PCC_0c48a1154de2de8b -> '{"judge_model": "MiniMax-M3", "scores": '
extract 2079/3797 item=en_PCC_3d79dcab0691dab3 -> '{"judge_model": "MiniMax-M3", "scores": '
extract 2080/3797 item=en_PCC_7e6283edf1d3edce -> '{"judge_model": "MiniMax-M3", "scores": '
extract 2081/3797 item=en_PCC_16061dfc5890b99c -> '{"judge_model": "MiniMax-M3", "scores": '
extract 2082/3797 item=en_PCC_d48e871786d4d68a -> '{"judge_model": "MiniMax-M3", "scores": '
extract 2083/3797 item=en_PCC_c647eb8f63b4da3a -> '{"judge_model": "MiniMax-M3", "scores": '
extract 2084/3797 item=en_PCC_d21ddda28bf61ad8 -> '{"judge_model": "MiniMax-M3", "scores": '
extract 2085/3797 item=en_PCC_31738fc73023421c -> '{"judge_model": "MiniMax-M3", "scores": '
extract 2086/3797 item=en_PCC_a8da9ed2a100662c -> '{"judge_model": "MiniMax-M3", "scores": '
extract 2087/3797 item=en_PCC_50686e3c40320062 -> '{"judge_model": "MiniMax-M3", "scores": '
extract 2088/3797 item=en_PCC_5ad7982e58023106 -> '{"judge_model": "MiniMax-M3", "scores": '
extract 2089/3797 item=en_PCC_c8c54fa83a8862b6 -> '{"judge_model": "MiniMax-M3", "scores": '
extract 2090/3797 item=en_PCC_ca7a11c17a894616 -> '{"judge_model": "MiniMax-M3", "scores": '
extract 2091/3797 item=en_PCC_699dd3d0149cf3b6 -> '{"judge_model": "MiniMax-M3", "scores": '
extract 2092/3797 item=en_PCC_4e41170f2466cecd -> '{"judge_model": "MiniMax-M3", "scores": '
extract 2093/3797 item=en_PCC_4a1304a295de4d0b -> '{"judge_model": "MiniMax-M3", "scores": '
extract 2094/3797 item=en_PCC_a0ce52d055491c2a -> '{"judge_model": "MiniMax-M3", "scores": '
extract 2095/3797 item=en_PCC_c0ddab0fcfe90065 -> '{"judge_model": "MiniMax-M3", "scores": '
extract 2096/3797 item=en_PCC_e1aa7df388302759 -> '{"judge_model": "MiniMax-M3", "scores": '
extract 2097/3797 item=en_IP_fd591d8856fde8c4 -> '{"judge_model": "MiniMax-M3", "scores": '
extract 2098/3797 item=en_IP_88976fb0f95cd156 -> '{"judge_model": "MiniMax-M3", "scores": '
extract 2099/3797 item=en_IP_af929f4cb5077c2a -> '{"judge_model": "MiniMax-M3", "scores": '
extract 2100/3797 item=en_IP_b3b4b48428072577 -> '{"judge_model": "MiniMax-M3", "scores": '
extract 2101/3797 item=en_IP_b938a9b8d4d512f9 -> '{"judge_model": "MiniMax-M3", "scores": '
extract 2102/3797 item=en_IP_f5407ca467d6691c -> '{"judge_model": "MiniMax-M3", "scores": '
extract 2103/3797 item=en_IP_f73f7da6b3639775 -> '{"judge_model": "MiniMax-M3", "scores": '
extract 2104/3797 item=en_IP_7205f49e7995367e -> '{"judge_model": "MiniMax-M3", "scores": '
extract 2105/3797 item=en_IP_fe5cdc92b7d42ef5 -> '{"judge_model": "MiniMax-M3", "scores": '
extract 2106/3797 item=en_IP_1cd5b6c9e7b61624 -> '{"judge_model": "MiniMax-M3", "scores": '
extract 2107/3797 item=en_IP_6c5a9d162ccfb99a -> '{"judge_model": "MiniMax-M3", "scores": '
extract 2108/3797 item=en_IP_99aa55818678faea -> '{"judge_model": "MiniMax-M3", "scores": '
extract 2109/3797 item=en_IP_0bb26555444039bf -> '{"judge_model": "MiniMax-M3", "scores": '
extract 2110/3797 item=en_IP_afce977db8bedeff -> '{"judge_model": "MiniMax-M3", "scores": '
extract 2111/3797 item=en_IP_795dcbae88c6aa54 -> '{"judge_model": "MiniMax-M3", "scores": '
extract 2112/3797 item=en_IP_31d6e294466b64e7 -> '{"judge_model": "MiniMax-M3", "scores": '
extract 2113/3797 item=en_IP_cd37ead89ec27d0f -> '{"judge_model": "MiniMax-M3", "scores": '
extract 2114/3797 item=en_IP_16e628517ca1cd12 -> '{"judge_model": "MiniMax-M3", "scores": '
extract 2115/3797 item=en_IP_4c14111e9efa8f17 -> '{"judge_model": "MiniMax-M3", "scores": '
extract 2116/3797 item=en_IP_91f7289e14fe64fb -> '{"judge_model": "MiniMax-M3", "scores": '
extract 2117/3797 item=en_IP_8928558cd9f52e6d -> '{"judge_model": "MiniMax-M3", "scores": '
extract 2118/3797 item=en_IP_01a11ac4eedfd696 -> '{"judge_model": "MiniMax-M3", "scores": '
extract 2119/3797 item=en_IP_07d0d8b5670d20a9 -> '{"judge_model": "MiniMax-M3", "scores": '
extract 2120/3797 item=en_IP_2280491c75454ee1 -> '{"judge_model": "MiniMax-M3", "scores": '
extract 2121/3797 item=en_IP_63356d3aaa436f8a -> '{"judge_model": "MiniMax-M3", "scores": '
extract 2122/3797 item=en_IP_467a5ef28f4dfd81 -> '{"judge_model": "MiniMax-M3", "scores": '
extract 2123/3797 item=en_IP_aecb7a1128d7a2bf -> '{"judge_model": "MiniMax-M3", "scores": '
extract 2124/3797 item=en_IP_a8fbf0c333457478 -> '{"judge_model": "MiniMax-M3", "scores": '
extract 2125/3797 item=en_IP_6c8093494ba2c568 -> '{"judge_model": "MiniMax-M3", "scores": '
extract 2126/3797 item=en_IP_c2c1d1cabb25f5fe -> '{"judge_model": "MiniMax-M3", "scores": '
extract 2127/3797 item=en_IP_9b2a5cec825da225 -> '{"judge_model": "MiniMax-M3", "scores": '
extract 2128/3797 item=en_IP_01b09d07ff3ab355 -> '{"judge_model": "MiniMax-M3", "scores": '
extract 2129/3797 item=en_IP_5188afad51aec660 -> '{"judge_model": "MiniMax-M3", "scores": '
extract 2130/3797 item=en_IP_efa589dadf6dcb28 -> '{"judge_model": "MiniMax-M3", "scores": '
extract 2131/3797 item=en_IP_b7ebf63380c8e4f0 -> '{"judge_model": "MiniMax-M3", "scores": '
extract 2132/3797 item=en_IP_b213526c0f22493c -> '{"judge_model": "MiniMax-M3", "scores": '
extract 2133/3797 item=en_IP_a2cc9bd8f0938ec5 -> '{"judge_model": "MiniMax-M3", "scores": '
extract 2134/3797 item=en_IP_620e3dbfc1e22039 -> '{"judge_model": "MiniMax-M3", "scores": '
extract 2135/3797 item=en_IP_ede59147000e50a0 -> '{"judge_model": "MiniMax-M3", "scores": '
extract 2136/3797 item=en_IP_8369b536f8d06de4 -> '{"judge_model": "MiniMax-M3", "scores": '
extract 2137/3797 item=en_IP_7b5755555f9eb958 -> '{"judge_model": "MiniMax-M3", "scores": '
extract 2138/3797 item=en_IP_005672ebd066ffba -> '{"judge_model": "MiniMax-M3", "scores": '
extract 2139/3797 item=en_IP_d25ba2479e92b687 -> '{"judge_model": "MiniMax-M3", "scores": '
extract 2140/3797 item=en_IP_79375338b52961cc -> '{"judge_model": "MiniMax-M3", "scores": '
extract 2141/3797 item=en_IP_e96224b8dcf84ad0 -> '{"judge_model": "MiniMax-M3", "scores": '
extract 2142/3797 item=en_IP_e827bd6ef7e77e55 -> '{"judge_model": "MiniMax-M3", "scores": '
extract 2143/3797 item=en_IP_f1595eb6f2d5dac5 -> '{"judge_model": "MiniMax-M3", "scores": '
extract 2144/3797 item=en_IP_a50cc1a267298195 -> '{"judge_model": "MiniMax-M3", "scores": '
extract 2145/3797 item=en_IP_e6528b1cdcffd40f -> '{"judge_model": "MiniMax-M3", "scores": '
extract 2146/3797 item=en_IP_1ef7d3d48ab769bf -> '{"judge_model": "MiniMax-M3", "scores": '
extract 2147/3797 item=en_IP_d47cf94ad11ef8db -> '{"judge_model": "MiniMax-M3", "scores": '
extract 2148/3797 item=en_IP_4e58379f0e6b65ec -> '{"judge_model": "MiniMax-M3", "scores": '
extract 2149/3797 item=en_IP_ed3fa1d7feb3d59f -> '{"judge_model": "MiniMax-M3", "scores": '
extract 2150/3797 item=en_IP_3aab67e42d3967b1 -> '{"judge_model": "MiniMax-M3", "scores": '
extract 2151/3797 item=en_IP_e0c4af7d9b57a51c -> '{"judge_model": "MiniMax-M3", "scores": '
extract 2152/3797 item=en_IP_13e50ae0537ecdbf -> '{"judge_model": "MiniMax-M3", "scores": '
extract 2153/3797 item=en_IP_f9d083a35f37a5f7 -> '{"judge_model": "MiniMax-M3", "scores": '
extract 2154/3797 item=en_IP_09a5bdefcbc7bb76 -> '{"judge_model": "MiniMax-M3", "scores": '
extract 2155/3797 item=en_IP_53087975fdfd4d39 -> '{"judge_model": "MiniMax-M3", "scores": '
extract 2156/3797 item=en_IP_8605272c0a892fea -> '{"judge_model": "MiniMax-M3", "scores": '
extract 2157/3797 item=en_IP_57c60f7ba663bd32 -> '{"judge_model": "MiniMax-M3", "scores": '
extract 2158/3797 item=en_IP_2f254b0a8faebc87 -> '{"judge_model": "MiniMax-M3", "scores": '
extract 2159/3797 item=en_IP_07ff5d6c8d70c140 -> '{"judge_model": "MiniMax-M3", "scores": '
extract 2160/3797 item=en_IP_f5af69168efd19f9 -> '{"judge_model": "MiniMax-M3", "scores": '
extract 2161/3797 item=en_IP_a0d7c08f49c47d42 -> '{"judge_model": "MiniMax-M3", "scores": '
extract 2162/3797 item=en_IP_c887f67f2d0bdb82 -> '{"judge_model": "MiniMax-M3", "scores": '
extract 2163/3797 item=en_IP_0065d2d0248baab1 -> '{"judge_model": "MiniMax-M3", "scores": '
extract 2164/3797 item=en_IP_11bd4648768f54f9 -> '{"judge_model": "MiniMax-M3", "scores": '
extract 2165/3797 item=en_IP_ea5cf6506b6b31d7 -> '{"judge_model": "MiniMax-M3", "scores": '
extract 2166/3797 item=en_IP_c2904b8d2a025fea -> '{"judge_model": "MiniMax-M3", "scores": '
extract 2167/3797 item=en_IP_3857eaf6c087b0a3 -> '{"judge_model": "MiniMax-M3", "scores": '
extract 2168/3797 item=en_IP_f8a77e6a38dd7d52 -> '{"judge_model": "MiniMax-M3", "scores": '
extract 2169/3797 item=en_IP_7731db9cd24792e0 -> '{"judge_model": "MiniMax-M3", "scores": '
extract 2170/3797 item=en_IP_9c54137b15ad7743 -> '{"judge_model": "MiniMax-M3", "scores": '
extract 2171/3797 item=en_IP_e4118484d30fc5f3 -> '{"judge_model": "MiniMax-M3", "scores": '
extract 2172/3797 item=en_IP_49df9e9f7dee93e9 -> '{"judge_model": "MiniMax-M3", "scores": '
extract 2173/3797 item=en_IP_185d87eb17b5994c -> '{"judge_model": "MiniMax-M3", "scores": '
extract 2174/3797 item=en_IP_65581b7f10f1aceb -> '{"judge_model": "MiniMax-M3", "scores": '
extract 2175/3797 item=en_IP_4299157490e9fea7 -> '{"judge_model": "MiniMax-M3", "scores": '
extract 2176/3797 item=en_IP_881b786d63825a33 -> '{"judge_model": "MiniMax-M3", "scores": '
extract 2177/3797 item=en_IP_f05a14caaca67788 -> '{"judge_model": "MiniMax-M3", "scores": '
extract 2178/3797 item=en_IP_1e4f737c41245629 -> '{"judge_model": "MiniMax-M3", "scores": '
extract 2179/3797 item=en_IP_9d96909c1d6ee7e7 -> '{"judge_model": "MiniMax-M3", "scores": '
extract 2180/3797 item=en_IP_bfb9742d77b97c7a -> '{"judge_model": "MiniMax-M3", "scores": '
extract 2181/3797 item=en_IP_b017089b2d8ab063 -> '{"judge_model": "MiniMax-M3", "scores": '
extract 2182/3797 item=en_IP_1c08005281727b8a -> '{"judge_model": "MiniMax-M3", "scores": '
extract 2183/3797 item=en_IP_1631f52c24ce7a5c -> '{"judge_model": "MiniMax-M3", "scores": '
extract 2184/3797 item=en_IP_49fa75fcea4db023 -> '{"judge_model": "MiniMax-M3", "scores": '
extract 2185/3797 item=en_IP_2c31efe818fb2cc3 -> '{"judge_model": "MiniMax-M3", "scores": '
extract 2186/3797 item=en_IP_dc5626f0e82f60b9 -> '{"judge_model": "MiniMax-M3", "scores": '
extract 2187/3797 item=en_IP_bdb7a9b66f6fa2de -> '{"judge_model": "MiniMax-M3", "scores": '
extract 2188/3797 item=en_IP_a0d0a8412c1704e2 -> '{"judge_model": "MiniMax-M3", "scores": '
extract 2189/3797 item=en_IP_885288f4007b7c2f -> '{"judge_model": "MiniMax-M3", "scores": '
extract 2190/3797 item=en_IP_7d3859eef138695f -> '{"judge_model": "MiniMax-M3", "scores": '
extract 2191/3797 item=en_IP_15000fb8fe91d738 -> '{"judge_model": "MiniMax-M3", "scores": '
extract 2192/3797 item=en_IP_7937f1cc8d8b1bcb -> '{"judge_model": "MiniMax-M3", "scores": '
extract 2193/3797 item=en_IP_b0f18eff59dbbf10 -> '{"judge_model": "MiniMax-M3", "scores": '
extract 2194/3797 item=en_IP_4bf79deef67b326f -> '{"judge_model": "MiniMax-M3", "scores": '
extract 2195/3797 item=en_IP_602349dfdb5964d0 -> '{"judge_model": "MiniMax-M3", "scores": '
extract 2196/3797 item=en_IP_6781a1d0844b325e -> '{"judge_model": "MiniMax-M3", "scores": '
extract 2197/3797 item=en_IP_639680c1a024d1e5 -> '{"judge_model": "MiniMax-M3", "scores": '
extract 2198/3797 item=en_IP_96e12d72071511b6 -> '{"judge_model": "MiniMax-M3", "scores": '
extract 2199/3797 item=en_IP_53d625e6cc08de46 -> '{"judge_model": "MiniMax-M3", "scores": '
extract 2200/3797 item=en_IP_6bcd214ce1ee7837 -> '{"judge_model": "MiniMax-M3", "scores": '
extract 2201/3797 item=en_IP_c32fb4b777e9334e -> '{"judge_model": "MiniMax-M3", "scores": '
extract 2202/3797 item=en_IP_9266ab87b2fab167 -> '{"judge_model": "MiniMax-M3", "scores": '
extract 2203/3797 item=en_IP_de7a7c2b666e570f -> '{"judge_model": "MiniMax-M3", "scores": '
extract 2204/3797 item=en_IP_85a6db7af6466a24 -> '{"judge_model": "MiniMax-M3", "scores": '
extract 2205/3797 item=en_IP_89fea9d55b1bcb89 -> '{"judge_model": "MiniMax-M3", "scores": '
extract 2206/3797 item=en_IP_998f511e96064544 -> '{"judge_model": "MiniMax-M3", "scores": '
extract 2207/3797 item=en_IP_3a76134a29c4c8c8 -> '{"judge_model": "MiniMax-M3", "scores": '
extract 2208/3797 item=en_IP_80c5b440637ca2fd -> '{"judge_model": "MiniMax-M3", "scores": '
extract 2209/3797 item=en_IP_ef8474057d1a37c0 -> '{"judge_model": "MiniMax-M3", "scores": '
extract 2210/3797 item=en_IP_cc915c7bd978725d -> '{"judge_model": "MiniMax-M3", "scores": '
extract 2211/3797 item=en_IP_949b99a43c1728ad -> '{"judge_model": "MiniMax-M3", "scores": '
extract 2212/3797 item=en_IP_87a5bb01834c65b4 -> '{"judge_model": "MiniMax-M3", "scores": '
extract 2213/3797 item=en_IP_0f60497573c672ef -> '{"judge_model": "MiniMax-M3", "scores": '
extract 2214/3797 item=en_IP_c6bb59480a0f669c -> '{"judge_model": "MiniMax-M3", "scores": '
extract 2215/3797 item=en_IP_021c03f026c3b5dd -> '{"judge_model": "MiniMax-M3", "scores": '
extract 2216/3797 item=en_IP_d5eb53b707e7281a -> '{"judge_model": "MiniMax-M3", "scores": '
extract 2217/3797 item=en_IP_fc118847ef0f1f1e -> '{"judge_model": "MiniMax-M3", "scores": '
extract 2218/3797 item=en_IP_c35c5ec42ad313b1 -> '{"judge_model": "MiniMax-M3", "scores": '
extract 2219/3797 item=en_IP_92fc3a9b65e473bd -> '{"judge_model": "MiniMax-M3", "scores": '
extract 2220/3797 item=en_IP_8f00c77ee4cba872 -> '{"judge_model": "MiniMax-M3", "scores": '
extract 2221/3797 item=en_IP_212593a9453dc7d0 -> '{"judge_model": "MiniMax-M3", "scores": '
extract 2222/3797 item=en_IP_13778632ae59b5fc -> '{"judge_model": "MiniMax-M3", "scores": '
extract 2223/3797 item=en_IP_8d74df3f905707a9 -> '{"judge_model": "MiniMax-M3", "scores": '
extract 2224/3797 item=en_IP_61acc01f7314cc48 -> '{"judge_model": "MiniMax-M3", "scores": '
extract 2225/3797 item=en_IP_eeb5b72c58c6a17c -> '{"judge_model": "MiniMax-M3", "scores": '
extract 2226/3797 item=en_IP_44c524907aad7b61 -> '{"judge_model": "MiniMax-M3", "scores": '
extract 2227/3797 item=en_IP_9ea040ec22cb96a3 -> '{"judge_model": "MiniMax-M3", "scores": '
extract 2228/3797 item=en_IP_4c378f9c4d517fe1 -> '{"judge_model": "MiniMax-M3", "scores": '
extract 2229/3797 item=en_IP_b793c430d2319c35 -> '{"judge_model": "MiniMax-M3", "scores": '
extract 2230/3797 item=en_IP_f911081043c994af -> '{"judge_model": "MiniMax-M3", "scores": '
extract 2231/3797 item=en_IP_8791642b3478091d -> '{"judge_model": "MiniMax-M3", "scores": '
extract 2232/3797 item=en_IP_e061145eddc7d07e -> '{"judge_model": "MiniMax-M3", "scores": '
extract 2233/3797 item=en_IP_482af0eb0e098a77 -> '{"judge_model": "MiniMax-M3", "scores": '
extract 2234/3797 item=en_IP_6644db925ad74823 -> '{"judge_model": "MiniMax-M3", "scores": '
extract 2235/3797 item=en_IP_40b657a5ff0d0a9f -> '{"judge_model": "MiniMax-M3", "scores": '
extract 2236/3797 item=en_IP_7fe79f079064a625 -> '{"judge_model": "MiniMax-M3", "scores": '
extract 2237/3797 item=en_IP_553c0ce91e456d5a -> '{"judge_model": "MiniMax-M3", "scores": '
extract 2238/3797 item=en_IP_c6658a145dd37a0b -> '{"judge_model": "MiniMax-M3", "scores": '
extract 2239/3797 item=en_IP_b7cfbbfde16e879a -> '{"judge_model": "MiniMax-M3", "scores": '
extract 2240/3797 item=en_IP_1510558f15c8ee69 -> '{"judge_model": "MiniMax-M3", "scores": '
extract 2241/3797 item=en_IP_ba6029983746fadd -> '{"judge_model": "MiniMax-M3", "scores": '
extract 2242/3797 item=en_IP_79bb3c0872744d1b -> '{"judge_model": "MiniMax-M3", "scores": '
extract 2243/3797 item=en_IP_93dc0166f59697e3 -> '{"judge_model": "MiniMax-M3", "scores": '
extract 2244/3797 item=en_IP_229a09b3fd10dc54 -> '{"judge_model": "MiniMax-M3", "scores": '
extract 2245/3797 item=en_IP_70778db19a6c0f6a -> '{"judge_model": "MiniMax-M3", "scores": '
extract 2246/3797 item=en_IP_b80f73f4d3504906 -> '{"judge_model": "MiniMax-M3", "scores": '
extract 2247/3797 item=en_IP_1b8b92196ce35309 -> '{"judge_model": "MiniMax-M3", "scores": '
extract 2248/3797 item=en_IP_5801354a9461108f -> '{"judge_model": "MiniMax-M3", "scores": '
extract 2249/3797 item=en_IP_76834dd28c3a3aee -> '{"judge_model": "MiniMax-M3", "scores": '
extract 2250/3797 item=en_IP_4a02a4960e129e54 -> '{"judge_model": "MiniMax-M3", "scores": '
extract 2251/3797 item=en_IP_426a8d337d8282ad -> '{"judge_model": "MiniMax-M3", "scores": '
extract 2252/3797 item=en_IP_8b785f39268d2c85 -> '{"judge_model": "MiniMax-M3", "scores": '
extract 2253/3797 item=en_IP_768f08138a9c2652 -> '{"judge_model": "MiniMax-M3", "scores": '
extract 2254/3797 item=en_IP_4bba7a16543907ba -> '{"judge_model": "MiniMax-M3", "scores": '
extract 2255/3797 item=en_IP_bd05c5ce83d8a23a -> '{"judge_model": "MiniMax-M3", "scores": '
extract 2256/3797 item=en_IP_8948f15207e5e3a7 -> '{"judge_model": "MiniMax-M3", "scores": '
extract 2257/3797 item=en_IP_2000c90f65b8c0dd -> '{"judge_model": "MiniMax-M3", "scores": '
extract 2258/3797 item=en_IP_d2477c9c9342dfd4 -> '{"judge_model": "MiniMax-M3", "scores": '
extract 2259/3797 item=en_IP_56b12cc0252bd7f3 -> '{"judge_model": "MiniMax-M3", "scores": '
extract 2260/3797 item=en_IP_6be1316ea5cf0eb9 -> '{"judge_model": "MiniMax-M3", "scores": '
extract 2261/3797 item=en_IP_343b42c2133d754e -> '{"judge_model": "MiniMax-M3", "scores": '
extract 2262/3797 item=en_IP_8cda312f198b2825 -> '{"judge_model": "MiniMax-M3", "scores": '
extract 2263/3797 item=en_IP_b14cb77b6d28a965 ERROR reason="EduBench judge returned unparseable scores: ''"
extract 2264/3797 item=en_IP_90adf076902d7474 ERROR reason="EduBench judge returned unparseable scores: ''"
extract 2265/3797 item=en_IP_a04b87f4d014d4fe ERROR reason="EduBench judge returned unparseable scores: ''"
extract 2266/3797 item=en_IP_d968da6c12902e48 ERROR reason="EduBench judge returned unparseable scores: ''"
extract 2267/3797 item=en_IP_625c6f1adb26ee32 ERROR reason="EduBench judge returned unparseable scores: ''"
extract 2268/3797 item=en_IP_00c214f02d6aaf30 ERROR reason="EduBench judge returned unparseable scores: ''"
extract 2269/3797 item=en_IP_a104d67b790c76e1 ERROR reason="EduBench judge returned unparseable scores: ''"
extract 2270/3797 item=en_IP_27d91da340cead5b ERROR reason="EduBench judge returned unparseable scores: ''"
extract 2271/3797 item=en_IP_81c8f4d894025c6e ERROR reason="EduBench judge returned unparseable scores: ''"
extract 2272/3797 item=en_IP_5d74f3fa04e00960 ERROR reason="EduBench judge returned unparseable scores: ''"
extract 2273/3797 item=en_IP_d1820f325cfa0447 ERROR reason="EduBench judge returned unparseable scores: ''"
extract 2274/3797 item=en_IP_3e7addd67dbefb4b ERROR reason="EduBench judge returned unparseable scores: ''"
extract 2275/3797 item=en_IP_2f2ac12a1faa0bb8 ERROR reason="EduBench judge returned unparseable scores: ''"
extract 2276/3797 item=en_IP_c19054b0a33c00a2 ERROR reason="EduBench judge returned unparseable scores: ''"
extract 2277/3797 item=en_IP_2f7c2510766eec11 ERROR reason="EduBench judge returned unparseable scores: ''"
extract 2278/3797 item=en_IP_025ab03bf427dc2c ERROR reason="EduBench judge returned unparseable scores: ''"
extract 2279/3797 item=en_IP_f0809a2e962152c3 ERROR reason="EduBench judge returned unparseable scores: ''"
extract 2280/3797 item=en_IP_1a9db8844b9277c9 ERROR reason="EduBench judge returned unparseable scores: ''"
extract 2281/3797 item=en_IP_28be54fd90153dca ERROR reason="EduBench judge returned unparseable scores: ''"
extract 2282/3797 item=en_IP_a13793bac324a81d ERROR reason="EduBench judge returned unparseable scores: ''"
extract 2283/3797 item=en_IP_17ac2bba435f351b ERROR reason="EduBench judge returned unparseable scores: ''"
extract 2284/3797 item=en_IP_973bedd1a28da9f0 -> '{"judge_model": "MiniMax-M3", "scores": '
extract 2285/3797 item=en_IP_e97f23a477c818b0 ERROR reason="EduBench judge returned unparseable scores: ''"
extract 2286/3797 item=en_IP_36c0f6ec915caea0 ERROR reason="EduBench judge returned unparseable scores: ''"
extract 2287/3797 item=en_IP_b8f80bfe8adec847 -> '{"judge_model": "MiniMax-M3", "scores": '
extract 2288/3797 item=en_IP_13167f6470806514 ERROR reason="EduBench judge returned unparseable scores: ''"
extract 2289/3797 item=en_IP_b20afb2d0afe9beb -> '{"judge_model": "MiniMax-M3", "scores": '
extract 2290/3797 item=en_IP_33223d8244d24f94 -> '{"judge_model": "MiniMax-M3", "scores": '
extract 2291/3797 item=en_IP_97d55f252d42761e -> '{"judge_model": "MiniMax-M3", "scores": '
extract 2292/3797 item=en_IP_7815b64e3a591957 -> '{"judge_model": "MiniMax-M3", "scores": '
extract 2293/3797 item=en_IP_dd444f3b328d4a5e -> '{"judge_model": "MiniMax-M3", "scores": '
extract 2294/3797 item=en_IP_2bceff0016a5bd2b -> '{"judge_model": "MiniMax-M3", "scores": '
extract 2295/3797 item=en_IP_369110aec160201e -> '{"judge_model": "MiniMax-M3", "scores": '
extract 2296/3797 item=en_IP_ab9b27309e027e31 -> '{"judge_model": "MiniMax-M3", "scores": '
extract 2297/3797 item=en_IP_7fe2613fd31a1c73 -> '{"judge_model": "MiniMax-M3", "scores": '
extract 2298/3797 item=en_IP_9d5b8db25a7d812c -> '{"judge_model": "MiniMax-M3", "scores": '
extract 2299/3797 item=en_IP_76950e6003d04aa0 -> '{"judge_model": "MiniMax-M3", "scores": '
extract 2300/3797 item=en_IP_9288606e0e8f3f69 -> '{"judge_model": "MiniMax-M3", "scores": '
extract 2301/3797 item=en_IP_b2d8ad588cfb3841 -> '{"judge_model": "MiniMax-M3", "scores": '
extract 2302/3797 item=en_IP_5a6e03a4d57ee6c0 -> '{"judge_model": "MiniMax-M3", "scores": '
extract 2303/3797 item=en_IP_000ee3df169fd87e -> '{"judge_model": "MiniMax-M3", "scores": '
extract 2304/3797 item=en_IP_b865a6635f80e689 -> '{"judge_model": "MiniMax-M3", "scores": '
extract 2305/3797 item=en_IP_488fb7493d346798 -> '{"judge_model": "MiniMax-M3", "scores": '
extract 2306/3797 item=en_IP_7fb40c5d5c31b3ef -> '{"judge_model": "MiniMax-M3", "scores": '
extract 2307/3797 item=en_IP_4309ff9b63391d95 -> '{"judge_model": "MiniMax-M3", "scores": '
extract 2308/3797 item=en_IP_9e6f756642e2a018 -> '{"judge_model": "MiniMax-M3", "scores": '
extract 2309/3797 item=en_IP_24a47ac8915f1ae1 -> '{"judge_model": "MiniMax-M3", "scores": '
extract 2310/3797 item=en_IP_38a7fa69cbccb805 -> '{"judge_model": "MiniMax-M3", "scores": '
extract 2311/3797 item=en_IP_c6758e9876eeb2d9 -> '{"judge_model": "MiniMax-M3", "scores": '
extract 2312/3797 item=en_IP_3a1a9e20154e1150 -> '{"judge_model": "MiniMax-M3", "scores": '
extract 2313/3797 item=en_IP_534df1c181d506c8 -> '{"judge_model": "MiniMax-M3", "scores": '
extract 2314/3797 item=en_IP_68410f0bb2b8e1fd -> '{"judge_model": "MiniMax-M3", "scores": '
extract 2315/3797 item=en_IP_b182b05656870220 -> '{"judge_model": "MiniMax-M3", "scores": '
extract 2316/3797 item=en_IP_5c5e99e7ca1d37bf -> '{"judge_model": "MiniMax-M3", "scores": '
extract 2317/3797 item=en_IP_226de244eed94780 -> '{"judge_model": "MiniMax-M3", "scores": '
extract 2318/3797 item=en_IP_779e63ebe047a7eb -> '{"judge_model": "MiniMax-M3", "scores": '
extract 2319/3797 item=en_IP_beaa7239a4f3204d -> '{"judge_model": "MiniMax-M3", "scores": '
extract 2320/3797 item=en_IP_b2a8a7c0a26d2198 -> '{"judge_model": "MiniMax-M3", "scores": '
extract 2321/3797 item=en_IP_dcccb4b7ebe77ed0 -> '{"judge_model": "MiniMax-M3", "scores": '
extract 2322/3797 item=en_IP_731d80651316e68e -> '{"judge_model": "MiniMax-M3", "scores": '
extract 2323/3797 item=en_IP_64670f8089f9e7c0 -> '{"judge_model": "MiniMax-M3", "scores": '
extract 2324/3797 item=en_IP_f8e2595bcfebb859 -> '{"judge_model": "MiniMax-M3", "scores": '
extract 2325/3797 item=en_IP_cfc8f90fe8b7408b -> '{"judge_model": "MiniMax-M3", "scores": '
extract 2326/3797 item=en_IP_b8fdb2791c3c5a8d -> '{"judge_model": "MiniMax-M3", "scores": '
extract 2327/3797 item=en_IP_8df7bf6527fe9ddd -> '{"judge_model": "MiniMax-M3", "scores": '
extract 2328/3797 item=en_IP_02810578952d0bb6 -> '{"judge_model": "MiniMax-M3", "scores": '
extract 2329/3797 item=en_IP_cff34d093d2e37ff -> '{"judge_model": "MiniMax-M3", "scores": '
extract 2330/3797 item=en_IP_087a1db9bfbc050d -> '{"judge_model": "MiniMax-M3", "scores": '
extract 2331/3797 item=en_IP_8843cf4b84cc281e -> '{"judge_model": "MiniMax-M3", "scores": '
extract 2332/3797 item=en_IP_d2fde336563738ec -> '{"judge_model": "MiniMax-M3", "scores": '
extract 2333/3797 item=en_IP_bbb96541854dd1aa -> '{"judge_model": "MiniMax-M3", "scores": '
extract 2334/3797 item=en_IP_f479afbbbbdba9c7 -> '{"judge_model": "MiniMax-M3", "scores": '
extract 2335/3797 item=en_IP_b6bda52587c2f19b -> '{"judge_model": "MiniMax-M3", "scores": '
extract 2336/3797 item=en_IP_b2ff372ece219969 -> '{"judge_model": "MiniMax-M3", "scores": '
extract 2337/3797 item=en_IP_48f65ea43750d51f -> '{"judge_model": "MiniMax-M3", "scores": '
extract 2338/3797 item=en_IP_89edbe780265219a ERROR reason="EduBench judge returned unparseable scores: ''"
extract 2339/3797 item=en_IP_70a080a90fd1320f -> '{"judge_model": "MiniMax-M3", "scores": '
extract 2340/3797 item=en_IP_0eb43ad666e4fbc8 -> '{"judge_model": "MiniMax-M3", "scores": '
extract 2341/3797 item=en_IP_2b29f201c59cb3bf -> '{"judge_model": "MiniMax-M3", "scores": '
extract 2342/3797 item=en_IP_31a1e9180ef086be -> '{"judge_model": "MiniMax-M3", "scores": '
extract 2343/3797 item=en_IP_00b7cf8be097c628 -> '{"judge_model": "MiniMax-M3", "scores": '
extract 2344/3797 item=en_IP_c234c8edac255ebc -> '{"judge_model": "MiniMax-M3", "scores": '
extract 2345/3797 item=en_IP_66facc955b653e26 -> '{"judge_model": "MiniMax-M3", "scores": '
extract 2346/3797 item=en_IP_c67ec8b7ccf4ba5e -> '{"judge_model": "MiniMax-M3", "scores": '
extract 2347/3797 item=en_IP_ad0cdd36ab2831b3 -> '{"judge_model": "MiniMax-M3", "scores": '
extract 2348/3797 item=en_IP_98878b216aba2a9c -> '{"judge_model": "MiniMax-M3", "scores": '
extract 2349/3797 item=en_IP_b0297cb9185d8c37 -> '{"judge_model": "MiniMax-M3", "scores": '
extract 2350/3797 item=en_IP_26fabcdd17671bea -> '{"judge_model": "MiniMax-M3", "scores": '
extract 2351/3797 item=en_IP_7ca0c5c775fcec4d -> '{"judge_model": "MiniMax-M3", "scores": '
extract 2352/3797 item=en_IP_1ca35665ea9cb529 -> '{"judge_model": "MiniMax-M3", "scores": '
extract 2353/3797 item=en_IP_87f699677aedf3f1 -> '{"judge_model": "MiniMax-M3", "scores": '
extract 2354/3797 item=en_IP_7218590eedf41f87 -> '{"judge_model": "MiniMax-M3", "scores": '
extract 2355/3797 item=en_IP_6eccac66c6dd3fd2 -> '{"judge_model": "MiniMax-M3", "scores": '
extract 2356/3797 item=en_IP_21064541958befe7 -> '{"judge_model": "MiniMax-M3", "scores": '
extract 2357/3797 item=en_IP_367b8577f4185ef7 -> '{"judge_model": "MiniMax-M3", "scores": '
extract 2358/3797 item=en_IP_fde52a601e1c6292 -> '{"judge_model": "MiniMax-M3", "scores": '
extract 2359/3797 item=en_IP_a13f9f9aac207212 -> '{"judge_model": "MiniMax-M3", "scores": '
extract 2360/3797 item=en_IP_87d8438916e70e2e -> '{"judge_model": "MiniMax-M3", "scores": '
extract 2361/3797 item=en_IP_c45180eae8f3e0c7 -> '{"judge_model": "MiniMax-M3", "scores": '
extract 2362/3797 item=en_IP_d375a6e347860240 -> '{"judge_model": "MiniMax-M3", "scores": '
extract 2363/3797 item=en_IP_7676c21d7229ba8c -> '{"judge_model": "MiniMax-M3", "scores": '
extract 2364/3797 item=en_IP_937f3a0c3bb960b4 -> '{"judge_model": "MiniMax-M3", "scores": '
extract 2365/3797 item=en_IP_419ebac38f1b1537 -> '{"judge_model": "MiniMax-M3", "scores": '
extract 2366/3797 item=en_IP_544a63ca45a08a37 -> '{"judge_model": "MiniMax-M3", "scores": '
extract 2367/3797 item=en_IP_e05faaa4df8cc64a -> '{"judge_model": "MiniMax-M3", "scores": '
extract 2368/3797 item=en_IP_cdc577430959b1e8 -> '{"judge_model": "MiniMax-M3", "scores": '
extract 2369/3797 item=en_IP_2afb75b5695cbee1 -> '{"judge_model": "MiniMax-M3", "scores": '
extract 2370/3797 item=en_IP_a2fbef68b15114ea -> '{"judge_model": "MiniMax-M3", "scores": '
extract 2371/3797 item=en_IP_8f4be00852c54c13 -> '{"judge_model": "MiniMax-M3", "scores": '
extract 2372/3797 item=en_IP_e145ba3b19f9f091 -> '{"judge_model": "MiniMax-M3", "scores": '
extract 2373/3797 item=en_IP_5190f4be4b228465 -> '{"judge_model": "MiniMax-M3", "scores": '
extract 2374/3797 item=en_IP_4eb09e70af06285f -> '{"judge_model": "MiniMax-M3", "scores": '
extract 2375/3797 item=en_IP_60d9005aa8cb93a5 -> '{"judge_model": "MiniMax-M3", "scores": '
extract 2376/3797 item=en_IP_c0b42f22cf27932e -> '{"judge_model": "MiniMax-M3", "scores": '
extract 2377/3797 item=en_IP_8854104a4b3b78b5 -> '{"judge_model": "MiniMax-M3", "scores": '
extract 2378/3797 item=en_IP_a383d3fccd876502 -> '{"judge_model": "MiniMax-M3", "scores": '
extract 2379/3797 item=en_IP_c875fb1f94daf9ef -> '{"judge_model": "MiniMax-M3", "scores": '
extract 2380/3797 item=en_IP_7bf7025ff180fc6d -> '{"judge_model": "MiniMax-M3", "scores": '
extract 2381/3797 item=en_IP_f220571df1f1a0ba -> '{"judge_model": "MiniMax-M3", "scores": '
extract 2382/3797 item=en_IP_0ee068143532d81a -> '{"judge_model": "MiniMax-M3", "scores": '
extract 2383/3797 item=en_IP_0284cfa8e04032be -> '{"judge_model": "MiniMax-M3", "scores": '
extract 2384/3797 item=en_IP_70a8535b4a6ec9aa -> '{"judge_model": "MiniMax-M3", "scores": '
extract 2385/3797 item=en_IP_679ccac24bfe4639 ERROR reason="EduBench judge returned unparseable scores: ''"
extract 2386/3797 item=en_IP_37d09f575eba487f ERROR reason="EduBench judge returned unparseable scores: ''"
extract 2387/3797 item=en_IP_4121c0d3d14990c1 ERROR reason="EduBench judge returned unparseable scores: ''"
extract 2388/3797 item=en_IP_c46499f67ed1c70b ERROR reason="EduBench judge returned unparseable scores: ''"
extract 2389/3797 item=en_IP_9feb4d6684702136 ERROR reason="EduBench judge returned unparseable scores: ''"
extract 2390/3797 item=en_IP_b19b745be5aba01d ERROR reason="EduBench judge returned unparseable scores: ''"
extract 2391/3797 item=en_IP_3a8e8358b800604c ERROR reason="EduBench judge returned unparseable scores: ''"
extract 2392/3797 item=en_IP_0ab3107fd7dd3fd6 ERROR reason="EduBench judge returned unparseable scores: ''"
extract 2393/3797 item=en_IP_90769772a7f1dc91 ERROR reason="EduBench judge returned unparseable scores: ''"
extract 2394/3797 item=en_IP_0b746ddb3f15d153 ERROR reason="EduBench judge returned unparseable scores: ''"
extract 2395/3797 item=en_IP_4d90519477dc48b2 ERROR reason="EduBench judge returned unparseable scores: ''"
extract 2396/3797 item=en_IP_4cc0c22cb8ec6776 ERROR reason="EduBench judge returned unparseable scores: ''"
extract 2397/3797 item=en_IP_83ea26cc75467074 ERROR reason="EduBench judge returned unparseable scores: ''"
extract 2398/3797 item=en_IP_5c8341974a15a7c9 ERROR reason="EduBench judge returned unparseable scores: ''"
extract 2399/3797 item=en_IP_f3f0435c01025217 ERROR reason="EduBench judge returned unparseable scores: ''"
extract 2400/3797 item=en_IP_3331a135d789efb0 ERROR reason="EduBench judge returned unparseable scores: ''"
extract 2401/3797 item=en_IP_94ee5042ca5df9e8 ERROR reason="EduBench judge returned unparseable scores: ''"
extract 2402/3797 item=en_IP_b77d59394674a9c7 ERROR reason="EduBench judge returned unparseable scores: ''"
extract 2403/3797 item=en_IP_1e6276adb5b16ceb ERROR reason="EduBench judge returned unparseable scores: ''"
extract 2404/3797 item=en_IP_409a9beac7b54149 ERROR reason="EduBench judge returned unparseable scores: ''"
extract 2405/3797 item=en_IP_d2b49675e13c9ecd ERROR reason="EduBench judge returned unparseable scores: ''"
extract 2406/3797 item=en_IP_67c6ca45b9ae3028 ERROR reason="EduBench judge returned unparseable scores: ''"
extract 2407/3797 item=en_IP_4c0b80f6d9f8c1d5 ERROR reason="EduBench judge returned unparseable scores: ''"
extract 2408/3797 item=en_IP_d4d8867048776d9b ERROR reason="EduBench judge returned unparseable scores: ''"
extract 2409/3797 item=en_IP_4654558eb7672c56 ERROR reason="EduBench judge returned unparseable scores: ''"
extract 2410/3797 item=en_IP_c8faedd99867b1a8 ERROR reason="EduBench judge returned unparseable scores: ''"
extract 2411/3797 item=en_IP_32661f61398464cb ERROR reason="EduBench judge returned unparseable scores: ''"
extract 2412/3797 item=en_IP_3b6eb7b0ceafc1fe ERROR reason="EduBench judge returned unparseable scores: ''"
extract 2413/3797 item=en_IP_28d22b8a3f420558 ERROR reason="EduBench judge returned unparseable scores: ''"
extract 2414/3797 item=en_IP_d985aad9ecd03b67 ERROR reason="EduBench judge returned unparseable scores: ''"
extract 2415/3797 item=en_IP_d4152d1bfd631ca1 ERROR reason="EduBench judge returned unparseable scores: ''"
extract 2416/3797 item=en_IP_d1e22b3fca805296 -> '{"judge_model": "MiniMax-M3", "scores": '
extract 2417/3797 item=en_IP_60c8f2c0f2004390 ERROR reason="EduBench judge returned unparseable scores: ''"
extract 2418/3797 item=en_IP_37b1b51a97afa325 -> '{"judge_model": "MiniMax-M3", "scores": '
extract 2419/3797 item=en_IP_0bc8feb048f6e505 -> '{"judge_model": "MiniMax-M3", "scores": '
extract 2420/3797 item=en_IP_967259a7aa2f6316 -> '{"judge_model": "MiniMax-M3", "scores": '
extract 2421/3797 item=en_IP_9b524af2e6914d2a -> '{"judge_model": "MiniMax-M3", "scores": '
extract 2422/3797 item=en_IP_27075e6321aefbbe -> '{"judge_model": "MiniMax-M3", "scores": '
extract 2423/3797 item=en_IP_6a59af09dbf1d256 -> '{"judge_model": "MiniMax-M3", "scores": '
extract 2424/3797 item=en_IP_de73bfcb915977da -> '{"judge_model": "MiniMax-M3", "scores": '
extract 2425/3797 item=en_IP_56f6869124b99035 -> '{"judge_model": "MiniMax-M3", "scores": '
extract 2426/3797 item=en_IP_2831e07a5a25192e -> '{"judge_model": "MiniMax-M3", "scores": '
extract 2427/3797 item=en_IP_2c6bc80a8649828b -> '{"judge_model": "MiniMax-M3", "scores": '
extract 2428/3797 item=en_IP_ea138eb16f19230c -> '{"judge_model": "MiniMax-M3", "scores": '
extract 2429/3797 item=en_IP_fb7cb9bfffe4bdfd -> '{"judge_model": "MiniMax-M3", "scores": '
extract 2430/3797 item=en_IP_4f2e6b40b76bb58f -> '{"judge_model": "MiniMax-M3", "scores": '
extract 2431/3797 item=en_IP_3ef34759b3fa9a8c -> '{"judge_model": "MiniMax-M3", "scores": '
extract 2432/3797 item=en_IP_8f68305bda32b24e -> '{"judge_model": "MiniMax-M3", "scores": '
extract 2433/3797 item=en_IP_04b20c6649b0d777 -> '{"judge_model": "MiniMax-M3", "scores": '
extract 2434/3797 item=en_IP_e408db93edeacbb2 -> '{"judge_model": "MiniMax-M3", "scores": '
extract 2435/3797 item=en_IP_b8d4c3c378f78240 -> '{"judge_model": "MiniMax-M3", "scores": '
extract 2436/3797 item=en_IP_4ee4822b36a93ff2 -> '{"judge_model": "MiniMax-M3", "scores": '
extract 2437/3797 item=en_IP_0738c379305c8a26 -> '{"judge_model": "MiniMax-M3", "scores": '
extract 2438/3797 item=en_IP_fe2b4e42080cb698 -> '{"judge_model": "MiniMax-M3", "scores": '
extract 2439/3797 item=en_IP_83747d02f2683128 -> '{"judge_model": "MiniMax-M3", "scores": '
extract 2440/3797 item=en_IP_e9bcd52cc47224c3 -> '{"judge_model": "MiniMax-M3", "scores": '
extract 2441/3797 item=en_IP_37e57cc5ab2da591 -> '{"judge_model": "MiniMax-M3", "scores": '
extract 2442/3797 item=en_IP_d2022b58f82a4866 -> '{"judge_model": "MiniMax-M3", "scores": '
extract 2443/3797 item=en_IP_bfa0d5beb0902af1 -> '{"judge_model": "MiniMax-M3", "scores": '
extract 2444/3797 item=en_IP_cedc7ee8b0366063 -> '{"judge_model": "MiniMax-M3", "scores": '
extract 2445/3797 item=en_IP_18654ef6c8e69ebf -> '{"judge_model": "MiniMax-M3", "scores": '
extract 2446/3797 item=en_IP_7c21c38ca31a0339 -> '{"judge_model": "MiniMax-M3", "scores": '
extract 2447/3797 item=en_IP_465fb39b6d7fda66 -> '{"judge_model": "MiniMax-M3", "scores": '
extract 2448/3797 item=en_IP_2e85fba46aaea637 -> '{"judge_model": "MiniMax-M3", "scores": '
extract 2449/3797 item=en_IP_cbca6958d806de6d -> '{"judge_model": "MiniMax-M3", "scores": '
extract 2450/3797 item=en_IP_d524d0441c698521 -> '{"judge_model": "MiniMax-M3", "scores": '
extract 2451/3797 item=en_IP_73337cf7c056af1c -> '{"judge_model": "MiniMax-M3", "scores": '
extract 2452/3797 item=en_IP_ef6c4047bc97715d -> '{"judge_model": "MiniMax-M3", "scores": '
extract 2453/3797 item=en_IP_eb9524caa161bd87 -> '{"judge_model": "MiniMax-M3", "scores": '
extract 2454/3797 item=en_IP_9deefe83f20d0fd4 -> '{"judge_model": "MiniMax-M3", "scores": '
extract 2455/3797 item=en_IP_2768701d76f23e49 -> '{"judge_model": "MiniMax-M3", "scores": '
extract 2456/3797 item=en_IP_e43919bb599d5325 -> '{"judge_model": "MiniMax-M3", "scores": '
extract 2457/3797 item=en_IP_0b388e7b15b80d77 -> '{"judge_model": "MiniMax-M3", "scores": '
extract 2458/3797 item=en_IP_5bbce0dd66320653 -> '{"judge_model": "MiniMax-M3", "scores": '
extract 2459/3797 item=en_IP_3acc16169bdbce66 -> '{"judge_model": "MiniMax-M3", "scores": '
extract 2460/3797 item=en_IP_876ed2222b2c574d ERROR reason='EduBench judge failed after 3 attempts: MiniMax base_resp 1026: input new_sensitive'
extract 2461/3797 item=en_IP_6c585e3ba2ad719c -> '{"judge_model": "MiniMax-M3", "scores": '
extract 2462/3797 item=en_IP_e56562106a070ba7 -> '{"judge_model": "MiniMax-M3", "scores": '
extract 2463/3797 item=en_IP_0a7a5c484b0ef522 -> '{"judge_model": "MiniMax-M3", "scores": '
extract 2464/3797 item=en_IP_4174e67e3bbdfbdb -> '{"judge_model": "MiniMax-M3", "scores": '
extract 2465/3797 item=en_IP_e704e50ff490e52b -> '{"judge_model": "MiniMax-M3", "scores": '
extract 2466/3797 item=en_IP_32ed95e76f62ca60 -> '{"judge_model": "MiniMax-M3", "scores": '
extract 2467/3797 item=en_IP_05c34b2c6f670d3f -> '{"judge_model": "MiniMax-M3", "scores": '
extract 2468/3797 item=en_IP_e489f05982e496f4 -> '{"judge_model": "MiniMax-M3", "scores": '
extract 2469/3797 item=en_IP_2c21faa019feae83 -> '{"judge_model": "MiniMax-M3", "scores": '
extract 2470/3797 item=en_IP_f8c1d91fa519ec9f -> '{"judge_model": "MiniMax-M3", "scores": '
extract 2471/3797 item=en_IP_f975bfae5ffc0805 -> '{"judge_model": "MiniMax-M3", "scores": '
extract 2472/3797 item=en_IP_976de1ca7a335080 -> '{"judge_model": "MiniMax-M3", "scores": '
extract 2473/3797 item=en_IP_b62bb4fcf1d547e0 -> '{"judge_model": "MiniMax-M3", "scores": '
extract 2474/3797 item=en_IP_6e260e1fe832e79b -> '{"judge_model": "MiniMax-M3", "scores": '
extract 2475/3797 item=en_IP_ba19670244bc631c -> '{"judge_model": "MiniMax-M3", "scores": '
extract 2476/3797 item=en_IP_bde09f3588aa6f49 -> '{"judge_model": "MiniMax-M3", "scores": '
extract 2477/3797 item=en_IP_10b85cc784a0a507 -> '{"judge_model": "MiniMax-M3", "scores": '
extract 2478/3797 item=en_IP_e0e03cb29ef030b2 -> '{"judge_model": "MiniMax-M3", "scores": '
extract 2479/3797 item=en_IP_d28ad2a9bb72c318 -> '{"judge_model": "MiniMax-M3", "scores": '
extract 2480/3797 item=en_IP_d749d44cd0befd13 -> '{"judge_model": "MiniMax-M3", "scores": '
extract 2481/3797 item=en_IP_cf1c32a7332849f1 -> '{"judge_model": "MiniMax-M3", "scores": '
extract 2482/3797 item=en_IP_c60edf53019a4598 -> '{"judge_model": "MiniMax-M3", "scores": '
extract 2483/3797 item=en_IP_9be8fa1583df4a0c -> '{"judge_model": "MiniMax-M3", "scores": '
extract 2484/3797 item=en_IP_381dc3ed7aad55d2 -> '{"judge_model": "MiniMax-M3", "scores": '
extract 2485/3797 item=en_IP_ae475b9cce4c35fc -> '{"judge_model": "MiniMax-M3", "scores": '
extract 2486/3797 item=en_IP_a37bef6c04fb3a5d -> '{"judge_model": "MiniMax-M3", "scores": '
extract 2487/3797 item=en_IP_862ac9297f9b0ff2 -> '{"judge_model": "MiniMax-M3", "scores": '
extract 2488/3797 item=en_IP_917912b24f2c1d02 -> '{"judge_model": "MiniMax-M3", "scores": '
extract 2489/3797 item=en_IP_812e6333432634c1 -> '{"judge_model": "MiniMax-M3", "scores": '
extract 2490/3797 item=en_IP_98108cfac52adb6b -> '{"judge_model": "MiniMax-M3", "scores": '
extract 2491/3797 item=en_IP_3587eb5446996beb -> '{"judge_model": "MiniMax-M3", "scores": '
extract 2492/3797 item=en_IP_3024a50ebcd08072 -> '{"judge_model": "MiniMax-M3", "scores": '
extract 2493/3797 item=en_IP_db51087b9804e1ea -> '{"judge_model": "MiniMax-M3", "scores": '
extract 2494/3797 item=en_IP_5e235cac2d6b7f55 -> '{"judge_model": "MiniMax-M3", "scores": '
extract 2495/3797 item=en_IP_2ed57dffbfe462af -> '{"judge_model": "MiniMax-M3", "scores": '
extract 2496/3797 item=en_IP_77396d38f78baeca -> '{"judge_model": "MiniMax-M3", "scores": '
extract 2497/3797 item=en_IP_56f177836a41222e -> '{"judge_model": "MiniMax-M3", "scores": '
extract 2498/3797 item=en_IP_3475e2f7acb7a170 -> '{"judge_model": "MiniMax-M3", "scores": '
extract 2499/3797 item=en_IP_6931040a77470d42 -> '{"judge_model": "MiniMax-M3", "scores": '
extract 2500/3797 item=en_IP_735b3ad82fb766f3 -> '{"judge_model": "MiniMax-M3", "scores": '
extract 2501/3797 item=en_IP_9dcc75ddebc7c056 -> '{"judge_model": "MiniMax-M3", "scores": '
extract 2502/3797 item=en_IP_49eda1e26fa9a743 -> '{"judge_model": "MiniMax-M3", "scores": '
extract 2503/3797 item=en_IP_280fdac68b6de4b4 -> '{"judge_model": "MiniMax-M3", "scores": '
extract 2504/3797 item=en_IP_b12c640418ac47c8 -> '{"judge_model": "MiniMax-M3", "scores": '
extract 2505/3797 item=en_IP_ed3982e88ba2234d -> '{"judge_model": "MiniMax-M3", "scores": '
extract 2506/3797 item=en_IP_159c625206d8e01a -> '{"judge_model": "MiniMax-M3", "scores": '
extract 2507/3797 item=en_IP_5c7bb4afd307d880 -> '{"judge_model": "MiniMax-M3", "scores": '
extract 2508/3797 item=en_IP_2d59b197ed6f1d6e -> '{"judge_model": "MiniMax-M3", "scores": '
extract 2509/3797 item=en_IP_632cb4b56dc9bb57 -> '{"judge_model": "MiniMax-M3", "scores": '
extract 2510/3797 item=en_IP_fcdfd61fb1b84796 -> '{"judge_model": "MiniMax-M3", "scores": '
extract 2511/3797 item=en_IP_615d0c950c1d3045 -> '{"judge_model": "MiniMax-M3", "scores": '
extract 2512/3797 item=en_IP_7d09d438b4317e47 -> '{"judge_model": "MiniMax-M3", "scores": '
extract 2513/3797 item=en_IP_bec4e185514a0e9d -> '{"judge_model": "MiniMax-M3", "scores": '
extract 2514/3797 item=en_IP_a6c1edd4310f37b8 -> '{"judge_model": "MiniMax-M3", "scores": '
extract 2515/3797 item=en_IP_b35b1e6590177fa7 -> '{"judge_model": "MiniMax-M3", "scores": '
extract 2516/3797 item=en_IP_a22fc69badb27ef6 -> '{"judge_model": "MiniMax-M3", "scores": '
extract 2517/3797 item=en_IP_29a82345d59df5f2 -> '{"judge_model": "MiniMax-M3", "scores": '
extract 2518/3797 item=en_IP_7b3732410baeead6 -> '{"judge_model": "MiniMax-M3", "scores": '
extract 2519/3797 item=en_IP_eba75be307539b33 -> '{"judge_model": "MiniMax-M3", "scores": '
extract 2520/3797 item=en_IP_e0fba1dac3fa01b3 -> '{"judge_model": "MiniMax-M3", "scores": '
extract 2521/3797 item=en_IP_c08544e98d8f661e -> '{"judge_model": "MiniMax-M3", "scores": '
extract 2522/3797 item=en_IP_154827e6573eebd2 -> '{"judge_model": "MiniMax-M3", "scores": '
extract 2523/3797 item=en_IP_345ade184430f698 -> '{"judge_model": "MiniMax-M3", "scores": '
extract 2524/3797 item=en_IP_25e9b5bce3857f80 -> '{"judge_model": "MiniMax-M3", "scores": '
extract 2525/3797 item=en_IP_7ace306e08c0dada -> '{"judge_model": "MiniMax-M3", "scores": '
extract 2526/3797 item=en_IP_c2da6c5360e8cb95 -> '{"judge_model": "MiniMax-M3", "scores": '
extract 2527/3797 item=en_IP_a7fc216401c56110 -> '{"judge_model": "MiniMax-M3", "scores": '
extract 2528/3797 item=en_IP_53ac30720e061783 -> '{"judge_model": "MiniMax-M3", "scores": '
extract 2529/3797 item=en_IP_5a9bb120f7f03ad3 -> '{"judge_model": "MiniMax-M3", "scores": '
extract 2530/3797 item=en_IP_795714e7254b8858 -> '{"judge_model": "MiniMax-M3", "scores": '
extract 2531/3797 item=en_IP_185cca54b6ecef89 -> '{"judge_model": "MiniMax-M3", "scores": '
extract 2532/3797 item=en_IP_844faef3c6500ab0 -> '{"judge_model": "MiniMax-M3", "scores": '
extract 2533/3797 item=en_IP_b9f42d47bae8dda6 -> '{"judge_model": "MiniMax-M3", "scores": '
extract 2534/3797 item=en_IP_f3237fb76d0fc781 -> '{"judge_model": "MiniMax-M3", "scores": '
extract 2535/3797 item=en_IP_e698583efe678613 -> '{"judge_model": "MiniMax-M3", "scores": '
extract 2536/3797 item=en_IP_60ee61bf56324c5e -> '{"judge_model": "MiniMax-M3", "scores": '
extract 2537/3797 item=en_IP_7154ef4eaa566c1a -> '{"judge_model": "MiniMax-M3", "scores": '
extract 2538/3797 item=en_IP_86b41a77e277eb8d -> '{"judge_model": "MiniMax-M3", "scores": '
extract 2539/3797 item=en_IP_0bb93113119486d7 -> '{"judge_model": "MiniMax-M3", "scores": '
extract 2540/3797 item=en_IP_f5f501b58674b609 -> '{"judge_model": "MiniMax-M3", "scores": '
extract 2541/3797 item=en_IP_9ec1bee270e251b1 -> '{"judge_model": "MiniMax-M3", "scores": '
extract 2542/3797 item=en_IP_ccd513818e92975d -> '{"judge_model": "MiniMax-M3", "scores": '
extract 2543/3797 item=en_IP_975ba730b7ee7e9a -> '{"judge_model": "MiniMax-M3", "scores": '
extract 2544/3797 item=en_IP_fbd57f5c942a4ff3 -> '{"judge_model": "MiniMax-M3", "scores": '
extract 2545/3797 item=en_IP_946a9b6facabf3bf -> '{"judge_model": "MiniMax-M3", "scores": '
extract 2546/3797 item=en_IP_77e08977dd99e3a8 -> '{"judge_model": "MiniMax-M3", "scores": '
extract 2547/3797 item=en_IP_e0cf64d4d84cd10f -> '{"judge_model": "MiniMax-M3", "scores": '
extract 2548/3797 item=en_IP_295aff31224b8a7b -> '{"judge_model": "MiniMax-M3", "scores": '
extract 2549/3797 item=en_IP_d665a82e61054a26 -> '{"judge_model": "MiniMax-M3", "scores": '
extract 2550/3797 item=en_IP_64877b7348343187 -> '{"judge_model": "MiniMax-M3", "scores": '
extract 2551/3797 item=en_IP_5146e388ebe88e4e -> '{"judge_model": "MiniMax-M3", "scores": '
extract 2552/3797 item=en_IP_7e7f95cf7883f534 -> '{"judge_model": "MiniMax-M3", "scores": '
extract 2553/3797 item=en_IP_3135af99ca22597b -> '{"judge_model": "MiniMax-M3", "scores": '
extract 2554/3797 item=en_IP_ac3b24aee3f92599 -> '{"judge_model": "MiniMax-M3", "scores": '
extract 2555/3797 item=en_IP_500dd75364fcf1db -> '{"judge_model": "MiniMax-M3", "scores": '
extract 2556/3797 item=en_IP_d60b5ee647ed20fb -> '{"judge_model": "MiniMax-M3", "scores": '
extract 2557/3797 item=en_IP_2054633de8db86a8 -> '{"judge_model": "MiniMax-M3", "scores": '
extract 2558/3797 item=en_IP_6599b33a9657986c -> '{"judge_model": "MiniMax-M3", "scores": '
extract 2559/3797 item=en_IP_c81cfd6c9ce3f5b9 -> '{"judge_model": "MiniMax-M3", "scores": '
extract 2560/3797 item=en_IP_59235be7b3f98ea0 -> '{"judge_model": "MiniMax-M3", "scores": '
extract 2561/3797 item=en_IP_f60007c6dcb2ce26 -> '{"judge_model": "MiniMax-M3", "scores": '
extract 2562/3797 item=en_IP_0709fddcf6270ceb -> '{"judge_model": "MiniMax-M3", "scores": '
extract 2563/3797 item=en_IP_e4d869a58bf961c8 -> '{"judge_model": "MiniMax-M3", "scores": '
extract 2564/3797 item=en_IP_63c768a822c587de -> '{"judge_model": "MiniMax-M3", "scores": '
extract 2565/3797 item=en_IP_cdc2f205d946c582 -> '{"judge_model": "MiniMax-M3", "scores": '
extract 2566/3797 item=en_IP_36d3ab41f2064627 -> '{"judge_model": "MiniMax-M3", "scores": '
extract 2567/3797 item=en_IP_26a84e1b68a34e65 -> '{"judge_model": "MiniMax-M3", "scores": '
extract 2568/3797 item=en_IP_e574159f56497f45 -> '{"judge_model": "MiniMax-M3", "scores": '
extract 2569/3797 item=en_IP_500f7bb45fcc9f4f -> '{"judge_model": "MiniMax-M3", "scores": '
extract 2570/3797 item=en_IP_a81a981ac1c54a87 -> '{"judge_model": "MiniMax-M3", "scores": '
extract 2571/3797 item=en_IP_805f23889f0b4414 -> '{"judge_model": "MiniMax-M3", "scores": '
extract 2572/3797 item=en_IP_4d5ebd483e0a182d -> '{"judge_model": "MiniMax-M3", "scores": '
extract 2573/3797 item=en_IP_42e588f47c6ab03a -> '{"judge_model": "MiniMax-M3", "scores": '
extract 2574/3797 item=en_IP_b3292963ac57dcab -> '{"judge_model": "MiniMax-M3", "scores": '
extract 2575/3797 item=en_IP_776bfda0a8f9d786 -> '{"judge_model": "MiniMax-M3", "scores": '
extract 2576/3797 item=en_IP_dcf1c333a4192410 -> '{"judge_model": "MiniMax-M3", "scores": '
extract 2577/3797 item=en_IP_22271ff9940f3500 -> '{"judge_model": "MiniMax-M3", "scores": '
extract 2578/3797 item=en_IP_3ffd7e389167d861 -> '{"judge_model": "MiniMax-M3", "scores": '
extract 2579/3797 item=en_IP_92c4566a21cc02ae -> '{"judge_model": "MiniMax-M3", "scores": '
extract 2580/3797 item=en_IP_a956ffc080e5581e -> '{"judge_model": "MiniMax-M3", "scores": '
extract 2581/3797 item=en_IP_f7a7fd08ad9bf8aa -> '{"judge_model": "MiniMax-M3", "scores": '
extract 2582/3797 item=en_IP_b9a87e355f27fe67 -> '{"judge_model": "MiniMax-M3", "scores": '
extract 2583/3797 item=en_IP_8bea012e3811c590 -> '{"judge_model": "MiniMax-M3", "scores": '
extract 2584/3797 item=en_IP_6f2e52a7678c2090 -> '{"judge_model": "MiniMax-M3", "scores": '
extract 2585/3797 item=en_IP_92c2e4dcd66287c2 -> '{"judge_model": "MiniMax-M3", "scores": '
extract 2586/3797 item=en_IP_47c69375fd967275 -> '{"judge_model": "MiniMax-M3", "scores": '
extract 2587/3797 item=en_IP_3585439753942ce8 -> '{"judge_model": "MiniMax-M3", "scores": '
extract 2588/3797 item=en_IP_e9a411ca2b426e22 -> '{"judge_model": "MiniMax-M3", "scores": '
extract 2589/3797 item=en_IP_f8510a774d9c836b -> '{"judge_model": "MiniMax-M3", "scores": '
extract 2590/3797 item=en_IP_21465e2701852c5d -> '{"judge_model": "MiniMax-M3", "scores": '
extract 2591/3797 item=en_IP_ae2e96a7ec6514b2 -> '{"judge_model": "MiniMax-M3", "scores": '
extract 2592/3797 item=en_IP_8e03487c274465fb -> '{"judge_model": "MiniMax-M3", "scores": '
extract 2593/3797 item=en_IP_e7f5f62d318ef498 -> '{"judge_model": "MiniMax-M3", "scores": '
extract 2594/3797 item=en_IP_a9db9602ad94ee44 -> '{"judge_model": "MiniMax-M3", "scores": '
extract 2595/3797 item=en_IP_1286579fe699366b -> '{"judge_model": "MiniMax-M3", "scores": '
extract 2596/3797 item=en_IP_7f3e7201af9f2135 -> '{"judge_model": "MiniMax-M3", "scores": '
extract 2597/3797 item=en_IP_3c90a9a1954c512d -> '{"judge_model": "MiniMax-M3", "scores": '
extract 2598/3797 item=en_IP_7150ab176ab371c0 -> '{"judge_model": "MiniMax-M3", "scores": '
extract 2599/3797 item=en_IP_64167e629b4c1c53 -> '{"judge_model": "MiniMax-M3", "scores": '
extract 2600/3797 item=en_IP_861adea8f087e1a4 -> '{"judge_model": "MiniMax-M3", "scores": '
extract 2601/3797 item=en_IP_e97480fac8243dfd -> '{"judge_model": "MiniMax-M3", "scores": '
extract 2602/3797 item=en_IP_f5695584bf863980 -> '{"judge_model": "MiniMax-M3", "scores": '
extract 2603/3797 item=en_IP_5aa17f0bf3a4127e -> '{"judge_model": "MiniMax-M3", "scores": '
extract 2604/3797 item=en_IP_cffdd18c09174e46 -> '{"judge_model": "MiniMax-M3", "scores": '
extract 2605/3797 item=en_IP_7751fbdaa688a3a7 -> '{"judge_model": "MiniMax-M3", "scores": '
extract 2606/3797 item=en_IP_3b7d0cb3634c1688 -> '{"judge_model": "MiniMax-M3", "scores": '
extract 2607/3797 item=en_IP_fac7fa299040809b -> '{"judge_model": "MiniMax-M3", "scores": '
extract 2608/3797 item=en_IP_2d70169d7e132a51 -> '{"judge_model": "MiniMax-M3", "scores": '
extract 2609/3797 item=en_IP_2f16c9a4de4a3a0c -> '{"judge_model": "MiniMax-M3", "scores": '
extract 2610/3797 item=en_IP_b4c9c9095047522d -> '{"judge_model": "MiniMax-M3", "scores": '
extract 2611/3797 item=en_IP_a285e144bed13545 -> '{"judge_model": "MiniMax-M3", "scores": '
extract 2612/3797 item=en_IP_fc1696353f8c5204 -> '{"judge_model": "MiniMax-M3", "scores": '
extract 2613/3797 item=en_IP_c07af2e9b2cc4179 -> '{"judge_model": "MiniMax-M3", "scores": '
extract 2614/3797 item=en_IP_aa724733b79d0f4d -> '{"judge_model": "MiniMax-M3", "scores": '
extract 2615/3797 item=en_IP_c11b54893b893f87 -> '{"judge_model": "MiniMax-M3", "scores": '
extract 2616/3797 item=en_IP_70cf7b934f14e44f -> '{"judge_model": "MiniMax-M3", "scores": '
extract 2617/3797 item=en_IP_535301626b6d0444 -> '{"judge_model": "MiniMax-M3", "scores": '
extract 2618/3797 item=en_IP_255005a058e29585 -> '{"judge_model": "MiniMax-M3", "scores": '
extract 2619/3797 item=en_IP_66f9438e0a07ff12 -> '{"judge_model": "MiniMax-M3", "scores": '
extract 2620/3797 item=en_IP_6f64de13b8ee531f -> '{"judge_model": "MiniMax-M3", "scores": '
extract 2621/3797 item=en_IP_196300c58b063d9c -> '{"judge_model": "MiniMax-M3", "scores": '
extract 2622/3797 item=en_IP_e2f02ee6bbd36d53 -> '{"judge_model": "MiniMax-M3", "scores": '
extract 2623/3797 item=en_IP_81704d7935951e32 -> '{"judge_model": "MiniMax-M3", "scores": '
extract 2624/3797 item=en_IP_c51714cda77a05b5 -> '{"judge_model": "MiniMax-M3", "scores": '
extract 2625/3797 item=en_IP_a37fefc086c39f34 -> '{"judge_model": "MiniMax-M3", "scores": '
extract 2626/3797 item=en_IP_a1735139a6bbc683 -> '{"judge_model": "MiniMax-M3", "scores": '
extract 2627/3797 item=en_IP_008421c9067dfd3e -> '{"judge_model": "MiniMax-M3", "scores": '
extract 2628/3797 item=en_IP_a1274b932a8f2c45 -> '{"judge_model": "MiniMax-M3", "scores": '
extract 2629/3797 item=en_IP_3205c327e81eccf4 -> '{"judge_model": "MiniMax-M3", "scores": '
extract 2630/3797 item=en_IP_ba59acaecd02ab9a -> '{"judge_model": "MiniMax-M3", "scores": '
extract 2631/3797 item=en_IP_73ab267dbbfaf679 -> '{"judge_model": "MiniMax-M3", "scores": '
extract 2632/3797 item=en_IP_4714644f0facd86e -> '{"judge_model": "MiniMax-M3", "scores": '
extract 2633/3797 item=en_IP_ee97c47eeef6f68e -> '{"judge_model": "MiniMax-M3", "scores": '
extract 2634/3797 item=en_IP_db8dec8795ee3935 -> '{"judge_model": "MiniMax-M3", "scores": '
extract 2635/3797 item=en_IP_c08ffc5d5652bb51 -> '{"judge_model": "MiniMax-M3", "scores": '
extract 2636/3797 item=en_IP_db7aadc57a0eb3d3 -> '{"judge_model": "MiniMax-M3", "scores": '
extract 2637/3797 item=en_IP_77bb6a5ff5b70551 -> '{"judge_model": "MiniMax-M3", "scores": '
extract 2638/3797 item=en_IP_d2de268d1b53720b -> '{"judge_model": "MiniMax-M3", "scores": '
extract 2639/3797 item=en_IP_78fbc03c8a791946 -> '{"judge_model": "MiniMax-M3", "scores": '
extract 2640/3797 item=en_IP_ac28c8489f0f1931 -> '{"judge_model": "MiniMax-M3", "scores": '
extract 2641/3797 item=en_IP_68e11db3ed0c0863 -> '{"judge_model": "MiniMax-M3", "scores": '
extract 2642/3797 item=en_IP_ef2c18e9a83e4f28 -> '{"judge_model": "MiniMax-M3", "scores": '
extract 2643/3797 item=en_IP_7fa7364aa7459afc -> '{"judge_model": "MiniMax-M3", "scores": '
extract 2644/3797 item=en_IP_21a1d8c577e6ca1c -> '{"judge_model": "MiniMax-M3", "scores": '
extract 2645/3797 item=en_IP_b0d01895605b7091 -> '{"judge_model": "MiniMax-M3", "scores": '
extract 2646/3797 item=en_IP_f295dc28748d3775 -> '{"judge_model": "MiniMax-M3", "scores": '
extract 2647/3797 item=en_IP_bf59bccf19abcc85 -> '{"judge_model": "MiniMax-M3", "scores": '
extract 2648/3797 item=en_IP_643bb0339a7eabaf -> '{"judge_model": "MiniMax-M3", "scores": '
extract 2649/3797 item=en_IP_081befa3911a1778 -> '{"judge_model": "MiniMax-M3", "scores": '
extract 2650/3797 item=en_IP_4854abe5e5afec90 -> '{"judge_model": "MiniMax-M3", "scores": '
extract 2651/3797 item=en_IP_76d8fe6c27916d46 -> '{"judge_model": "MiniMax-M3", "scores": '
extract 2652/3797 item=en_IP_92ad47a1131b4f44 -> '{"judge_model": "MiniMax-M3", "scores": '
extract 2653/3797 item=en_IP_547cad8ae3a0ce9d -> '{"judge_model": "MiniMax-M3", "scores": '
extract 2654/3797 item=en_IP_ffa8cc4b7cd83db9 -> '{"judge_model": "MiniMax-M3", "scores": '
extract 2655/3797 item=en_IP_449a420e6e1c36f6 -> '{"judge_model": "MiniMax-M3", "scores": '
extract 2656/3797 item=en_IP_7933d0bf15a99713 -> '{"judge_model": "MiniMax-M3", "scores": '
extract 2657/3797 item=en_IP_72e6dd466de7fc32 -> '{"judge_model": "MiniMax-M3", "scores": '
extract 2658/3797 item=en_IP_24389e7e0d3eb51c -> '{"judge_model": "MiniMax-M3", "scores": '
extract 2659/3797 item=en_IP_768ae0a36033f43c -> '{"judge_model": "MiniMax-M3", "scores": '
extract 2660/3797 item=en_IP_49edbb63df8d5423 -> '{"judge_model": "MiniMax-M3", "scores": '
extract 2661/3797 item=en_IP_ac5e670af5f8c2c6 -> '{"judge_model": "MiniMax-M3", "scores": '
extract 2662/3797 item=en_IP_c5becc398b750263 -> '{"judge_model": "MiniMax-M3", "scores": '
extract 2663/3797 item=en_IP_c4f9656e98f2aad0 -> '{"judge_model": "MiniMax-M3", "scores": '
extract 2664/3797 item=en_IP_a0e989fd6eefe96c -> '{"judge_model": "MiniMax-M3", "scores": '
extract 2665/3797 item=en_IP_522cb85453b6e49b -> '{"judge_model": "MiniMax-M3", "scores": '
extract 2666/3797 item=en_IP_ebf702e452517111 -> '{"judge_model": "MiniMax-M3", "scores": '
extract 2667/3797 item=en_IP_cf1ff02c268cd56e -> '{"judge_model": "MiniMax-M3", "scores": '
extract 2668/3797 item=en_IP_7db10f704f0b4f1d -> '{"judge_model": "MiniMax-M3", "scores": '
extract 2669/3797 item=en_IP_32b0623af175779a -> '{"judge_model": "MiniMax-M3", "scores": '
extract 2670/3797 item=en_IP_4b238a7ba3105077 -> '{"judge_model": "MiniMax-M3", "scores": '
extract 2671/3797 item=en_IP_d9df52e61aa2cec1 -> '{"judge_model": "MiniMax-M3", "scores": '
extract 2672/3797 item=en_IP_9669b67625bcbe5b -> '{"judge_model": "MiniMax-M3", "scores": '
extract 2673/3797 item=en_IP_21563adc5cbc99f3 -> '{"judge_model": "MiniMax-M3", "scores": '
extract 2674/3797 item=en_IP_67b22126b76398fb -> '{"judge_model": "MiniMax-M3", "scores": '
extract 2675/3797 item=en_IP_7a88ed7abfbb219e -> '{"judge_model": "MiniMax-M3", "scores": '
extract 2676/3797 item=en_IP_76cf110b449faf6f -> '{"judge_model": "MiniMax-M3", "scores": '
extract 2677/3797 item=en_IP_c61e9ba4a5e7f325 -> '{"judge_model": "MiniMax-M3", "scores": '
extract 2678/3797 item=en_IP_532af784c5b213fe -> '{"judge_model": "MiniMax-M3", "scores": '
extract 2679/3797 item=en_IP_ef287d1db5ea77cb -> '{"judge_model": "MiniMax-M3", "scores": '
extract 2680/3797 item=en_IP_14e668a5bace82d6 -> '{"judge_model": "MiniMax-M3", "scores": '
extract 2681/3797 item=en_IP_0e47ddbb7fe81438 -> '{"judge_model": "MiniMax-M3", "scores": '
extract 2682/3797 item=en_IP_c38f5127cedda619 -> '{"judge_model": "MiniMax-M3", "scores": '
extract 2683/3797 item=en_IP_9d96f2685801f0c6 -> '{"judge_model": "MiniMax-M3", "scores": '
extract 2684/3797 item=en_IP_55a0d139fe287386 -> '{"judge_model": "MiniMax-M3", "scores": '
extract 2685/3797 item=en_IP_ee9b33dbe9fc9956 -> '{"judge_model": "MiniMax-M3", "scores": '
extract 2686/3797 item=en_IP_bc1b56a37a2dc1a7 -> '{"judge_model": "MiniMax-M3", "scores": '
extract 2687/3797 item=en_IP_38056c0ba7ed8fde -> '{"judge_model": "MiniMax-M3", "scores": '
extract 2688/3797 item=en_IP_932283f9b1c71c92 -> '{"judge_model": "MiniMax-M3", "scores": '
extract 2689/3797 item=en_IP_71112934936b3b97 -> '{"judge_model": "MiniMax-M3", "scores": '
extract 2690/3797 item=en_IP_ef1f8d952587251b -> '{"judge_model": "MiniMax-M3", "scores": '
extract 2691/3797 item=en_IP_a3325514c10f0517 -> '{"judge_model": "MiniMax-M3", "scores": '
extract 2692/3797 item=en_IP_4cfd2aeb44d3ab3e -> '{"judge_model": "MiniMax-M3", "scores": '
extract 2693/3797 item=en_IP_2652a62ce44ce645 -> '{"judge_model": "MiniMax-M3", "scores": '
extract 2694/3797 item=en_IP_6ad8eea992c0dbe2 -> '{"judge_model": "MiniMax-M3", "scores": '
extract 2695/3797 item=en_IP_dab6924534289378 -> '{"judge_model": "MiniMax-M3", "scores": '
extract 2696/3797 item=en_IP_5aafcf870822edbd -> '{"judge_model": "MiniMax-M3", "scores": '
extract 2697/3797 item=en_IP_0012985651e1c362 -> '{"judge_model": "MiniMax-M3", "scores": '
extract 2698/3797 item=en_IP_081183ad6729d298 -> '{"judge_model": "MiniMax-M3", "scores": '
extract 2699/3797 item=en_IP_1620bf4b81ff8eac -> '{"judge_model": "MiniMax-M3", "scores": '
extract 2700/3797 item=en_IP_60c3f7f779bd6f5e -> '{"judge_model": "MiniMax-M3", "scores": '
extract 2701/3797 item=en_IP_c9d42899bb11b31f -> '{"judge_model": "MiniMax-M3", "scores": '
extract 2702/3797 item=en_IP_89b3f7309ad0ccec -> '{"judge_model": "MiniMax-M3", "scores": '
extract 2703/3797 item=en_IP_c41e38843403de9c -> '{"judge_model": "MiniMax-M3", "scores": '
extract 2704/3797 item=en_IP_5484e6f88acf34f3 -> '{"judge_model": "MiniMax-M3", "scores": '
extract 2705/3797 item=en_IP_6bd03c5aec8c06f2 -> '{"judge_model": "MiniMax-M3", "scores": '
extract 2706/3797 item=en_IP_71f85babf9966b2e -> '{"judge_model": "MiniMax-M3", "scores": '
extract 2707/3797 item=en_IP_730b6e942c789d06 -> '{"judge_model": "MiniMax-M3", "scores": '
extract 2708/3797 item=en_IP_e20ae5d5ca82e0cc -> '{"judge_model": "MiniMax-M3", "scores": '
extract 2709/3797 item=en_IP_e0de5869263141c5 -> '{"judge_model": "MiniMax-M3", "scores": '
extract 2710/3797 item=en_IP_2fd877b128ca0b4e -> '{"judge_model": "MiniMax-M3", "scores": '
extract 2711/3797 item=en_IP_80333a98390bddfc -> '{"judge_model": "MiniMax-M3", "scores": '
extract 2712/3797 item=en_IP_780e2d2c9917249b -> '{"judge_model": "MiniMax-M3", "scores": '
extract 2713/3797 item=en_IP_54660d682b54097a -> '{"judge_model": "MiniMax-M3", "scores": '
extract 2714/3797 item=en_IP_25daeef1d3df0a6a -> '{"judge_model": "MiniMax-M3", "scores": '
extract 2715/3797 item=en_IP_91bb20e405734084 -> '{"judge_model": "MiniMax-M3", "scores": '
extract 2716/3797 item=en_IP_5625714ed7062a9b -> '{"judge_model": "MiniMax-M3", "scores": '
extract 2717/3797 item=en_IP_ae0fb982cefd2420 -> '{"judge_model": "MiniMax-M3", "scores": '
extract 2718/3797 item=en_IP_4893f86a6f55a963 -> '{"judge_model": "MiniMax-M3", "scores": '
extract 2719/3797 item=en_IP_f22def507b7dc23e -> '{"judge_model": "MiniMax-M3", "scores": '
extract 2720/3797 item=en_IP_0c793509c6fbabd8 -> '{"judge_model": "MiniMax-M3", "scores": '
extract 2721/3797 item=en_IP_78c0463154cd347d -> '{"judge_model": "MiniMax-M3", "scores": '
extract 2722/3797 item=en_IP_2cdc47ee1288f501 -> '{"judge_model": "MiniMax-M3", "scores": '
extract 2723/3797 item=en_IP_a86b94c585f39352 -> '{"judge_model": "MiniMax-M3", "scores": '
extract 2724/3797 item=en_IP_a895deb8988d4302 -> '{"judge_model": "MiniMax-M3", "scores": '
extract 2725/3797 item=en_IP_4e7ede8d178c93c8 -> '{"judge_model": "MiniMax-M3", "scores": '
extract 2726/3797 item=en_IP_e4c98bbb8c40cd97 -> '{"judge_model": "MiniMax-M3", "scores": '
extract 2727/3797 item=en_IP_5da3c3952dace29e -> '{"judge_model": "MiniMax-M3", "scores": '
extract 2728/3797 item=en_IP_4db1053ceb495094 -> '{"judge_model": "MiniMax-M3", "scores": '
extract 2729/3797 item=en_IP_6a3f35288209814b -> '{"judge_model": "MiniMax-M3", "scores": '
extract 2730/3797 item=en_IP_c3f40c62fc7a140e -> '{"judge_model": "MiniMax-M3", "scores": '
extract 2731/3797 item=en_IP_fc09a153c11deb66 -> '{"judge_model": "MiniMax-M3", "scores": '
extract 2732/3797 item=en_IP_71c78a8282d71c86 -> '{"judge_model": "MiniMax-M3", "scores": '
extract 2733/3797 item=en_IP_465097ea49a711e4 -> '{"judge_model": "MiniMax-M3", "scores": '
extract 2734/3797 item=en_IP_8b352413dcec1048 -> '{"judge_model": "MiniMax-M3", "scores": '
extract 2735/3797 item=en_IP_1cb5c9e52277bd2c -> '{"judge_model": "MiniMax-M3", "scores": '
extract 2736/3797 item=en_IP_af7373567ccc70f6 -> '{"judge_model": "MiniMax-M3", "scores": '
extract 2737/3797 item=en_IP_4f38d4a0415a0615 -> '{"judge_model": "MiniMax-M3", "scores": '
extract 2738/3797 item=en_IP_c72f8fc64586ef6f -> '{"judge_model": "MiniMax-M3", "scores": '
extract 2739/3797 item=en_IP_c9a20e5dc522b27f -> '{"judge_model": "MiniMax-M3", "scores": '
extract 2740/3797 item=en_IP_0017d195fe1b9f0c -> '{"judge_model": "MiniMax-M3", "scores": '
extract 2741/3797 item=en_IP_985f964687f77095 -> '{"judge_model": "MiniMax-M3", "scores": '
extract 2742/3797 item=en_IP_2569b547224b12ec -> '{"judge_model": "MiniMax-M3", "scores": '
extract 2743/3797 item=en_IP_b90273ced549596b -> '{"judge_model": "MiniMax-M3", "scores": '
extract 2744/3797 item=en_IP_92a1131738133f2b -> '{"judge_model": "MiniMax-M3", "scores": '
extract 2745/3797 item=en_IP_f3cc540974011be8 -> '{"judge_model": "MiniMax-M3", "scores": '
extract 2746/3797 item=en_IP_1f523916ce1d8189 -> '{"judge_model": "MiniMax-M3", "scores": '
extract 2747/3797 item=en_IP_7b4e30c9ae84b967 -> '{"judge_model": "MiniMax-M3", "scores": '
extract 2748/3797 item=en_IP_9cb00a63bc433e34 -> '{"judge_model": "MiniMax-M3", "scores": '
extract 2749/3797 item=en_IP_b0212efe7125000c -> '{"judge_model": "MiniMax-M3", "scores": '
extract 2750/3797 item=en_IP_8a1163dd7a4d34cf -> '{"judge_model": "MiniMax-M3", "scores": '
extract 2751/3797 item=en_IP_6cdd9e9c33b9b141 -> '{"judge_model": "MiniMax-M3", "scores": '
extract 2752/3797 item=en_IP_e5d572b7b8e722e8 -> '{"judge_model": "MiniMax-M3", "scores": '
extract 2753/3797 item=en_IP_80eb0a001f68baaa -> '{"judge_model": "MiniMax-M3", "scores": '
extract 2754/3797 item=en_IP_43b316fbc558be21 -> '{"judge_model": "MiniMax-M3", "scores": '
extract 2755/3797 item=en_IP_5dcf1ce35725cf12 -> '{"judge_model": "MiniMax-M3", "scores": '
extract 2756/3797 item=en_IP_2204261b40e17dd2 -> '{"judge_model": "MiniMax-M3", "scores": '
extract 2757/3797 item=en_IP_b640b4608c8f4835 -> '{"judge_model": "MiniMax-M3", "scores": '
extract 2758/3797 item=en_IP_aef368beb1a6d1d3 -> '{"judge_model": "MiniMax-M3", "scores": '
extract 2759/3797 item=en_IP_93564b5459ed0023 -> '{"judge_model": "MiniMax-M3", "scores": '
extract 2760/3797 item=en_IP_8749c8a42aff7782 -> '{"judge_model": "MiniMax-M3", "scores": '
extract 2761/3797 item=en_IP_581038efc70e3e7b -> '{"judge_model": "MiniMax-M3", "scores": '
extract 2762/3797 item=en_IP_b4f0609387c9a46d -> '{"judge_model": "MiniMax-M3", "scores": '
extract 2763/3797 item=en_IP_e73ac8710b30335b -> '{"judge_model": "MiniMax-M3", "scores": '
extract 2764/3797 item=en_IP_6a762860a953df75 -> '{"judge_model": "MiniMax-M3", "scores": '
extract 2765/3797 item=en_IP_206d1c59ed870368 -> '{"judge_model": "MiniMax-M3", "scores": '
extract 2766/3797 item=en_IP_e5a7fd857a08381c -> '{"judge_model": "MiniMax-M3", "scores": '
extract 2767/3797 item=en_IP_882a5964c3034d5a -> '{"judge_model": "MiniMax-M3", "scores": '
extract 2768/3797 item=en_IP_884af0f2fc9b4b38 -> '{"judge_model": "MiniMax-M3", "scores": '
extract 2769/3797 item=en_IP_7ee12cbb72e6d7f9 -> '{"judge_model": "MiniMax-M3", "scores": '
extract 2770/3797 item=en_IP_3255d1ce0e54990f -> '{"judge_model": "MiniMax-M3", "scores": '
extract 2771/3797 item=en_IP_1c652db281ebee11 -> '{"judge_model": "MiniMax-M3", "scores": '
extract 2772/3797 item=en_IP_74e042d3ffadd02d -> '{"judge_model": "MiniMax-M3", "scores": '
extract 2773/3797 item=en_IP_2a3e4ff03aea2c43 -> '{"judge_model": "MiniMax-M3", "scores": '
extract 2774/3797 item=en_IP_b53a77e0a2aad471 -> '{"judge_model": "MiniMax-M3", "scores": '
extract 2775/3797 item=en_IP_b82d3a1d9cb23997 -> '{"judge_model": "MiniMax-M3", "scores": '
extract 2776/3797 item=en_IP_8b6587331130a827 -> '{"judge_model": "MiniMax-M3", "scores": '
extract 2777/3797 item=en_IP_047fff4857204294 -> '{"judge_model": "MiniMax-M3", "scores": '
extract 2778/3797 item=en_IP_898cae284f1b66cf -> '{"judge_model": "MiniMax-M3", "scores": '
extract 2779/3797 item=en_IP_56661ab0a8fbb10c -> '{"judge_model": "MiniMax-M3", "scores": '
extract 2780/3797 item=en_IP_50b9e98b88541640 -> '{"judge_model": "MiniMax-M3", "scores": '
extract 2781/3797 item=en_IP_63c789a20f42259c -> '{"judge_model": "MiniMax-M3", "scores": '
extract 2782/3797 item=en_IP_bd09210fc54a516b -> '{"judge_model": "MiniMax-M3", "scores": '
extract 2783/3797 item=en_IP_42adf50951ce83ca -> '{"judge_model": "MiniMax-M3", "scores": '
extract 2784/3797 item=en_IP_551de909373840a8 -> '{"judge_model": "MiniMax-M3", "scores": '
extract 2785/3797 item=en_IP_e12f1bb4406eaef9 -> '{"judge_model": "MiniMax-M3", "scores": '
extract 2786/3797 item=en_IP_94276d985671502d -> '{"judge_model": "MiniMax-M3", "scores": '
extract 2787/3797 item=en_IP_784fdadace0d6374 -> '{"judge_model": "MiniMax-M3", "scores": '
extract 2788/3797 item=en_IP_607d326e75bad4e2 -> '{"judge_model": "MiniMax-M3", "scores": '
extract 2789/3797 item=en_IP_6d73dc018cad38b5 -> '{"judge_model": "MiniMax-M3", "scores": '
extract 2790/3797 item=en_IP_1f1d255eadee264e -> '{"judge_model": "MiniMax-M3", "scores": '
extract 2791/3797 item=en_IP_32c646b414da00aa -> '{"judge_model": "MiniMax-M3", "scores": '
extract 2792/3797 item=en_IP_8b96b9ae755efa5a -> '{"judge_model": "MiniMax-M3", "scores": '
extract 2793/3797 item=en_IP_410cae6499e745a0 -> '{"judge_model": "MiniMax-M3", "scores": '
extract 2794/3797 item=en_IP_d6a54135a3f9c662 -> '{"judge_model": "MiniMax-M3", "scores": '
extract 2795/3797 item=en_IP_2a4e96680f6c0a5a -> '{"judge_model": "MiniMax-M3", "scores": '
extract 2796/3797 item=en_IP_434a81bd742c8cf1 -> '{"judge_model": "MiniMax-M3", "scores": '
extract 2797/3797 item=en_IP_92d11dfe0b98f7b1 -> '{"judge_model": "MiniMax-M3", "scores": '
extract 2798/3797 item=en_IP_64f38c6e726beb60 -> '{"judge_model": "MiniMax-M3", "scores": '
extract 2799/3797 item=en_IP_7fcb576d256ab225 -> '{"judge_model": "MiniMax-M3", "scores": '
extract 2800/3797 item=en_IP_b9a78e1944618f93 -> '{"judge_model": "MiniMax-M3", "scores": '
extract 2801/3797 item=en_IP_6674968e69e63058 -> '{"judge_model": "MiniMax-M3", "scores": '
extract 2802/3797 item=en_IP_401517979c11c489 -> '{"judge_model": "MiniMax-M3", "scores": '
extract 2803/3797 item=en_IP_f9ee8dcbadab9897 -> '{"judge_model": "MiniMax-M3", "scores": '
extract 2804/3797 item=en_IP_ecce6c7962eb211d -> '{"judge_model": "MiniMax-M3", "scores": '
extract 2805/3797 item=en_IP_3dfd1f85851d7d1a -> '{"judge_model": "MiniMax-M3", "scores": '
extract 2806/3797 item=en_IP_f67c28a5d12b97bb -> '{"judge_model": "MiniMax-M3", "scores": '
extract 2807/3797 item=en_IP_1e6e63d8fe93e6e2 -> '{"judge_model": "MiniMax-M3", "scores": '
extract 2808/3797 item=en_IP_5788d2e07c10d3e4 -> '{"judge_model": "MiniMax-M3", "scores": '
extract 2809/3797 item=en_IP_78739b142bbf2a61 -> '{"judge_model": "MiniMax-M3", "scores": '
extract 2810/3797 item=en_IP_6b66c0199408fef6 -> '{"judge_model": "MiniMax-M3", "scores": '
extract 2811/3797 item=en_IP_0cca613070e76de6 -> '{"judge_model": "MiniMax-M3", "scores": '
extract 2812/3797 item=en_IP_e7907cb53a94059f -> '{"judge_model": "MiniMax-M3", "scores": '
extract 2813/3797 item=en_IP_d2edc1956db0cc41 -> '{"judge_model": "MiniMax-M3", "scores": '
extract 2814/3797 item=en_IP_ad440de5fa9561e0 -> '{"judge_model": "MiniMax-M3", "scores": '
extract 2815/3797 item=en_IP_a57b98e552c2c70d -> '{"judge_model": "MiniMax-M3", "scores": '
extract 2816/3797 item=en_IP_a35bc7fa2cd3f362 -> '{"judge_model": "MiniMax-M3", "scores": '
extract 2817/3797 item=en_IP_0afc33272decb697 -> '{"judge_model": "MiniMax-M3", "scores": '
extract 2818/3797 item=en_IP_f7ee9cad1f387bc4 -> '{"judge_model": "MiniMax-M3", "scores": '
extract 2819/3797 item=en_IP_3f750a58cb0fa33d -> '{"judge_model": "MiniMax-M3", "scores": '
extract 2820/3797 item=en_IP_d1195880f4d244c9 -> '{"judge_model": "MiniMax-M3", "scores": '
extract 2821/3797 item=en_IP_2481ceee16bc112b -> '{"judge_model": "MiniMax-M3", "scores": '
extract 2822/3797 item=en_IP_b6b29840429cd624 -> '{"judge_model": "MiniMax-M3", "scores": '
extract 2823/3797 item=en_IP_40e1398144a57d90 -> '{"judge_model": "MiniMax-M3", "scores": '
extract 2824/3797 item=en_IP_a95a1f4c491f58e1 -> '{"judge_model": "MiniMax-M3", "scores": '
extract 2825/3797 item=en_IP_6824dcd38d0ead4f -> '{"judge_model": "MiniMax-M3", "scores": '
extract 2826/3797 item=en_IP_b297e2260fa4a4b0 -> '{"judge_model": "MiniMax-M3", "scores": '
extract 2827/3797 item=en_IP_518424d5081241c5 -> '{"judge_model": "MiniMax-M3", "scores": '
extract 2828/3797 item=en_IP_db6f0156e229200a -> '{"judge_model": "MiniMax-M3", "scores": '
extract 2829/3797 item=en_IP_f95d10979e76c583 -> '{"judge_model": "MiniMax-M3", "scores": '
extract 2830/3797 item=en_IP_3c1f40ddfc114fa5 -> '{"judge_model": "MiniMax-M3", "scores": '
extract 2831/3797 item=en_IP_f10e736b4c04f41b -> '{"judge_model": "MiniMax-M3", "scores": '
extract 2832/3797 item=en_IP_760c41649c568a5b -> '{"judge_model": "MiniMax-M3", "scores": '
extract 2833/3797 item=en_IP_b7d37c1e7a50619b -> '{"judge_model": "MiniMax-M3", "scores": '
extract 2834/3797 item=en_IP_ea07ab6b1d836c35 -> '{"judge_model": "MiniMax-M3", "scores": '
extract 2835/3797 item=en_IP_b6eb88cd8b8d2a97 -> '{"judge_model": "MiniMax-M3", "scores": '
extract 2836/3797 item=en_IP_633175bcb20d0802 -> '{"judge_model": "MiniMax-M3", "scores": '
extract 2837/3797 item=en_IP_b712f9a6b66c7e0f -> '{"judge_model": "MiniMax-M3", "scores": '
extract 2838/3797 item=en_IP_e2e2326f3df1ccdd -> '{"judge_model": "MiniMax-M3", "scores": '
extract 2839/3797 item=en_IP_461b0215cee93d69 -> '{"judge_model": "MiniMax-M3", "scores": '
extract 2840/3797 item=en_IP_eca142843a2ef55c -> '{"judge_model": "MiniMax-M3", "scores": '
extract 2841/3797 item=en_IP_2acccb2e78b0bf5b -> '{"judge_model": "MiniMax-M3", "scores": '
extract 2842/3797 item=en_IP_cb9368c28091ebb4 -> '{"judge_model": "MiniMax-M3", "scores": '
extract 2843/3797 item=en_IP_7a3ea1225bb01207 -> '{"judge_model": "MiniMax-M3", "scores": '
extract 2844/3797 item=en_IP_af1b7dc49584071b -> '{"judge_model": "MiniMax-M3", "scores": '
extract 2845/3797 item=en_IP_f1482f3bec992156 -> '{"judge_model": "MiniMax-M3", "scores": '
extract 2846/3797 item=en_IP_244d8d9dd554abd8 -> '{"judge_model": "MiniMax-M3", "scores": '
extract 2847/3797 item=en_IP_c0bc23535744efbd -> '{"judge_model": "MiniMax-M3", "scores": '
extract 2848/3797 item=en_IP_e2503352474a6536 -> '{"judge_model": "MiniMax-M3", "scores": '
extract 2849/3797 item=en_IP_ef22fad33e77de46 -> '{"judge_model": "MiniMax-M3", "scores": '
extract 2850/3797 item=en_IP_c9318d9408ac6f84 -> '{"judge_model": "MiniMax-M3", "scores": '
extract 2851/3797 item=en_IP_66f1760f4b5cb941 -> '{"judge_model": "MiniMax-M3", "scores": '
extract 2852/3797 item=en_IP_f642d4d75533ae0c -> '{"judge_model": "MiniMax-M3", "scores": '
extract 2853/3797 item=en_IP_2ba4e7ff14bd250c -> '{"judge_model": "MiniMax-M3", "scores": '
extract 2854/3797 item=en_IP_205b7cdaaa98905a -> '{"judge_model": "MiniMax-M3", "scores": '
extract 2855/3797 item=en_IP_719aad55e9992f11 -> '{"judge_model": "MiniMax-M3", "scores": '
extract 2856/3797 item=en_IP_da2ccda680417f33 -> '{"judge_model": "MiniMax-M3", "scores": '
extract 2857/3797 item=en_IP_88a328ad5e80fb60 -> '{"judge_model": "MiniMax-M3", "scores": '
extract 2858/3797 item=en_IP_c294df8412b8e851 -> '{"judge_model": "MiniMax-M3", "scores": '
extract 2859/3797 item=en_IP_0579a77d13df37be -> '{"judge_model": "MiniMax-M3", "scores": '
extract 2860/3797 item=en_IP_5bedb30f1eb31dc7 -> '{"judge_model": "MiniMax-M3", "scores": '
extract 2861/3797 item=en_IP_357acc64e1a0fdc2 -> '{"judge_model": "MiniMax-M3", "scores": '
extract 2862/3797 item=en_IP_b355b386318762ac -> '{"judge_model": "MiniMax-M3", "scores": '
extract 2863/3797 item=en_IP_215c15e090b2f370 -> '{"judge_model": "MiniMax-M3", "scores": '
extract 2864/3797 item=en_IP_c709681c79110e29 -> '{"judge_model": "MiniMax-M3", "scores": '
extract 2865/3797 item=en_IP_47406bb964317b0c -> '{"judge_model": "MiniMax-M3", "scores": '
extract 2866/3797 item=en_IP_ff9ccf2541a9df66 -> '{"judge_model": "MiniMax-M3", "scores": '
extract 2867/3797 item=en_IP_57bd41a1fa8164e1 -> '{"judge_model": "MiniMax-M3", "scores": '
extract 2868/3797 item=en_IP_5beb4327b1086add -> '{"judge_model": "MiniMax-M3", "scores": '
extract 2869/3797 item=en_IP_aac96c50f0af3cb6 -> '{"judge_model": "MiniMax-M3", "scores": '
extract 2870/3797 item=en_IP_da7aaeaae58aa4e9 -> '{"judge_model": "MiniMax-M3", "scores": '
extract 2871/3797 item=en_IP_e635416a41deff9e -> '{"judge_model": "MiniMax-M3", "scores": '
extract 2872/3797 item=en_IP_519bd52832032dc5 -> '{"judge_model": "MiniMax-M3", "scores": '
extract 2873/3797 item=en_IP_ad3a0ad5c1a6ab35 -> '{"judge_model": "MiniMax-M3", "scores": '
extract 2874/3797 item=en_IP_ec663aba2ffbdd32 -> '{"judge_model": "MiniMax-M3", "scores": '
extract 2875/3797 item=en_IP_f0b22d394af13335 -> '{"judge_model": "MiniMax-M3", "scores": '
extract 2876/3797 item=en_IP_91365a128402e338 -> '{"judge_model": "MiniMax-M3", "scores": '
extract 2877/3797 item=en_IP_203f0b40db2e0c23 -> '{"judge_model": "MiniMax-M3", "scores": '
extract 2878/3797 item=en_IP_1815ac523a5de3c4 -> '{"judge_model": "MiniMax-M3", "scores": '
extract 2879/3797 item=en_IP_38e7770607b708c6 -> '{"judge_model": "MiniMax-M3", "scores": '
extract 2880/3797 item=en_IP_2f62722d54c82568 -> '{"judge_model": "MiniMax-M3", "scores": '
extract 2881/3797 item=en_IP_44e72f14d29207c3 -> '{"judge_model": "MiniMax-M3", "scores": '
extract 2882/3797 item=en_IP_b727de5ae9c920a1 -> '{"judge_model": "MiniMax-M3", "scores": '
extract 2883/3797 item=en_IP_4c7e6ced9654ec81 -> '{"judge_model": "MiniMax-M3", "scores": '
extract 2884/3797 item=en_IP_c3e75f4733a19a7e -> '{"judge_model": "MiniMax-M3", "scores": '
extract 2885/3797 item=en_IP_c6ced2f914cd935c -> '{"judge_model": "MiniMax-M3", "scores": '
extract 2886/3797 item=en_IP_417f55291eaebe5e -> '{"judge_model": "MiniMax-M3", "scores": '
extract 2887/3797 item=en_IP_3b84095f98a159d2 -> '{"judge_model": "MiniMax-M3", "scores": '
extract 2888/3797 item=en_IP_ae526955aa357313 -> '{"judge_model": "MiniMax-M3", "scores": '
extract 2889/3797 item=en_IP_cfba69fe8e9f9bbc -> '{"judge_model": "MiniMax-M3", "scores": '
extract 2890/3797 item=en_IP_c1fa32b8d77c0306 -> '{"judge_model": "MiniMax-M3", "scores": '
extract 2891/3797 item=en_IP_4d666901b985b701 -> '{"judge_model": "MiniMax-M3", "scores": '
extract 2892/3797 item=en_IP_59a87e5cb1a2c4ce -> '{"judge_model": "MiniMax-M3", "scores": '
extract 2893/3797 item=en_IP_1710420604ddd66d -> '{"judge_model": "MiniMax-M3", "scores": '
extract 2894/3797 item=en_IP_ee950a2a050d1419 -> '{"judge_model": "MiniMax-M3", "scores": '
extract 2895/3797 item=en_IP_86939aa1c061b098 -> '{"judge_model": "MiniMax-M3", "scores": '
extract 2896/3797 item=en_IP_0718d77920ee4fc3 -> '{"judge_model": "MiniMax-M3", "scores": '
extract 2897/3797 item=en_IP_d363fcf4cf134747 -> '{"judge_model": "MiniMax-M3", "scores": '
extract 2898/3797 item=en_IP_004ffd2c1d17d3c5 -> '{"judge_model": "MiniMax-M3", "scores": '
extract 2899/3797 item=en_IP_4e229e66ec805a5d -> '{"judge_model": "MiniMax-M3", "scores": '
extract 2900/3797 item=en_IP_99cefc4220adbef7 -> '{"judge_model": "MiniMax-M3", "scores": '
extract 2901/3797 item=en_IP_292cc9014da08d2a -> '{"judge_model": "MiniMax-M3", "scores": '
extract 2902/3797 item=en_IP_137dc8d6a49c1e43 -> '{"judge_model": "MiniMax-M3", "scores": '
extract 2903/3797 item=en_IP_52d4794e6e620a51 -> '{"judge_model": "MiniMax-M3", "scores": '
extract 2904/3797 item=en_IP_2e6b1da085f49752 -> '{"judge_model": "MiniMax-M3", "scores": '
extract 2905/3797 item=en_IP_31a2d7c8b1213969 -> '{"judge_model": "MiniMax-M3", "scores": '
extract 2906/3797 item=en_IP_7ad5f092352ae1e3 -> '{"judge_model": "MiniMax-M3", "scores": '
extract 2907/3797 item=en_IP_42969b51e8d60e46 -> '{"judge_model": "MiniMax-M3", "scores": '
extract 2908/3797 item=en_IP_73f0d6a9fa42efcf -> '{"judge_model": "MiniMax-M3", "scores": '
extract 2909/3797 item=en_IP_d7de3377eae345bf -> '{"judge_model": "MiniMax-M3", "scores": '
extract 2910/3797 item=en_IP_1df05fcfc98b1239 -> '{"judge_model": "MiniMax-M3", "scores": '
extract 2911/3797 item=en_IP_d7220c5af56693be -> '{"judge_model": "MiniMax-M3", "scores": '
extract 2912/3797 item=en_IP_ba946337076a71fd -> '{"judge_model": "MiniMax-M3", "scores": '
extract 2913/3797 item=en_IP_e3f41b3b39f35f22 -> '{"judge_model": "MiniMax-M3", "scores": '
extract 2914/3797 item=en_IP_5225a9c392ae3064 -> '{"judge_model": "MiniMax-M3", "scores": '
extract 2915/3797 item=en_IP_609796d844e52e4f -> '{"judge_model": "MiniMax-M3", "scores": '
extract 2916/3797 item=en_IP_78b1d036ef836528 -> '{"judge_model": "MiniMax-M3", "scores": '
extract 2917/3797 item=en_IP_ca4ecf6dd873b42f -> '{"judge_model": "MiniMax-M3", "scores": '
extract 2918/3797 item=en_IP_6036db4e50efbf86 -> '{"judge_model": "MiniMax-M3", "scores": '
extract 2919/3797 item=en_IP_f855d521e8cf4143 -> '{"judge_model": "MiniMax-M3", "scores": '
extract 2920/3797 item=en_IP_b29e182997901f9c -> '{"judge_model": "MiniMax-M3", "scores": '
extract 2921/3797 item=en_IP_bc327d9f6d902dc5 -> '{"judge_model": "MiniMax-M3", "scores": '
extract 2922/3797 item=en_IP_815e3e409e672bf9 -> '{"judge_model": "MiniMax-M3", "scores": '
extract 2923/3797 item=en_IP_c8426615b1b065b6 -> '{"judge_model": "MiniMax-M3", "scores": '
extract 2924/3797 item=en_IP_78a3dd7d8b7ce1e3 -> '{"judge_model": "MiniMax-M3", "scores": '
extract 2925/3797 item=en_IP_296dd3b20d7215a4 -> '{"judge_model": "MiniMax-M3", "scores": '
extract 2926/3797 item=en_IP_7b2d8ce3cc58b937 -> '{"judge_model": "MiniMax-M3", "scores": '
extract 2927/3797 item=en_IP_8c1b89acecbcaeaf -> '{"judge_model": "MiniMax-M3", "scores": '
extract 2928/3797 item=en_IP_512e5a09a68b95f5 -> '{"judge_model": "MiniMax-M3", "scores": '
extract 2929/3797 item=en_IP_bad8c64a7ce4b1e4 -> '{"judge_model": "MiniMax-M3", "scores": '
extract 2930/3797 item=en_IP_956312f527115704 -> '{"judge_model": "MiniMax-M3", "scores": '
extract 2931/3797 item=en_IP_94a80ac7e2b8e024 -> '{"judge_model": "MiniMax-M3", "scores": '
extract 2932/3797 item=en_IP_39ec061965f4b4ae -> '{"judge_model": "MiniMax-M3", "scores": '
extract 2933/3797 item=en_IP_2df8159a97094909 -> '{"judge_model": "MiniMax-M3", "scores": '
extract 2934/3797 item=en_IP_2c2b04b6494387dc -> '{"judge_model": "MiniMax-M3", "scores": '
extract 2935/3797 item=en_IP_841c2bf61718fbd5 -> '{"judge_model": "MiniMax-M3", "scores": '
extract 2936/3797 item=en_IP_eb68b43a3eabd74a -> '{"judge_model": "MiniMax-M3", "scores": '
extract 2937/3797 item=en_IP_ed40e57fb677c003 -> '{"judge_model": "MiniMax-M3", "scores": '
extract 2938/3797 item=en_IP_0dedf7419d9e5403 -> '{"judge_model": "MiniMax-M3", "scores": '
extract 2939/3797 item=en_IP_a89c84562db746c1 -> '{"judge_model": "MiniMax-M3", "scores": '
extract 2940/3797 item=en_IP_14566cc83428c33f -> '{"judge_model": "MiniMax-M3", "scores": '
extract 2941/3797 item=en_IP_2b776f728f78f79a -> '{"judge_model": "MiniMax-M3", "scores": '
extract 2942/3797 item=en_IP_a3f3befb11deb765 -> '{"judge_model": "MiniMax-M3", "scores": '
extract 2943/3797 item=en_IP_5ba72f18235b5f7f -> '{"judge_model": "MiniMax-M3", "scores": '
extract 2944/3797 item=en_IP_986d1f041fc99f56 -> '{"judge_model": "MiniMax-M3", "scores": '
extract 2945/3797 item=en_IP_8c99c3f3718650e1 -> '{"judge_model": "MiniMax-M3", "scores": '
extract 2946/3797 item=en_IP_81542af2f2615bfb -> '{"judge_model": "MiniMax-M3", "scores": '
extract 2947/3797 item=en_IP_e55c56979c4576ed -> '{"judge_model": "MiniMax-M3", "scores": '
extract 2948/3797 item=en_IP_86734af0aa6b1ca1 -> '{"judge_model": "MiniMax-M3", "scores": '
extract 2949/3797 item=en_IP_cad80b570ae650f6 -> '{"judge_model": "MiniMax-M3", "scores": '
extract 2950/3797 item=en_IP_9205aac19089c18e -> '{"judge_model": "MiniMax-M3", "scores": '
extract 2951/3797 item=en_IP_d4d0f4ac89d747aa -> '{"judge_model": "MiniMax-M3", "scores": '
extract 2952/3797 item=en_IP_72f8b7b5f294d251 -> '{"judge_model": "MiniMax-M3", "scores": '
extract 2953/3797 item=en_IP_b16ea9de219a2be8 -> '{"judge_model": "MiniMax-M3", "scores": '
extract 2954/3797 item=en_IP_ed19d94ad0b03701 -> '{"judge_model": "MiniMax-M3", "scores": '
extract 2955/3797 item=en_IP_3c0fce2385253a70 -> '{"judge_model": "MiniMax-M3", "scores": '
extract 2956/3797 item=en_IP_d295d9f2cdd06232 -> '{"judge_model": "MiniMax-M3", "scores": '
extract 2957/3797 item=en_IP_245af8419d187d96 -> '{"judge_model": "MiniMax-M3", "scores": '
extract 2958/3797 item=en_IP_a7fef8f0b604aaae -> '{"judge_model": "MiniMax-M3", "scores": '
extract 2959/3797 item=en_IP_0f8ad103bb88d7ba -> '{"judge_model": "MiniMax-M3", "scores": '
extract 2960/3797 item=en_IP_dc2876aa7116f639 -> '{"judge_model": "MiniMax-M3", "scores": '
extract 2961/3797 item=en_IP_6cda8e1f243004c9 -> '{"judge_model": "MiniMax-M3", "scores": '
extract 2962/3797 item=en_IP_7e86d38de2170849 -> '{"judge_model": "MiniMax-M3", "scores": '
extract 2963/3797 item=en_IP_d463133ed16e41f3 -> '{"judge_model": "MiniMax-M3", "scores": '
extract 2964/3797 item=en_IP_47dc67f738dcc177 -> '{"judge_model": "MiniMax-M3", "scores": '
extract 2965/3797 item=en_IP_3701cf88740b09f8 -> '{"judge_model": "MiniMax-M3", "scores": '
extract 2966/3797 item=en_IP_dc63d0c39b3c3b6d -> '{"judge_model": "MiniMax-M3", "scores": '
extract 2967/3797 item=en_IP_7693d947514230c4 -> '{"judge_model": "MiniMax-M3", "scores": '
extract 2968/3797 item=en_IP_8e66345d709dac86 -> '{"judge_model": "MiniMax-M3", "scores": '
extract 2969/3797 item=en_IP_208f79deebcded3a -> '{"judge_model": "MiniMax-M3", "scores": '
extract 2970/3797 item=en_IP_83755b4132f5991f -> '{"judge_model": "MiniMax-M3", "scores": '
extract 2971/3797 item=en_IP_3c69114632aacd74 -> '{"judge_model": "MiniMax-M3", "scores": '
extract 2972/3797 item=en_IP_67ebba90b1e11c67 -> '{"judge_model": "MiniMax-M3", "scores": '
extract 2973/3797 item=en_IP_2ce46db82c01f858 -> '{"judge_model": "MiniMax-M3", "scores": '
extract 2974/3797 item=en_IP_923e7d3482de12d2 -> '{"judge_model": "MiniMax-M3", "scores": '
extract 2975/3797 item=en_IP_7c912f834e54aa4e -> '{"judge_model": "MiniMax-M3", "scores": '
extract 2976/3797 item=en_IP_c3c2cde7e2c00d0b -> '{"judge_model": "MiniMax-M3", "scores": '
extract 2977/3797 item=en_IP_2dae8a0f98c12672 -> '{"judge_model": "MiniMax-M3", "scores": '
extract 2978/3797 item=en_IP_56f6fbd5f6af95a4 -> '{"judge_model": "MiniMax-M3", "scores": '
extract 2979/3797 item=en_IP_a230baba201df481 -> '{"judge_model": "MiniMax-M3", "scores": '
extract 2980/3797 item=en_IP_7c2bc318be3a58eb -> '{"judge_model": "MiniMax-M3", "scores": '
extract 2981/3797 item=en_IP_c1c5ffafcc81f87b -> '{"judge_model": "MiniMax-M3", "scores": '
extract 2982/3797 item=en_IP_daf908496875e151 -> '{"judge_model": "MiniMax-M3", "scores": '
extract 2983/3797 item=en_IP_884d8aed453b08d8 -> '{"judge_model": "MiniMax-M3", "scores": '
extract 2984/3797 item=en_IP_100968c9b9705c63 -> '{"judge_model": "MiniMax-M3", "scores": '
extract 2985/3797 item=en_IP_744985e93c561334 -> '{"judge_model": "MiniMax-M3", "scores": '
extract 2986/3797 item=en_IP_336b1a3b113c00e9 -> '{"judge_model": "MiniMax-M3", "scores": '
extract 2987/3797 item=en_IP_44a640b036aed585 -> '{"judge_model": "MiniMax-M3", "scores": '
extract 2988/3797 item=en_IP_139f2c8a4da77410 -> '{"judge_model": "MiniMax-M3", "scores": '
extract 2989/3797 item=en_IP_76c8efb8e4beaa1d -> '{"judge_model": "MiniMax-M3", "scores": '
extract 2990/3797 item=en_IP_19612796ae70897e -> '{"judge_model": "MiniMax-M3", "scores": '
extract 2991/3797 item=en_IP_ddd287c9ba1f0aee -> '{"judge_model": "MiniMax-M3", "scores": '
extract 2992/3797 item=en_IP_c1b42cc09a8b2ac6 -> '{"judge_model": "MiniMax-M3", "scores": '
extract 2993/3797 item=en_IP_26e4f09218998193 -> '{"judge_model": "MiniMax-M3", "scores": '
extract 2994/3797 item=en_IP_97c5ce60cb21afc6 -> '{"judge_model": "MiniMax-M3", "scores": '
extract 2995/3797 item=en_IP_ce8d392b9f1c2b33 -> '{"judge_model": "MiniMax-M3", "scores": '
extract 2996/3797 item=en_IP_67a2777423fe7b09 -> '{"judge_model": "MiniMax-M3", "scores": '
extract 2997/3797 item=en_IP_f74214e105824704 -> '{"judge_model": "MiniMax-M3", "scores": '
extract 2998/3797 item=en_IP_4e3367c020eab4e4 -> '{"judge_model": "MiniMax-M3", "scores": '
extract 2999/3797 item=en_IP_7b4737f4ccf7f03f -> '{"judge_model": "MiniMax-M3", "scores": '
extract 3000/3797 item=en_IP_a158594b71a0456d -> '{"judge_model": "MiniMax-M3", "scores": '
extract 3001/3797 item=en_IP_b697f0664e5d31ed -> '{"judge_model": "MiniMax-M3", "scores": '
extract 3002/3797 item=en_IP_e017bcdeb0041813 -> '{"judge_model": "MiniMax-M3", "scores": '
extract 3003/3797 item=en_IP_62e3f485784c4a8f -> '{"judge_model": "MiniMax-M3", "scores": '
extract 3004/3797 item=en_IP_ae405db50ea2dccc -> '{"judge_model": "MiniMax-M3", "scores": '
extract 3005/3797 item=en_IP_3395f9a293e3a5e2 -> '{"judge_model": "MiniMax-M3", "scores": '
extract 3006/3797 item=en_IP_879b43a61971b7f1 -> '{"judge_model": "MiniMax-M3", "scores": '
extract 3007/3797 item=en_IP_964e8a5b151cacdd -> '{"judge_model": "MiniMax-M3", "scores": '
extract 3008/3797 item=en_IP_460ef43a6246f1a0 -> '{"judge_model": "MiniMax-M3", "scores": '
extract 3009/3797 item=en_IP_732c4233e4622689 -> '{"judge_model": "MiniMax-M3", "scores": '
extract 3010/3797 item=en_IP_1959a8d0eb24717e -> '{"judge_model": "MiniMax-M3", "scores": '
extract 3011/3797 item=en_IP_1fcc39a57873eb2c -> '{"judge_model": "MiniMax-M3", "scores": '
extract 3012/3797 item=en_IP_36a9039172d99d91 -> '{"judge_model": "MiniMax-M3", "scores": '
extract 3013/3797 item=en_IP_816ed5433a50b649 -> '{"judge_model": "MiniMax-M3", "scores": '
extract 3014/3797 item=en_IP_7e889b596e44721e -> '{"judge_model": "MiniMax-M3", "scores": '
extract 3015/3797 item=en_IP_4d31bc3b761f2954 -> '{"judge_model": "MiniMax-M3", "scores": '
extract 3016/3797 item=en_IP_6b1e26abc0d86f75 -> '{"judge_model": "MiniMax-M3", "scores": '
extract 3017/3797 item=en_IP_f3c04c22cd6e8920 -> '{"judge_model": "MiniMax-M3", "scores": '
extract 3018/3797 item=en_IP_6b89e99f2edceb43 -> '{"judge_model": "MiniMax-M3", "scores": '
extract 3019/3797 item=en_IP_8a2a04dc2a0b5d26 -> '{"judge_model": "MiniMax-M3", "scores": '
extract 3020/3797 item=en_IP_99d4b32424a6613b -> '{"judge_model": "MiniMax-M3", "scores": '
extract 3021/3797 item=en_IP_5fff6cdfc34501c2 -> '{"judge_model": "MiniMax-M3", "scores": '
extract 3022/3797 item=en_IP_6dc0aaa31fff6b1a -> '{"judge_model": "MiniMax-M3", "scores": '
extract 3023/3797 item=en_IP_dcc3bb2cc19d142b -> '{"judge_model": "MiniMax-M3", "scores": '
extract 3024/3797 item=en_IP_c53738154c7cc2e5 -> '{"judge_model": "MiniMax-M3", "scores": '
extract 3025/3797 item=en_IP_e355173f05f209e3 -> '{"judge_model": "MiniMax-M3", "scores": '
extract 3026/3797 item=en_IP_c7184800b5030fbd -> '{"judge_model": "MiniMax-M3", "scores": '
extract 3027/3797 item=en_IP_31c5b8bad620e54c -> '{"judge_model": "MiniMax-M3", "scores": '
extract 3028/3797 item=en_IP_44ca0b12448d135c -> '{"judge_model": "MiniMax-M3", "scores": '
extract 3029/3797 item=en_IP_b259db86e667fd39 -> '{"judge_model": "MiniMax-M3", "scores": '
extract 3030/3797 item=en_IP_7ce93a77d2481e15 -> '{"judge_model": "MiniMax-M3", "scores": '
extract 3031/3797 item=en_IP_da4df3a94206f620 -> '{"judge_model": "MiniMax-M3", "scores": '
extract 3032/3797 item=en_IP_e68f01df1c98b300 -> '{"judge_model": "MiniMax-M3", "scores": '
extract 3033/3797 item=en_IP_29b6876772268f8f -> '{"judge_model": "MiniMax-M3", "scores": '
extract 3034/3797 item=en_IP_acd84fa8d9d4ef62 -> '{"judge_model": "MiniMax-M3", "scores": '
extract 3035/3797 item=en_IP_88b3ee26231a7ae1 -> '{"judge_model": "MiniMax-M3", "scores": '
extract 3036/3797 item=en_IP_74e832eaf9331c58 -> '{"judge_model": "MiniMax-M3", "scores": '
extract 3037/3797 item=en_IP_b6d6582bd63c9834 -> '{"judge_model": "MiniMax-M3", "scores": '
extract 3038/3797 item=en_IP_867b3e0d5da53e6a -> '{"judge_model": "MiniMax-M3", "scores": '
extract 3039/3797 item=en_IP_91f80c1cf6258af8 -> '{"judge_model": "MiniMax-M3", "scores": '
extract 3040/3797 item=en_IP_f7845212eed342ea -> '{"judge_model": "MiniMax-M3", "scores": '
extract 3041/3797 item=en_IP_fffacf50e124a035 -> '{"judge_model": "MiniMax-M3", "scores": '
extract 3042/3797 item=en_IP_a5dd70a3ebc1debf -> '{"judge_model": "MiniMax-M3", "scores": '
extract 3043/3797 item=en_IP_fea84ac30e4224fb -> '{"judge_model": "MiniMax-M3", "scores": '
extract 3044/3797 item=en_IP_4a1001a6b5663efc -> '{"judge_model": "MiniMax-M3", "scores": '
extract 3045/3797 item=en_IP_9f8d7dbab7015de3 -> '{"judge_model": "MiniMax-M3", "scores": '
extract 3046/3797 item=en_IP_3768ccbf51ed0792 -> '{"judge_model": "MiniMax-M3", "scores": '
extract 3047/3797 item=en_IP_28db7aad5325c675 -> '{"judge_model": "MiniMax-M3", "scores": '
extract 3048/3797 item=en_IP_d699c6e4cc8d089c -> '{"judge_model": "MiniMax-M3", "scores": '
extract 3049/3797 item=en_IP_c48f34b6da78ac74 -> '{"judge_model": "MiniMax-M3", "scores": '
extract 3050/3797 item=en_IP_855ca10c53fe0e37 -> '{"judge_model": "MiniMax-M3", "scores": '
extract 3051/3797 item=en_IP_4f887202b5d70507 -> '{"judge_model": "MiniMax-M3", "scores": '
extract 3052/3797 item=en_IP_342985599042772e -> '{"judge_model": "MiniMax-M3", "scores": '
extract 3053/3797 item=en_IP_ad29324e4ea2759b -> '{"judge_model": "MiniMax-M3", "scores": '
extract 3054/3797 item=en_IP_c1e7d0c7351d4288 -> '{"judge_model": "MiniMax-M3", "scores": '
extract 3055/3797 item=en_IP_beea192e39a812fa -> '{"judge_model": "MiniMax-M3", "scores": '
extract 3056/3797 item=en_IP_30fd556f3a4f3961 -> '{"judge_model": "MiniMax-M3", "scores": '
extract 3057/3797 item=en_IP_a62d629efc3648ac -> '{"judge_model": "MiniMax-M3", "scores": '
extract 3058/3797 item=en_IP_6951e5f12e090c1b -> '{"judge_model": "MiniMax-M3", "scores": '
extract 3059/3797 item=en_IP_53f16f3119a0e50c -> '{"judge_model": "MiniMax-M3", "scores": '
extract 3060/3797 item=en_IP_ca0be412edc4c28d -> '{"judge_model": "MiniMax-M3", "scores": '
extract 3061/3797 item=en_IP_f7a0d8efd387eb8e -> '{"judge_model": "MiniMax-M3", "scores": '
extract 3062/3797 item=en_IP_7c26f0a5bb54b20c -> '{"judge_model": "MiniMax-M3", "scores": '
extract 3063/3797 item=en_IP_54d5f7982d9a367c -> '{"judge_model": "MiniMax-M3", "scores": '
extract 3064/3797 item=en_IP_fa04286d978c1174 -> '{"judge_model": "MiniMax-M3", "scores": '
extract 3065/3797 item=en_IP_6b530263b8702b58 -> '{"judge_model": "MiniMax-M3", "scores": '
extract 3066/3797 item=en_IP_1e9c7a7528e96d7a -> '{"judge_model": "MiniMax-M3", "scores": '
extract 3067/3797 item=en_IP_a487c74e29b522e7 -> '{"judge_model": "MiniMax-M3", "scores": '
extract 3068/3797 item=en_IP_85b66ff265bd4353 -> '{"judge_model": "MiniMax-M3", "scores": '
extract 3069/3797 item=en_IP_770de87ee4f86be0 -> '{"judge_model": "MiniMax-M3", "scores": '
extract 3070/3797 item=en_IP_dad5e3ed109beaf1 -> '{"judge_model": "MiniMax-M3", "scores": '
extract 3071/3797 item=en_IP_f0ffa3dcc37c4afe -> '{"judge_model": "MiniMax-M3", "scores": '
extract 3072/3797 item=en_IP_8365c4f2270a90b3 -> '{"judge_model": "MiniMax-M3", "scores": '
extract 3073/3797 item=en_IP_2de82904a2affebf -> '{"judge_model": "MiniMax-M3", "scores": '
extract 3074/3797 item=en_IP_f316bf42066a4a4e -> '{"judge_model": "MiniMax-M3", "scores": '
extract 3075/3797 item=en_IP_7a98c92e9b2d66ce -> '{"judge_model": "MiniMax-M3", "scores": '
extract 3076/3797 item=en_IP_2a81521b6e8da5fa -> '{"judge_model": "MiniMax-M3", "scores": '
extract 3077/3797 item=en_IP_1a30451866d8a5d8 -> '{"judge_model": "MiniMax-M3", "scores": '
extract 3078/3797 item=en_IP_46cb6f0a5a125078 -> '{"judge_model": "MiniMax-M3", "scores": '
extract 3079/3797 item=en_IP_0b96e45fcb64e20e -> '{"judge_model": "MiniMax-M3", "scores": '
extract 3080/3797 item=en_IP_69aa871980533821 -> '{"judge_model": "MiniMax-M3", "scores": '
extract 3081/3797 item=en_IP_2f18e1d0a9de81f9 -> '{"judge_model": "MiniMax-M3", "scores": '
extract 3082/3797 item=en_IP_2009268e82a58321 -> '{"judge_model": "MiniMax-M3", "scores": '
extract 3083/3797 item=en_IP_647d1db8354751a2 -> '{"judge_model": "MiniMax-M3", "scores": '
extract 3084/3797 item=en_IP_218f261deb7221f3 -> '{"judge_model": "MiniMax-M3", "scores": '
extract 3085/3797 item=en_IP_91754ccdcb8b98a5 -> '{"judge_model": "MiniMax-M3", "scores": '
extract 3086/3797 item=en_IP_5e19edb5fbd1b112 -> '{"judge_model": "MiniMax-M3", "scores": '
extract 3087/3797 item=en_IP_f18f8ad8cdc11a57 -> '{"judge_model": "MiniMax-M3", "scores": '
extract 3088/3797 item=en_IP_307a8bcf14eecf03 -> '{"judge_model": "MiniMax-M3", "scores": '
extract 3089/3797 item=en_IP_72a5a1993f3229d3 -> '{"judge_model": "MiniMax-M3", "scores": '
extract 3090/3797 item=en_IP_a37d4daf88936947 -> '{"judge_model": "MiniMax-M3", "scores": '
extract 3091/3797 item=en_IP_8a5916c5944da398 -> '{"judge_model": "MiniMax-M3", "scores": '
extract 3092/3797 item=en_IP_4a151b0feae620b1 -> '{"judge_model": "MiniMax-M3", "scores": '
extract 3093/3797 item=en_IP_5d5e2b22451c6d5e -> '{"judge_model": "MiniMax-M3", "scores": '
extract 3094/3797 item=en_IP_9e2c3674bdd9ea0c -> '{"judge_model": "MiniMax-M3", "scores": '
extract 3095/3797 item=en_IP_bb5d831d17c474d1 -> '{"judge_model": "MiniMax-M3", "scores": '
extract 3096/3797 item=en_IP_30f880f8a685d4d4 -> '{"judge_model": "MiniMax-M3", "scores": '
extract 3097/3797 item=en_IP_4769060c0945cabe -> '{"judge_model": "MiniMax-M3", "scores": '
extract 3098/3797 item=en_IP_f0ddbf53162f4919 -> '{"judge_model": "MiniMax-M3", "scores": '
extract 3099/3797 item=en_IP_a6fbd5fdfce37ee4 -> '{"judge_model": "MiniMax-M3", "scores": '
extract 3100/3797 item=en_IP_b6e55af17033f3bc -> '{"judge_model": "MiniMax-M3", "scores": '
extract 3101/3797 item=en_IP_dc333673515c3c3d -> '{"judge_model": "MiniMax-M3", "scores": '
extract 3102/3797 item=en_IP_b7bf96ff5fe5f98b -> '{"judge_model": "MiniMax-M3", "scores": '
extract 3103/3797 item=en_IP_11f5e503937a2a38 -> '{"judge_model": "MiniMax-M3", "scores": '
extract 3104/3797 item=en_IP_dc4c46d1503b787c -> '{"judge_model": "MiniMax-M3", "scores": '
extract 3105/3797 item=en_IP_453a8e89c9914a81 -> '{"judge_model": "MiniMax-M3", "scores": '
extract 3106/3797 item=en_IP_8881142fe468fdea -> '{"judge_model": "MiniMax-M3", "scores": '
extract 3107/3797 item=en_IP_f9fa01b137610982 -> '{"judge_model": "MiniMax-M3", "scores": '
extract 3108/3797 item=en_IP_e83f44383dd9cebd -> '{"judge_model": "MiniMax-M3", "scores": '
extract 3109/3797 item=en_IP_72b867db6f8fb50d -> '{"judge_model": "MiniMax-M3", "scores": '
extract 3110/3797 item=en_IP_c15b679497e89d67 -> '{"judge_model": "MiniMax-M3", "scores": '
extract 3111/3797 item=en_IP_6cca04fdcd89eeba -> '{"judge_model": "MiniMax-M3", "scores": '
extract 3112/3797 item=en_IP_e6e355ea5123a492 -> '{"judge_model": "MiniMax-M3", "scores": '
extract 3113/3797 item=en_IP_0cfe6f3719ce3855 -> '{"judge_model": "MiniMax-M3", "scores": '
extract 3114/3797 item=en_IP_2b877b21647fd2b4 -> '{"judge_model": "MiniMax-M3", "scores": '
extract 3115/3797 item=en_IP_beb796852d2fb142 -> '{"judge_model": "MiniMax-M3", "scores": '
extract 3116/3797 item=en_IP_1cf6975679befa17 -> '{"judge_model": "MiniMax-M3", "scores": '
extract 3117/3797 item=en_IP_79117f1a72ce1592 -> '{"judge_model": "MiniMax-M3", "scores": '
extract 3118/3797 item=en_IP_50299ff7f6dcf837 -> '{"judge_model": "MiniMax-M3", "scores": '
extract 3119/3797 item=en_IP_22f74614203064e2 -> '{"judge_model": "MiniMax-M3", "scores": '
extract 3120/3797 item=en_IP_148164eeab5a2acb -> '{"judge_model": "MiniMax-M3", "scores": '
extract 3121/3797 item=en_IP_250612485ac32b6b -> '{"judge_model": "MiniMax-M3", "scores": '
extract 3122/3797 item=en_IP_d5d4629c7a551014 -> '{"judge_model": "MiniMax-M3", "scores": '
extract 3123/3797 item=en_IP_b83509c8ea87e432 -> '{"judge_model": "MiniMax-M3", "scores": '
extract 3124/3797 item=en_IP_024483d4b2ad3b87 -> '{"judge_model": "MiniMax-M3", "scores": '
extract 3125/3797 item=en_IP_c880ee2a5c1e5c6a -> '{"judge_model": "MiniMax-M3", "scores": '
extract 3126/3797 item=en_IP_fc06945450aa1aeb -> '{"judge_model": "MiniMax-M3", "scores": '
extract 3127/3797 item=en_IP_2f98dfcc889971f6 -> '{"judge_model": "MiniMax-M3", "scores": '
extract 3128/3797 item=en_IP_e9974daefb8dae74 -> '{"judge_model": "MiniMax-M3", "scores": '
extract 3129/3797 item=en_IP_7ed9e457fc411575 -> '{"judge_model": "MiniMax-M3", "scores": '
extract 3130/3797 item=en_IP_02568ed71dbd8be1 -> '{"judge_model": "MiniMax-M3", "scores": '
extract 3131/3797 item=en_IP_ed640c0179cdbe4f -> '{"judge_model": "MiniMax-M3", "scores": '
extract 3132/3797 item=en_IP_08130c87875508a8 -> '{"judge_model": "MiniMax-M3", "scores": '
extract 3133/3797 item=en_IP_9d45d20d702ee368 -> '{"judge_model": "MiniMax-M3", "scores": '
extract 3134/3797 item=en_IP_1c46f2e9bdeb3971 -> '{"judge_model": "MiniMax-M3", "scores": '
extract 3135/3797 item=en_IP_78fdd96db4ddd109 -> '{"judge_model": "MiniMax-M3", "scores": '
extract 3136/3797 item=en_IP_885ee187fff61f4d -> '{"judge_model": "MiniMax-M3", "scores": '
extract 3137/3797 item=en_IP_edb40fd1c436f152 -> '{"judge_model": "MiniMax-M3", "scores": '
extract 3138/3797 item=en_IP_8d75c05004771764 -> '{"judge_model": "MiniMax-M3", "scores": '
extract 3139/3797 item=en_IP_987e6f27ddd085e2 -> '{"judge_model": "MiniMax-M3", "scores": '
extract 3140/3797 item=en_IP_572dbbeba23c4ccf -> '{"judge_model": "MiniMax-M3", "scores": '
extract 3141/3797 item=en_IP_1eafe32aed115664 -> '{"judge_model": "MiniMax-M3", "scores": '
extract 3142/3797 item=en_IP_8ebc68bf72bf8299 -> '{"judge_model": "MiniMax-M3", "scores": '
extract 3143/3797 item=en_IP_62fb5c52f4bd3a29 -> '{"judge_model": "MiniMax-M3", "scores": '
extract 3144/3797 item=en_IP_7b90fff061a46d8f -> '{"judge_model": "MiniMax-M3", "scores": '
extract 3145/3797 item=en_IP_5aef70e18df65925 -> '{"judge_model": "MiniMax-M3", "scores": '
extract 3146/3797 item=en_IP_e84b203163aad55f -> '{"judge_model": "MiniMax-M3", "scores": '
extract 3147/3797 item=en_IP_5b0fae2996416315 -> '{"judge_model": "MiniMax-M3", "scores": '
extract 3148/3797 item=en_IP_4360580e52898044 -> '{"judge_model": "MiniMax-M3", "scores": '
extract 3149/3797 item=en_IP_981de255c81c6adb -> '{"judge_model": "MiniMax-M3", "scores": '
extract 3150/3797 item=en_IP_c3e667d5c94c28b5 -> '{"judge_model": "MiniMax-M3", "scores": '
extract 3151/3797 item=en_IP_00dcbc95f69d64c5 -> '{"judge_model": "MiniMax-M3", "scores": '
extract 3152/3797 item=en_IP_afee499f43524891 -> '{"judge_model": "MiniMax-M3", "scores": '
extract 3153/3797 item=en_IP_dc91fac58758b3cb -> '{"judge_model": "MiniMax-M3", "scores": '
extract 3154/3797 item=en_IP_1c65c1e63c2d8dc1 -> '{"judge_model": "MiniMax-M3", "scores": '
extract 3155/3797 item=en_IP_01cc65b702d21a40 -> '{"judge_model": "MiniMax-M3", "scores": '
extract 3156/3797 item=en_IP_e3dcdac1fe8a916b -> '{"judge_model": "MiniMax-M3", "scores": '
extract 3157/3797 item=en_IP_b2a2f1599aaf9780 -> '{"judge_model": "MiniMax-M3", "scores": '
extract 3158/3797 item=en_IP_94688263bab608e2 -> '{"judge_model": "MiniMax-M3", "scores": '
extract 3159/3797 item=en_IP_47c7a44e1dbe3808 -> '{"judge_model": "MiniMax-M3", "scores": '
extract 3160/3797 item=en_IP_9eb3a50574de0ae8 -> '{"judge_model": "MiniMax-M3", "scores": '
extract 3161/3797 item=en_IP_7fe259af32d7c8dc -> '{"judge_model": "MiniMax-M3", "scores": '
extract 3162/3797 item=en_IP_f662bb83c4571f3a -> '{"judge_model": "MiniMax-M3", "scores": '
extract 3163/3797 item=en_IP_f6d0a1262edba8f2 -> '{"judge_model": "MiniMax-M3", "scores": '
extract 3164/3797 item=en_IP_b1e568c04f1355db -> '{"judge_model": "MiniMax-M3", "scores": '
extract 3165/3797 item=en_IP_7c3ca2380cfc65bb -> '{"judge_model": "MiniMax-M3", "scores": '
extract 3166/3797 item=en_IP_4185b1468e60f457 -> '{"judge_model": "MiniMax-M3", "scores": '
extract 3167/3797 item=en_IP_07b358dc085a66fe -> '{"judge_model": "MiniMax-M3", "scores": '
extract 3168/3797 item=en_IP_c2c369b8980efc98 -> '{"judge_model": "MiniMax-M3", "scores": '
extract 3169/3797 item=en_IP_ec5bfabe15c782f5 -> '{"judge_model": "MiniMax-M3", "scores": '
extract 3170/3797 item=en_IP_9613f508c53e25eb -> '{"judge_model": "MiniMax-M3", "scores": '
extract 3171/3797 item=en_IP_7a36bf3cf7f9118d -> '{"judge_model": "MiniMax-M3", "scores": '
extract 3172/3797 item=en_IP_a3e21dc795daaf88 -> '{"judge_model": "MiniMax-M3", "scores": '
extract 3173/3797 item=en_IP_ae157f0e5d0b4105 -> '{"judge_model": "MiniMax-M3", "scores": '
extract 3174/3797 item=en_IP_fc0125131b2a6577 -> '{"judge_model": "MiniMax-M3", "scores": '
extract 3175/3797 item=en_IP_4c13959e97f59584 -> '{"judge_model": "MiniMax-M3", "scores": '
extract 3176/3797 item=en_IP_821b3a940c13c0c7 -> '{"judge_model": "MiniMax-M3", "scores": '
extract 3177/3797 item=en_IP_c97f55ac703a25ca -> '{"judge_model": "MiniMax-M3", "scores": '
extract 3178/3797 item=en_IP_900d77291a725421 -> '{"judge_model": "MiniMax-M3", "scores": '
extract 3179/3797 item=en_IP_b76cbe237eb7d36e -> '{"judge_model": "MiniMax-M3", "scores": '
extract 3180/3797 item=en_IP_1ac218539e3864e9 -> '{"judge_model": "MiniMax-M3", "scores": '
extract 3181/3797 item=en_IP_fc3adb73e83553bd -> '{"judge_model": "MiniMax-M3", "scores": '
extract 3182/3797 item=en_IP_15784177f6e22e08 -> '{"judge_model": "MiniMax-M3", "scores": '
extract 3183/3797 item=en_IP_658cf9e0536f9e7e -> '{"judge_model": "MiniMax-M3", "scores": '
extract 3184/3797 item=en_IP_358748578f9ac9a0 -> '{"judge_model": "MiniMax-M3", "scores": '
extract 3185/3797 item=en_IP_9e9f3ff9654ddfa7 -> '{"judge_model": "MiniMax-M3", "scores": '
extract 3186/3797 item=en_IP_1d8098c54fb6269e -> '{"judge_model": "MiniMax-M3", "scores": '
extract 3187/3797 item=en_IP_21eff30ea0abeb53 -> '{"judge_model": "MiniMax-M3", "scores": '
extract 3188/3797 item=en_IP_5896012e0a2121c4 -> '{"judge_model": "MiniMax-M3", "scores": '
extract 3189/3797 item=en_IP_f79c0ed5b99f3172 -> '{"judge_model": "MiniMax-M3", "scores": '
extract 3190/3797 item=en_IP_59dfb02c9a2545b7 -> '{"judge_model": "MiniMax-M3", "scores": '
extract 3191/3797 item=en_IP_df845a23d04abd6f -> '{"judge_model": "MiniMax-M3", "scores": '
extract 3192/3797 item=en_IP_b604994788afac6d -> '{"judge_model": "MiniMax-M3", "scores": '
extract 3193/3797 item=en_IP_f8fbd2802e636ccf -> '{"judge_model": "MiniMax-M3", "scores": '
extract 3194/3797 item=en_IP_7ab440070e72cffd -> '{"judge_model": "MiniMax-M3", "scores": '
extract 3195/3797 item=en_IP_c02cddbf9b95a5ca -> '{"judge_model": "MiniMax-M3", "scores": '
extract 3196/3797 item=en_IP_50c3dfab08d86eb3 -> '{"judge_model": "MiniMax-M3", "scores": '
extract 3197/3797 item=en_IP_8c5be872c8d249a6 -> '{"judge_model": "MiniMax-M3", "scores": '
extract 3198/3797 item=en_IP_21b1dd413dd70233 -> '{"judge_model": "MiniMax-M3", "scores": '
extract 3199/3797 item=en_IP_fdcd7607c4f0ef45 -> '{"judge_model": "MiniMax-M3", "scores": '
extract 3200/3797 item=en_IP_3fb7f487b4ffd80e -> '{"judge_model": "MiniMax-M3", "scores": '
extract 3201/3797 item=en_IP_a293b2adc0cf0861 -> '{"judge_model": "MiniMax-M3", "scores": '
extract 3202/3797 item=en_IP_591001cdd6dc02b9 -> '{"judge_model": "MiniMax-M3", "scores": '
extract 3203/3797 item=en_IP_18643d23c6fc0d57 -> '{"judge_model": "MiniMax-M3", "scores": '
extract 3204/3797 item=en_IP_c78be4a46141d6b0 -> '{"judge_model": "MiniMax-M3", "scores": '
extract 3205/3797 item=en_IP_e4f691f4daafab4d -> '{"judge_model": "MiniMax-M3", "scores": '
extract 3206/3797 item=en_IP_d1e279e11552ece9 -> '{"judge_model": "MiniMax-M3", "scores": '
extract 3207/3797 item=en_IP_a72d59897747e2ea -> '{"judge_model": "MiniMax-M3", "scores": '
extract 3208/3797 item=en_IP_9e450c282a6f44dc -> '{"judge_model": "MiniMax-M3", "scores": '
extract 3209/3797 item=en_IP_19c302a1739a8dfa -> '{"judge_model": "MiniMax-M3", "scores": '
extract 3210/3797 item=en_IP_4ea68d67e02d15f3 -> '{"judge_model": "MiniMax-M3", "scores": '
extract 3211/3797 item=en_IP_46b8bf24ea244ba3 -> '{"judge_model": "MiniMax-M3", "scores": '
extract 3212/3797 item=en_IP_62ffebc981536288 -> '{"judge_model": "MiniMax-M3", "scores": '
extract 3213/3797 item=en_IP_72dd9d332d1cab36 -> '{"judge_model": "MiniMax-M3", "scores": '
extract 3214/3797 item=en_IP_c49e93fe1935eb1c -> '{"judge_model": "MiniMax-M3", "scores": '
extract 3215/3797 item=en_IP_578a7dcb338b963d -> '{"judge_model": "MiniMax-M3", "scores": '
extract 3216/3797 item=en_IP_e84a2fa6b73ee224 -> '{"judge_model": "MiniMax-M3", "scores": '
extract 3217/3797 item=en_IP_5ba32a154cb22a80 -> '{"judge_model": "MiniMax-M3", "scores": '
extract 3218/3797 item=en_IP_dd38f1b1083f5eec -> '{"judge_model": "MiniMax-M3", "scores": '
extract 3219/3797 item=en_IP_7b9cb3280afb98c6 -> '{"judge_model": "MiniMax-M3", "scores": '
extract 3220/3797 item=en_IP_9429a56aeb596d1b -> '{"judge_model": "MiniMax-M3", "scores": '
extract 3221/3797 item=en_IP_9c147f62cc245982 -> '{"judge_model": "MiniMax-M3", "scores": '
extract 3222/3797 item=en_IP_5ad9cf6815ac2d29 -> '{"judge_model": "MiniMax-M3", "scores": '
extract 3223/3797 item=en_IP_5d2474195563bcc2 -> '{"judge_model": "MiniMax-M3", "scores": '
extract 3224/3797 item=en_IP_854aa0a1e54ee2c6 -> '{"judge_model": "MiniMax-M3", "scores": '
extract 3225/3797 item=en_IP_511e98207675d387 -> '{"judge_model": "MiniMax-M3", "scores": '
extract 3226/3797 item=en_IP_e0bd792803a66ed2 -> '{"judge_model": "MiniMax-M3", "scores": '
extract 3227/3797 item=en_IP_3a83c4e3567607ba -> '{"judge_model": "MiniMax-M3", "scores": '
extract 3228/3797 item=en_IP_c52dbb73aff7357d -> '{"judge_model": "MiniMax-M3", "scores": '
extract 3229/3797 item=en_IP_39d7fa9ef0a1ddf0 -> '{"judge_model": "MiniMax-M3", "scores": '
extract 3230/3797 item=en_IP_f72fd851a9282950 -> '{"judge_model": "MiniMax-M3", "scores": '
extract 3231/3797 item=en_IP_5f45dbb435bb9c82 -> '{"judge_model": "MiniMax-M3", "scores": '
extract 3232/3797 item=en_IP_b279cbcc0d8d5644 -> '{"judge_model": "MiniMax-M3", "scores": '
extract 3233/3797 item=en_IP_b2f405b35731cc69 -> '{"judge_model": "MiniMax-M3", "scores": '
extract 3234/3797 item=en_IP_1dacf51042529898 -> '{"judge_model": "MiniMax-M3", "scores": '
extract 3235/3797 item=en_IP_5ff957ebcffbbc3b -> '{"judge_model": "MiniMax-M3", "scores": '
extract 3236/3797 item=en_IP_fbfefc4adfb35120 -> '{"judge_model": "MiniMax-M3", "scores": '
extract 3237/3797 item=en_IP_ec550ddf0159dee5 -> '{"judge_model": "MiniMax-M3", "scores": '
extract 3238/3797 item=en_IP_828f15a17dad1d9e -> '{"judge_model": "MiniMax-M3", "scores": '
extract 3239/3797 item=en_IP_7e692b4e46aa4669 -> '{"judge_model": "MiniMax-M3", "scores": '
extract 3240/3797 item=en_IP_b93c0dab85939de2 -> '{"judge_model": "MiniMax-M3", "scores": '
extract 3241/3797 item=en_IP_b2292d8067027eb3 -> '{"judge_model": "MiniMax-M3", "scores": '
extract 3242/3797 item=en_IP_0e014ab382d72c34 -> '{"judge_model": "MiniMax-M3", "scores": '
extract 3243/3797 item=en_IP_dc3d73398fc4d45b -> '{"judge_model": "MiniMax-M3", "scores": '
extract 3244/3797 item=en_IP_a179909d0c9d9713 -> '{"judge_model": "MiniMax-M3", "scores": '
extract 3245/3797 item=en_IP_408177a9ce9899f2 -> '{"judge_model": "MiniMax-M3", "scores": '
extract 3246/3797 item=en_IP_14a4e168173e09ba -> '{"judge_model": "MiniMax-M3", "scores": '
extract 3247/3797 item=en_IP_29c232e6888302e4 -> '{"judge_model": "MiniMax-M3", "scores": '
extract 3248/3797 item=en_IP_34c2a4c2c6b0a823 -> '{"judge_model": "MiniMax-M3", "scores": '
extract 3249/3797 item=en_IP_399328ca68cf788d -> '{"judge_model": "MiniMax-M3", "scores": '
extract 3250/3797 item=en_IP_ba3f6c3463e5b8df -> '{"judge_model": "MiniMax-M3", "scores": '
extract 3251/3797 item=en_IP_3d79e444f6f282eb -> '{"judge_model": "MiniMax-M3", "scores": '
extract 3252/3797 item=en_IP_ee70a830cf601b92 -> '{"judge_model": "MiniMax-M3", "scores": '
extract 3253/3797 item=en_IP_947ca794216c169b -> '{"judge_model": "MiniMax-M3", "scores": '
extract 3254/3797 item=en_IP_855ac3dac1dcef81 -> '{"judge_model": "MiniMax-M3", "scores": '
extract 3255/3797 item=en_IP_f6ab022e1328ea8a -> '{"judge_model": "MiniMax-M3", "scores": '
extract 3256/3797 item=en_IP_66ecdf1e3859e781 -> '{"judge_model": "MiniMax-M3", "scores": '
extract 3257/3797 item=en_IP_a5ba3881522c52ad -> '{"judge_model": "MiniMax-M3", "scores": '
extract 3258/3797 item=en_IP_0e8f72e12a221fe0 -> '{"judge_model": "MiniMax-M3", "scores": '
extract 3259/3797 item=en_IP_fd32e96c2af45322 -> '{"judge_model": "MiniMax-M3", "scores": '
extract 3260/3797 item=en_IP_f32e1f963bf748f6 -> '{"judge_model": "MiniMax-M3", "scores": '
extract 3261/3797 item=en_IP_e07961c288726ef9 -> '{"judge_model": "MiniMax-M3", "scores": '
extract 3262/3797 item=en_IP_6f57c0b2ca2fbff9 -> '{"judge_model": "MiniMax-M3", "scores": '
extract 3263/3797 item=en_IP_67524058c90f8424 -> '{"judge_model": "MiniMax-M3", "scores": '
extract 3264/3797 item=en_IP_c3efc5440e0acf22 -> '{"judge_model": "MiniMax-M3", "scores": '
extract 3265/3797 item=en_IP_667a748340b6851b -> '{"judge_model": "MiniMax-M3", "scores": '
extract 3266/3797 item=en_IP_a9b8909bb6fdc7a7 -> '{"judge_model": "MiniMax-M3", "scores": '
extract 3267/3797 item=en_IP_5c4c8ffc857afdd2 -> '{"judge_model": "MiniMax-M3", "scores": '
extract 3268/3797 item=en_IP_52d31b1fecad7040 -> '{"judge_model": "MiniMax-M3", "scores": '
extract 3269/3797 item=en_IP_d332678370f8ac17 -> '{"judge_model": "MiniMax-M3", "scores": '
extract 3270/3797 item=en_IP_d384a4eb30447fb0 -> '{"judge_model": "MiniMax-M3", "scores": '
extract 3271/3797 item=en_IP_4f0d2b21a2aefab3 -> '{"judge_model": "MiniMax-M3", "scores": '
extract 3272/3797 item=en_IP_53833ae372a5b3c1 -> '{"judge_model": "MiniMax-M3", "scores": '
extract 3273/3797 item=en_IP_25f2e56b4b3c37a9 -> '{"judge_model": "MiniMax-M3", "scores": '
extract 3274/3797 item=en_IP_9c5d94566c0b50cf -> '{"judge_model": "MiniMax-M3", "scores": '
extract 3275/3797 item=en_IP_171308d1a117ac42 -> '{"judge_model": "MiniMax-M3", "scores": '
extract 3276/3797 item=en_IP_15220f6bdee7db32 -> '{"judge_model": "MiniMax-M3", "scores": '
extract 3277/3797 item=en_IP_34478605eb538532 -> '{"judge_model": "MiniMax-M3", "scores": '
extract 3278/3797 item=en_IP_a1ab9f699936700e -> '{"judge_model": "MiniMax-M3", "scores": '
extract 3279/3797 item=en_IP_263786fd211a9471 -> '{"judge_model": "MiniMax-M3", "scores": '
extract 3280/3797 item=en_IP_28f3edd1323d121b -> '{"judge_model": "MiniMax-M3", "scores": '
extract 3281/3797 item=en_IP_33e1d97026967abe -> '{"judge_model": "MiniMax-M3", "scores": '
extract 3282/3797 item=en_IP_a5b5ea3534e5e342 -> '{"judge_model": "MiniMax-M3", "scores": '
extract 3283/3797 item=en_IP_787a93b93502af73 -> '{"judge_model": "MiniMax-M3", "scores": '
extract 3284/3797 item=en_IP_af6c356fb568c140 -> '{"judge_model": "MiniMax-M3", "scores": '
extract 3285/3797 item=en_IP_a9f36db707db58dd -> '{"judge_model": "MiniMax-M3", "scores": '
extract 3286/3797 item=en_IP_904c9027d6727a39 -> '{"judge_model": "MiniMax-M3", "scores": '
extract 3287/3797 item=en_IP_50109565f380fdc1 -> '{"judge_model": "MiniMax-M3", "scores": '
extract 3288/3797 item=en_IP_9cac2f55715fd8ae -> '{"judge_model": "MiniMax-M3", "scores": '
extract 3289/3797 item=en_IP_ff05623af706d40a -> '{"judge_model": "MiniMax-M3", "scores": '
extract 3290/3797 item=en_IP_6975a9b680dc5f7e -> '{"judge_model": "MiniMax-M3", "scores": '
extract 3291/3797 item=en_IP_8f9e2f232d425644 -> '{"judge_model": "MiniMax-M3", "scores": '
extract 3292/3797 item=en_IP_771885acbc412ca3 -> '{"judge_model": "MiniMax-M3", "scores": '
extract 3293/3797 item=en_IP_0b7f51e126e5d0ec -> '{"judge_model": "MiniMax-M3", "scores": '
extract 3294/3797 item=en_IP_f78c07d6f73e8829 -> '{"judge_model": "MiniMax-M3", "scores": '
extract 3295/3797 item=en_IP_70052817d7515bb9 -> '{"judge_model": "MiniMax-M3", "scores": '
extract 3296/3797 item=en_IP_20145034dd0c165a -> '{"judge_model": "MiniMax-M3", "scores": '
extract 3297/3797 item=en_IP_f7215363da1744c6 -> '{"judge_model": "MiniMax-M3", "scores": '
extract 3298/3797 item=en_IP_b42565db8ea7f2b2 -> '{"judge_model": "MiniMax-M3", "scores": '
extract 3299/3797 item=en_IP_4bb8f10e1a5cfa1f -> '{"judge_model": "MiniMax-M3", "scores": '
extract 3300/3797 item=en_IP_f7998e7e992983b8 -> '{"judge_model": "MiniMax-M3", "scores": '
extract 3301/3797 item=en_IP_7b391eefe5ceee73 -> '{"judge_model": "MiniMax-M3", "scores": '
extract 3302/3797 item=en_IP_de5ca4c4d3be01b3 -> '{"judge_model": "MiniMax-M3", "scores": '
extract 3303/3797 item=en_IP_8613692be951c591 -> '{"judge_model": "MiniMax-M3", "scores": '
extract 3304/3797 item=en_IP_fada056f97fe2e9f -> '{"judge_model": "MiniMax-M3", "scores": '
extract 3305/3797 item=en_IP_d85c1e0eeb083417 -> '{"judge_model": "MiniMax-M3", "scores": '
extract 3306/3797 item=en_IP_9f3df07eec5fc4cb -> '{"judge_model": "MiniMax-M3", "scores": '
extract 3307/3797 item=en_IP_6e04e605b2a882ef -> '{"judge_model": "MiniMax-M3", "scores": '
extract 3308/3797 item=en_IP_76a70652aafdab97 -> '{"judge_model": "MiniMax-M3", "scores": '
extract 3309/3797 item=en_IP_29d7078bb655e7c9 -> '{"judge_model": "MiniMax-M3", "scores": '
extract 3310/3797 item=en_IP_0eec32aa098858e4 -> '{"judge_model": "MiniMax-M3", "scores": '
extract 3311/3797 item=en_IP_25b440d090ac8c8a -> '{"judge_model": "MiniMax-M3", "scores": '
extract 3312/3797 item=en_IP_69160d83339c58f4 -> '{"judge_model": "MiniMax-M3", "scores": '
extract 3313/3797 item=en_IP_de26b4f7192e42cc -> '{"judge_model": "MiniMax-M3", "scores": '
extract 3314/3797 item=en_IP_4849515b16053efc -> '{"judge_model": "MiniMax-M3", "scores": '
extract 3315/3797 item=en_IP_cdde47324973d75b -> '{"judge_model": "MiniMax-M3", "scores": '
extract 3316/3797 item=en_IP_ab7a0ee839ced36e -> '{"judge_model": "MiniMax-M3", "scores": '
extract 3317/3797 item=en_IP_0fcfc03601dbbfe9 -> '{"judge_model": "MiniMax-M3", "scores": '
extract 3318/3797 item=en_IP_e73bb471ef74e355 -> '{"judge_model": "MiniMax-M3", "scores": '
extract 3319/3797 item=en_IP_7b946f515d680fc1 -> '{"judge_model": "MiniMax-M3", "scores": '
extract 3320/3797 item=en_IP_e079b94dad7579b8 -> '{"judge_model": "MiniMax-M3", "scores": '
extract 3321/3797 item=en_IP_9fd77afc9058fabf -> '{"judge_model": "MiniMax-M3", "scores": '
extract 3322/3797 item=en_IP_4e5f148390bdff92 -> '{"judge_model": "MiniMax-M3", "scores": '
extract 3323/3797 item=en_IP_acfb34959aca8804 -> '{"judge_model": "MiniMax-M3", "scores": '
extract 3324/3797 item=en_IP_c7a28c6fbf6cc954 -> '{"judge_model": "MiniMax-M3", "scores": '
extract 3325/3797 item=en_IP_6f0e2b2c70650735 -> '{"judge_model": "MiniMax-M3", "scores": '
extract 3326/3797 item=en_IP_ff901af87da8933d -> '{"judge_model": "MiniMax-M3", "scores": '
extract 3327/3797 item=en_IP_1be1f88b2faaf8cd -> '{"judge_model": "MiniMax-M3", "scores": '
extract 3328/3797 item=en_IP_9f186fd2e2a6cf7f -> '{"judge_model": "MiniMax-M3", "scores": '
extract 3329/3797 item=en_IP_476d775484599c79 -> '{"judge_model": "MiniMax-M3", "scores": '
extract 3330/3797 item=en_IP_dece37e37a7076c5 -> '{"judge_model": "MiniMax-M3", "scores": '
extract 3331/3797 item=en_IP_2c9ff02b8063e4e1 -> '{"judge_model": "MiniMax-M3", "scores": '
extract 3332/3797 item=en_IP_b57c667e98464710 -> '{"judge_model": "MiniMax-M3", "scores": '
extract 3333/3797 item=en_IP_734762524c2f9d36 -> '{"judge_model": "MiniMax-M3", "scores": '
extract 3334/3797 item=en_IP_6873c4db55402875 -> '{"judge_model": "MiniMax-M3", "scores": '
extract 3335/3797 item=en_IP_9936272def06e7d1 -> '{"judge_model": "MiniMax-M3", "scores": '
extract 3336/3797 item=en_IP_1c675982742c5b71 -> '{"judge_model": "MiniMax-M3", "scores": '
extract 3337/3797 item=en_IP_6b49c2f39d4e7f18 -> '{"judge_model": "MiniMax-M3", "scores": '
extract 3338/3797 item=en_IP_ddcd203f7edb1b5f -> '{"judge_model": "MiniMax-M3", "scores": '
extract 3339/3797 item=en_IP_645ae10fc7d480b3 -> '{"judge_model": "MiniMax-M3", "scores": '
extract 3340/3797 item=en_IP_d3ef1c5012e53cbf -> '{"judge_model": "MiniMax-M3", "scores": '
extract 3341/3797 item=en_IP_93e11178031dfe45 -> '{"judge_model": "MiniMax-M3", "scores": '
extract 3342/3797 item=en_IP_8f976df6138f3ebc -> '{"judge_model": "MiniMax-M3", "scores": '
extract 3343/3797 item=en_IP_0b9341ce918bab9c -> '{"judge_model": "MiniMax-M3", "scores": '
extract 3344/3797 item=en_IP_03625b06adb889e7 -> '{"judge_model": "MiniMax-M3", "scores": '
extract 3345/3797 item=en_IP_35dc21c05a573a0d -> '{"judge_model": "MiniMax-M3", "scores": '
extract 3346/3797 item=en_IP_eb1c6edad68c2f5e -> '{"judge_model": "MiniMax-M3", "scores": '
extract 3347/3797 item=en_IP_6b3630ed27007e44 -> '{"judge_model": "MiniMax-M3", "scores": '
extract 3348/3797 item=en_IP_c5ee1f9736e52bef -> '{"judge_model": "MiniMax-M3", "scores": '
extract 3349/3797 item=en_IP_fa3ac59ac0ac0f70 -> '{"judge_model": "MiniMax-M3", "scores": '
extract 3350/3797 item=en_PLS_f18a24001ebee578 -> '{"judge_model": "MiniMax-M3", "scores": '
extract 3351/3797 item=en_PLS_bcc35a7f19e58cb6 -> '{"judge_model": "MiniMax-M3", "scores": '
extract 3352/3797 item=en_PLS_f15857304e34735c -> '{"judge_model": "MiniMax-M3", "scores": '
extract 3353/3797 item=en_PLS_12e7d0f09a756d1c -> '{"judge_model": "MiniMax-M3", "scores": '
extract 3354/3797 item=en_PLS_065d12847ebdc7c1 -> '{"judge_model": "MiniMax-M3", "scores": '
extract 3355/3797 item=en_PLS_9214c8410471f635 -> '{"judge_model": "MiniMax-M3", "scores": '
extract 3356/3797 item=en_PLS_bfdffe5fab55b896 -> '{"judge_model": "MiniMax-M3", "scores": '
extract 3357/3797 item=en_PLS_5238c1f1ca75f014 -> '{"judge_model": "MiniMax-M3", "scores": '
extract 3358/3797 item=en_PLS_bb72c90586f25b86 -> '{"judge_model": "MiniMax-M3", "scores": '
extract 3359/3797 item=en_PLS_319ab12251303eb9 -> '{"judge_model": "MiniMax-M3", "scores": '
extract 3360/3797 item=en_PLS_6e6519f3223b0b1f -> '{"judge_model": "MiniMax-M3", "scores": '
extract 3361/3797 item=en_PLS_58acddbf984b39b3 -> '{"judge_model": "MiniMax-M3", "scores": '
extract 3362/3797 item=en_PLS_764fae8a0b03c19f -> '{"judge_model": "MiniMax-M3", "scores": '
extract 3363/3797 item=en_PLS_e00e650a1a674ac4 -> '{"judge_model": "MiniMax-M3", "scores": '
extract 3364/3797 item=en_PLS_c957c0b6d958b99d -> '{"judge_model": "MiniMax-M3", "scores": '
extract 3365/3797 item=en_PLS_28185b339411d6d3 -> '{"judge_model": "MiniMax-M3", "scores": '
extract 3366/3797 item=en_PLS_2e2524188499a872 -> '{"judge_model": "MiniMax-M3", "scores": '
extract 3367/3797 item=en_PLS_38c0b44d7d6f4534 -> '{"judge_model": "MiniMax-M3", "scores": '
extract 3368/3797 item=en_PLS_b31c3e8415a5d644 -> '{"judge_model": "MiniMax-M3", "scores": '
extract 3369/3797 item=en_PLS_792de5e330b8b0bf -> '{"judge_model": "MiniMax-M3", "scores": '
extract 3370/3797 item=en_PLS_f23360643f90bf09 -> '{"judge_model": "MiniMax-M3", "scores": '
extract 3371/3797 item=en_PLS_50fb37dd1f424b02 -> '{"judge_model": "MiniMax-M3", "scores": '
extract 3372/3797 item=en_PLS_d1a98661b674498d -> '{"judge_model": "MiniMax-M3", "scores": '
extract 3373/3797 item=en_PLS_6bf3afc67de16aed -> '{"judge_model": "MiniMax-M3", "scores": '
extract 3374/3797 item=en_PLS_97057552307b642a -> '{"judge_model": "MiniMax-M3", "scores": '
extract 3375/3797 item=en_PLS_f16e2c61a40e44f1 -> '{"judge_model": "MiniMax-M3", "scores": '
extract 3376/3797 item=en_PLS_2cad9a91079b96f8 -> '{"judge_model": "MiniMax-M3", "scores": '
extract 3377/3797 item=en_PLS_783c8f0cacf39c57 -> '{"judge_model": "MiniMax-M3", "scores": '
extract 3378/3797 item=en_PLS_cf039348223fb2fd -> '{"judge_model": "MiniMax-M3", "scores": '
extract 3379/3797 item=en_PLS_61dfec4fcf6b1796 -> '{"judge_model": "MiniMax-M3", "scores": '
extract 3380/3797 item=en_PLS_f478032e301ec643 -> '{"judge_model": "MiniMax-M3", "scores": '
extract 3381/3797 item=en_PLS_7f631df4acc2905a -> '{"judge_model": "MiniMax-M3", "scores": '
extract 3382/3797 item=en_PLS_5929a38640eea416 -> '{"judge_model": "MiniMax-M3", "scores": '
extract 3383/3797 item=en_PLS_13d9fcbfc9e62e49 -> '{"judge_model": "MiniMax-M3", "scores": '
extract 3384/3797 item=en_PLS_39a2d299c59bee0c -> '{"judge_model": "MiniMax-M3", "scores": '
[run_eval] model=Qwen/Qwen3.5-4B extractor_model=MiniMax-M2.7 judge_model=MiniMax-M3 benchmarks=edubench
loaded 3797 items for benchmark=edubench
extractions: 3326 cached, 471 to run
extract 1/471 item=en_IP_b14cb77b6d28a965 -> '{"judge_model": "MiniMax-M3", "scores": '
extract 2/471 item=en_IP_90adf076902d7474 -> '{"judge_model": "MiniMax-M3", "scores": '
extract 3/471 item=en_IP_a04b87f4d014d4fe -> '{"judge_model": "MiniMax-M3", "scores": '
extract 4/471 item=en_IP_d968da6c12902e48 -> '{"judge_model": "MiniMax-M3", "scores": '
extract 5/471 item=en_IP_625c6f1adb26ee32 -> '{"judge_model": "MiniMax-M3", "scores": '
extract 6/471 item=en_IP_00c214f02d6aaf30 -> '{"judge_model": "MiniMax-M3", "scores": '
extract 7/471 item=en_IP_a104d67b790c76e1 -> '{"judge_model": "MiniMax-M3", "scores": '
extract 8/471 item=en_IP_27d91da340cead5b -> '{"judge_model": "MiniMax-M3", "scores": '
extract 9/471 item=en_IP_81c8f4d894025c6e -> '{"judge_model": "MiniMax-M3", "scores": '
extract 10/471 item=en_IP_5d74f3fa04e00960 -> '{"judge_model": "MiniMax-M3", "scores": '
extract 11/471 item=en_IP_d1820f325cfa0447 -> '{"judge_model": "MiniMax-M3", "scores": '
extract 12/471 item=en_IP_3e7addd67dbefb4b -> '{"judge_model": "MiniMax-M3", "scores": '
extract 13/471 item=en_IP_2f2ac12a1faa0bb8 -> '{"judge_model": "MiniMax-M3", "scores": '
extract 14/471 item=en_IP_c19054b0a33c00a2 -> '{"judge_model": "MiniMax-M3", "scores": '
extract 15/471 item=en_IP_2f7c2510766eec11 -> '{"judge_model": "MiniMax-M3", "scores": '
extract 16/471 item=en_IP_f0809a2e962152c3 -> '{"judge_model": "MiniMax-M3", "scores": '
extract 17/471 item=en_IP_025ab03bf427dc2c -> '{"judge_model": "MiniMax-M3", "scores": '
extract 18/471 item=en_IP_28be54fd90153dca -> '{"judge_model": "MiniMax-M3", "scores": '
extract 19/471 item=en_IP_1a9db8844b9277c9 -> '{"judge_model": "MiniMax-M3", "scores": '
extract 20/471 item=en_IP_a13793bac324a81d -> '{"judge_model": "MiniMax-M3", "scores": '
extract 21/471 item=en_IP_17ac2bba435f351b -> '{"judge_model": "MiniMax-M3", "scores": '
extract 22/471 item=en_IP_e97f23a477c818b0 -> '{"judge_model": "MiniMax-M3", "scores": '
extract 23/471 item=en_IP_36c0f6ec915caea0 -> '{"judge_model": "MiniMax-M3", "scores": '
extract 24/471 item=en_IP_13167f6470806514 -> '{"judge_model": "MiniMax-M3", "scores": '
extract 25/471 item=en_IP_89edbe780265219a -> '{"judge_model": "MiniMax-M3", "scores": '
extract 26/471 item=en_IP_679ccac24bfe4639 -> '{"judge_model": "MiniMax-M3", "scores": '
extract 27/471 item=en_IP_4121c0d3d14990c1 -> '{"judge_model": "MiniMax-M3", "scores": '
extract 28/471 item=en_IP_37d09f575eba487f -> '{"judge_model": "MiniMax-M3", "scores": '
extract 29/471 item=en_IP_9feb4d6684702136 -> '{"judge_model": "MiniMax-M3", "scores": '
extract 30/471 item=en_IP_c46499f67ed1c70b -> '{"judge_model": "MiniMax-M3", "scores": '
extract 31/471 item=en_IP_b19b745be5aba01d -> '{"judge_model": "MiniMax-M3", "scores": '
extract 32/471 item=en_IP_3a8e8358b800604c -> '{"judge_model": "MiniMax-M3", "scores": '
extract 33/471 item=en_IP_90769772a7f1dc91 -> '{"judge_model": "MiniMax-M3", "scores": '
extract 34/471 item=en_IP_0ab3107fd7dd3fd6 -> '{"judge_model": "MiniMax-M3", "scores": '
extract 35/471 item=en_IP_0b746ddb3f15d153 -> '{"judge_model": "MiniMax-M3", "scores": '
extract 36/471 item=en_IP_4d90519477dc48b2 -> '{"judge_model": "MiniMax-M3", "scores": '
extract 37/471 item=en_IP_4cc0c22cb8ec6776 -> '{"judge_model": "MiniMax-M3", "scores": '
extract 38/471 item=en_IP_83ea26cc75467074 -> '{"judge_model": "MiniMax-M3", "scores": '
extract 39/471 item=en_IP_5c8341974a15a7c9 -> '{"judge_model": "MiniMax-M3", "scores": '
extract 40/471 item=en_IP_f3f0435c01025217 -> '{"judge_model": "MiniMax-M3", "scores": '
extract 41/471 item=en_IP_3331a135d789efb0 -> '{"judge_model": "MiniMax-M3", "scores": '
extract 42/471 item=en_IP_b77d59394674a9c7 -> '{"judge_model": "MiniMax-M3", "scores": '
extract 43/471 item=en_IP_94ee5042ca5df9e8 -> '{"judge_model": "MiniMax-M3", "scores": '
extract 44/471 item=en_IP_409a9beac7b54149 -> '{"judge_model": "MiniMax-M3", "scores": '
extract 45/471 item=en_IP_1e6276adb5b16ceb -> '{"judge_model": "MiniMax-M3", "scores": '
extract 46/471 item=en_IP_d2b49675e13c9ecd -> '{"judge_model": "MiniMax-M3", "scores": '
extract 47/471 item=en_IP_67c6ca45b9ae3028 -> '{"judge_model": "MiniMax-M3", "scores": '
extract 48/471 item=en_IP_4c0b80f6d9f8c1d5 -> '{"judge_model": "MiniMax-M3", "scores": '
extract 49/471 item=en_IP_d4d8867048776d9b -> '{"judge_model": "MiniMax-M3", "scores": '
extract 50/471 item=en_IP_c8faedd99867b1a8 -> '{"judge_model": "MiniMax-M3", "scores": '
extract 51/471 item=en_IP_4654558eb7672c56 -> '{"judge_model": "MiniMax-M3", "scores": '
extract 52/471 item=en_IP_32661f61398464cb -> '{"judge_model": "MiniMax-M3", "scores": '
extract 53/471 item=en_IP_3b6eb7b0ceafc1fe -> '{"judge_model": "MiniMax-M3", "scores": '
extract 54/471 item=en_IP_28d22b8a3f420558 -> '{"judge_model": "MiniMax-M3", "scores": '
extract 55/471 item=en_IP_d985aad9ecd03b67 -> '{"judge_model": "MiniMax-M3", "scores": '
extract 56/471 item=en_IP_60c8f2c0f2004390 -> '{"judge_model": "MiniMax-M3", "scores": '
extract 57/471 item=en_IP_d4152d1bfd631ca1 -> '{"judge_model": "MiniMax-M3", "scores": '
extract 58/471 item=en_IP_876ed2222b2c574d ERROR reason='EduBench judge failed after 3 attempts: MiniMax base_resp 1026: input new_sensitive'
extract 59/471 item=en_PLS_48240fa5542c39b6 -> '{"judge_model": "MiniMax-M3", "scores": '
extract 60/471 item=en_PLS_03f1c727880d9b0d -> '{"judge_model": "MiniMax-M3", "scores": '
extract 61/471 item=en_PLS_83656b25dc4fb548 -> '{"judge_model": "MiniMax-M3", "scores": '
extract 62/471 item=en_PLS_d388a6b0a7321810 -> '{"judge_model": "MiniMax-M3", "scores": '
extract 63/471 item=en_PLS_11f79a7d8cd37431 -> '{"judge_model": "MiniMax-M3", "scores": '
extract 64/471 item=en_PLS_410b29104caf8aa9 -> '{"judge_model": "MiniMax-M3", "scores": '
extract 65/471 item=en_PLS_19a93ee28977080d -> '{"judge_model": "MiniMax-M3", "scores": '
extract 66/471 item=en_PLS_9005e8d5b8c7df1d -> '{"judge_model": "MiniMax-M3", "scores": '
extract 67/471 item=en_PLS_d0bd92f8282523e4 -> '{"judge_model": "MiniMax-M3", "scores": '
extract 68/471 item=en_PLS_9d6e0d5ec7603e50 -> '{"judge_model": "MiniMax-M3", "scores": '
extract 69/471 item=en_PLS_0d2b0774bbf2479b -> '{"judge_model": "MiniMax-M3", "scores": '
extract 70/471 item=en_PLS_4d161536a5a12e0b -> '{"judge_model": "MiniMax-M3", "scores": '
extract 71/471 item=en_PLS_ca61e17096be3162 -> '{"judge_model": "MiniMax-M3", "scores": '
extract 72/471 item=en_PLS_9c45f5a25fa6958f -> '{"judge_model": "MiniMax-M3", "scores": '
extract 73/471 item=en_PLS_090d98f0f259fbb6 -> '{"judge_model": "MiniMax-M3", "scores": '
extract 74/471 item=en_PLS_3b3adfabf1ccdb6c -> '{"judge_model": "MiniMax-M3", "scores": '
extract 75/471 item=en_PLS_bbb744f87c98fd3c -> '{"judge_model": "MiniMax-M3", "scores": '
extract 76/471 item=en_PLS_7b7e653ef30b170d -> '{"judge_model": "MiniMax-M3", "scores": '
extract 77/471 item=en_PLS_789180d4306121de -> '{"judge_model": "MiniMax-M3", "scores": '
extract 78/471 item=en_PLS_24f2dcc5cd9ca5ef -> '{"judge_model": "MiniMax-M3", "scores": '
extract 79/471 item=en_PLS_cc7c9422c84d1b1b -> '{"judge_model": "MiniMax-M3", "scores": '
extract 80/471 item=en_PLS_71638ab8086a1e86 -> '{"judge_model": "MiniMax-M3", "scores": '
extract 81/471 item=en_PLS_fad2827b82594bcc -> '{"judge_model": "MiniMax-M3", "scores": '
extract 82/471 item=en_PLS_40a9d52a53505aff -> '{"judge_model": "MiniMax-M3", "scores": '
extract 83/471 item=en_PLS_af4be6726930c39d -> '{"judge_model": "MiniMax-M3", "scores": '
extract 84/471 item=en_PLS_1e2bdccadb349d26 -> '{"judge_model": "MiniMax-M3", "scores": '
extract 85/471 item=en_PLS_0f08bd801d7302d1 -> '{"judge_model": "MiniMax-M3", "scores": '
extract 86/471 item=en_PLS_f9254a053a874208 -> '{"judge_model": "MiniMax-M3", "scores": '
extract 87/471 item=en_PLS_c1750ba4b8f0b1d9 -> '{"judge_model": "MiniMax-M3", "scores": '
extract 88/471 item=en_PLS_75d392bc623812c6 -> '{"judge_model": "MiniMax-M3", "scores": '
extract 89/471 item=en_PLS_8b4a14f79f70cf85 -> '{"judge_model": "MiniMax-M3", "scores": '
extract 90/471 item=en_PLS_732324820955b603 -> '{"judge_model": "MiniMax-M3", "scores": '
extract 91/471 item=en_PLS_f168d24845a5a37d -> '{"judge_model": "MiniMax-M3", "scores": '
extract 92/471 item=en_PLS_5fc18508f86c040b -> '{"judge_model": "MiniMax-M3", "scores": '
extract 93/471 item=en_PLS_597db9c2f67d8954 -> '{"judge_model": "MiniMax-M3", "scores": '
extract 94/471 item=en_PLS_c70c8a4b3cc78d61 -> '{"judge_model": "MiniMax-M3", "scores": '
extract 95/471 item=en_PLS_f20f12dcf347a38a -> '{"judge_model": "MiniMax-M3", "scores": '
extract 96/471 item=en_PLS_e71c82349a2cb778 -> '{"judge_model": "MiniMax-M3", "scores": '
extract 97/471 item=en_PLS_5433d359de54d1bd -> '{"judge_model": "MiniMax-M3", "scores": '
extract 98/471 item=en_PLS_b6bfc7c8096706e7 -> '{"judge_model": "MiniMax-M3", "scores": '
extract 99/471 item=en_PLS_7b2d371ce08a08f7 -> '{"judge_model": "MiniMax-M3", "scores": '
extract 100/471 item=en_PLS_518215607000afee -> '{"judge_model": "MiniMax-M3", "scores": '
extract 101/471 item=en_PLS_2d181a515606d2ff -> '{"judge_model": "MiniMax-M3", "scores": '
extract 102/471 item=en_PLS_de53670bc314f3ef -> '{"judge_model": "MiniMax-M3", "scores": '
extract 103/471 item=en_PLS_12528dbf275f5071 -> '{"judge_model": "MiniMax-M3", "scores": '
extract 104/471 item=en_PLS_5e8c4f032a0679e1 -> '{"judge_model": "MiniMax-M3", "scores": '
extract 105/471 item=en_PLS_75f2f885a69f86c9 -> '{"judge_model": "MiniMax-M3", "scores": '
extract 106/471 item=en_PLS_f5800b97969c13e8 -> '{"judge_model": "MiniMax-M3", "scores": '
extract 107/471 item=en_PLS_1ece4e825ac0f849 -> '{"judge_model": "MiniMax-M3", "scores": '
extract 108/471 item=en_PLS_a046e06985ceb449 -> '{"judge_model": "MiniMax-M3", "scores": '
extract 109/471 item=en_PLS_997bdcac2b1b4676 -> '{"judge_model": "MiniMax-M3", "scores": '
extract 110/471 item=en_PLS_e775e15f308b2e5e -> '{"judge_model": "MiniMax-M3", "scores": '
extract 111/471 item=en_PLS_00d5b762c7ee7f54 -> '{"judge_model": "MiniMax-M3", "scores": '
extract 112/471 item=en_PLS_558d9fcc770d2af1 -> '{"judge_model": "MiniMax-M3", "scores": '
extract 113/471 item=en_PLS_9ff60e4b4e2e1107 -> '{"judge_model": "MiniMax-M3", "scores": '
extract 114/471 item=en_PLS_33618374a3b66fb1 -> '{"judge_model": "MiniMax-M3", "scores": '
extract 115/471 item=en_PLS_c9ce7d7ca9372e21 -> '{"judge_model": "MiniMax-M3", "scores": '
extract 116/471 item=en_PLS_e383694e001888ad -> '{"judge_model": "MiniMax-M3", "scores": '
extract 117/471 item=en_PLS_77820b6796b6496e -> '{"judge_model": "MiniMax-M3", "scores": '
extract 118/471 item=en_PLS_7c270a914fe33ac0 -> '{"judge_model": "MiniMax-M3", "scores": '
extract 119/471 item=en_PLS_3191d52f32717d80 -> '{"judge_model": "MiniMax-M3", "scores": '
extract 120/471 item=en_PLS_653bb2b90b37d9c7 -> '{"judge_model": "MiniMax-M3", "scores": '
extract 121/471 item=en_PLS_715d3f3066e82296 -> '{"judge_model": "MiniMax-M3", "scores": '
extract 122/471 item=en_PLS_b1bebffb849e11e2 -> '{"judge_model": "MiniMax-M3", "scores": '
extract 123/471 item=en_PLS_b8057089d75da1fa -> '{"judge_model": "MiniMax-M3", "scores": '
extract 124/471 item=en_PLS_e6433be34236b76c -> '{"judge_model": "MiniMax-M3", "scores": '
extract 125/471 item=en_PLS_0f846eff50a84bc9 -> '{"judge_model": "MiniMax-M3", "scores": '
extract 126/471 item=en_PLS_e81f52d068e38e63 -> '{"judge_model": "MiniMax-M3", "scores": '
extract 127/471 item=en_PLS_14bc4bfe0bce1c67 -> '{"judge_model": "MiniMax-M3", "scores": '
extract 128/471 item=en_PLS_497545a624fe2cbe -> '{"judge_model": "MiniMax-M3", "scores": '
extract 129/471 item=en_PLS_91cd320e10a07c63 -> '{"judge_model": "MiniMax-M3", "scores": '
extract 130/471 item=en_PLS_beefe92fe647c20d -> '{"judge_model": "MiniMax-M3", "scores": '
extract 131/471 item=en_PLS_6d4e41c4c0ddab61 -> '{"judge_model": "MiniMax-M3", "scores": '
extract 132/471 item=en_PLS_f5af187cb3d87a0d -> '{"judge_model": "MiniMax-M3", "scores": '
extract 133/471 item=en_PLS_e655b8da3c04d1ba -> '{"judge_model": "MiniMax-M3", "scores": '
extract 134/471 item=en_PLS_0cb23fab6af98504 -> '{"judge_model": "MiniMax-M3", "scores": '
extract 135/471 item=en_PLS_ba1a4bec964d810c -> '{"judge_model": "MiniMax-M3", "scores": '
extract 136/471 item=en_PLS_2df4de045283deb7 -> '{"judge_model": "MiniMax-M3", "scores": '
extract 137/471 item=en_PLS_e252d6088190f6fa -> '{"judge_model": "MiniMax-M3", "scores": '
extract 138/471 item=en_PLS_0e69088ff8d4019e -> '{"judge_model": "MiniMax-M3", "scores": '
extract 139/471 item=en_PLS_7056c6d5d272fb81 -> '{"judge_model": "MiniMax-M3", "scores": '
extract 140/471 item=en_PLS_4f64edcf07ac8b88 -> '{"judge_model": "MiniMax-M3", "scores": '
extract 141/471 item=en_PLS_3037c54454c758d1 -> '{"judge_model": "MiniMax-M3", "scores": '
extract 142/471 item=en_PLS_908661e2b96c451e -> '{"judge_model": "MiniMax-M3", "scores": '
extract 143/471 item=en_PLS_3bceb597f4c8e7d0 -> '{"judge_model": "MiniMax-M3", "scores": '
extract 144/471 item=en_PLS_fd8f6f254c466aea -> '{"judge_model": "MiniMax-M3", "scores": '
extract 145/471 item=en_PLS_0b10dc57f1a22575 -> '{"judge_model": "MiniMax-M3", "scores": '
extract 146/471 item=en_PLS_8de619b4d871c6ba -> '{"judge_model": "MiniMax-M3", "scores": '
extract 147/471 item=en_PLS_27de9b9aadc845ed -> '{"judge_model": "MiniMax-M3", "scores": '
extract 148/471 item=en_PLS_e944cfd5be2bc24c -> '{"judge_model": "MiniMax-M3", "scores": '
extract 149/471 item=en_PLS_001d3f1a5cccfc2a -> '{"judge_model": "MiniMax-M3", "scores": '
extract 150/471 item=en_PLS_59cb26179dd03a8c -> '{"judge_model": "MiniMax-M3", "scores": '
extract 151/471 item=en_PLS_ebfbfb41c7029e03 -> '{"judge_model": "MiniMax-M3", "scores": '
extract 152/471 item=en_PLS_65139f8ca0904032 -> '{"judge_model": "MiniMax-M3", "scores": '
extract 153/471 item=en_PLS_d7e3344cb03a4be7 -> '{"judge_model": "MiniMax-M3", "scores": '
extract 154/471 item=en_PLS_2644927f2742a8e8 -> '{"judge_model": "MiniMax-M3", "scores": '
extract 155/471 item=en_PLS_c8f33110abbb6344 -> '{"judge_model": "MiniMax-M3", "scores": '
extract 156/471 item=en_PLS_e74ba898f0d6822a -> '{"judge_model": "MiniMax-M3", "scores": '
extract 157/471 item=en_PLS_3d47bcb12cbd7ca2 -> '{"judge_model": "MiniMax-M3", "scores": '
extract 158/471 item=en_PLS_1f06fc0d1abcb095 -> '{"judge_model": "MiniMax-M3", "scores": '
extract 159/471 item=en_PLS_8108162d5d099219 -> '{"judge_model": "MiniMax-M3", "scores": '
extract 160/471 item=en_PLS_f28567681ace3a69 -> '{"judge_model": "MiniMax-M3", "scores": '
extract 161/471 item=en_PLS_8596c62d1af6f4b0 -> '{"judge_model": "MiniMax-M3", "scores": '
extract 162/471 item=en_PLS_d53731ccb52993cf -> '{"judge_model": "MiniMax-M3", "scores": '
extract 163/471 item=en_PLS_028bfdcb6aae66b2 -> '{"judge_model": "MiniMax-M3", "scores": '
extract 164/471 item=en_PLS_be89a2fb9f21919d -> '{"judge_model": "MiniMax-M3", "scores": '
extract 165/471 item=en_PLS_bb92a3661bc734b5 -> '{"judge_model": "MiniMax-M3", "scores": '
extract 166/471 item=en_PLS_fbf2b0cb9b16b6d3 -> '{"judge_model": "MiniMax-M3", "scores": '
extract 167/471 item=en_PLS_420eb7a622ba1cfb -> '{"judge_model": "MiniMax-M3", "scores": '
extract 168/471 item=en_PLS_9c5c15ef131058a0 -> '{"judge_model": "MiniMax-M3", "scores": '
extract 169/471 item=en_PLS_0ca3ab1e80a6d688 -> '{"judge_model": "MiniMax-M3", "scores": '
extract 170/471 item=en_PLS_cd48397b8920c609 -> '{"judge_model": "MiniMax-M3", "scores": '
extract 171/471 item=en_PLS_d95c81d9a8df6bba -> '{"judge_model": "MiniMax-M3", "scores": '
extract 172/471 item=en_PLS_22f880e0bac5d08b -> '{"judge_model": "MiniMax-M3", "scores": '
extract 173/471 item=en_PLS_157422856c3d9ac9 -> '{"judge_model": "MiniMax-M3", "scores": '
extract 174/471 item=en_PLS_5536d772790e4190 -> '{"judge_model": "MiniMax-M3", "scores": '
extract 175/471 item=en_PLS_da0a8631da10218a -> '{"judge_model": "MiniMax-M3", "scores": '
extract 176/471 item=en_PLS_7e86ccfbed9d0a5d -> '{"judge_model": "MiniMax-M3", "scores": '
extract 177/471 item=en_PLS_5a897fd1d41ebe3f -> '{"judge_model": "MiniMax-M3", "scores": '
extract 178/471 item=en_PLS_6e38e4a4be97d9ba -> '{"judge_model": "MiniMax-M3", "scores": '
extract 179/471 item=en_PLS_eb49019fd006a491 -> '{"judge_model": "MiniMax-M3", "scores": '
extract 180/471 item=en_PLS_31bf14361d8470de -> '{"judge_model": "MiniMax-M3", "scores": '
extract 181/471 item=en_PLS_e478994555131c8b -> '{"judge_model": "MiniMax-M3", "scores": '
extract 182/471 item=en_PLS_123f0259334c99ae -> '{"judge_model": "MiniMax-M3", "scores": '
extract 183/471 item=en_PLS_d6c59b28c1afd3db -> '{"judge_model": "MiniMax-M3", "scores": '
extract 184/471 item=en_PLS_5524da9c85deba9d -> '{"judge_model": "MiniMax-M3", "scores": '
extract 185/471 item=en_PLS_617fcfaa2cec249f -> '{"judge_model": "MiniMax-M3", "scores": '
extract 186/471 item=en_PLS_d1fb18417af1c459 -> '{"judge_model": "MiniMax-M3", "scores": '
extract 187/471 item=en_PLS_9b616c5245f609ce -> '{"judge_model": "MiniMax-M3", "scores": '
extract 188/471 item=en_PLS_2c9eddc665d38e04 -> '{"judge_model": "MiniMax-M3", "scores": '
extract 189/471 item=en_PLS_e95e9648b6a44393 -> '{"judge_model": "MiniMax-M3", "scores": '
extract 190/471 item=en_PLS_3c54ad6727581095 -> '{"judge_model": "MiniMax-M3", "scores": '
extract 191/471 item=en_PLS_c0473e711162f671 -> '{"judge_model": "MiniMax-M3", "scores": '
extract 192/471 item=en_PLS_8a1d0db3dbef7c42 -> '{"judge_model": "MiniMax-M3", "scores": '
extract 193/471 item=en_PLS_2188a52b116081ff -> '{"judge_model": "MiniMax-M3", "scores": '
extract 194/471 item=en_PLS_aff0e3fcdabf575e -> '{"judge_model": "MiniMax-M3", "scores": '
extract 195/471 item=en_PLS_d4490965c4cad4b3 -> '{"judge_model": "MiniMax-M3", "scores": '
extract 196/471 item=en_PLS_8a58efb25ac65afe -> '{"judge_model": "MiniMax-M3", "scores": '
extract 197/471 item=en_PLS_ea23e66f99c635d3 -> '{"judge_model": "MiniMax-M3", "scores": '
extract 198/471 item=en_PLS_ddf92f5e7a727927 -> '{"judge_model": "MiniMax-M3", "scores": '
extract 199/471 item=en_PLS_dc0469aeca4cce03 -> '{"judge_model": "MiniMax-M3", "scores": '
extract 200/471 item=en_PLS_a2e2723cd7b4973c -> '{"judge_model": "MiniMax-M3", "scores": '
extract 201/471 item=en_PLS_de4a1d310fa26ab6 -> '{"judge_model": "MiniMax-M3", "scores": '
extract 202/471 item=en_PLS_051e7d7e023f56dc -> '{"judge_model": "MiniMax-M3", "scores": '
extract 203/471 item=en_PLS_b9f45ba736da4979 -> '{"judge_model": "MiniMax-M3", "scores": '
extract 204/471 item=en_PLS_6b7107a9e89d84d6 -> '{"judge_model": "MiniMax-M3", "scores": '
extract 205/471 item=en_PLS_ec4d4aa526f91633 -> '{"judge_model": "MiniMax-M3", "scores": '
extract 206/471 item=en_PLS_a277434a87cabfca -> '{"judge_model": "MiniMax-M3", "scores": '
extract 207/471 item=en_PLS_77d08162d92b96a7 -> '{"judge_model": "MiniMax-M3", "scores": '
extract 208/471 item=en_PLS_8f931ba7ce7a6778 -> '{"judge_model": "MiniMax-M3", "scores": '
extract 209/471 item=en_PLS_ab9a7f890e18c4bd -> '{"judge_model": "MiniMax-M3", "scores": '
extract 210/471 item=en_PLS_49e611a954c5a4ab -> '{"judge_model": "MiniMax-M3", "scores": '
extract 211/471 item=en_PLS_97155ef70bc5982a -> '{"judge_model": "MiniMax-M3", "scores": '
extract 212/471 item=en_PLS_771a140d71a7d238 -> '{"judge_model": "MiniMax-M3", "scores": '
extract 213/471 item=en_PLS_56b1020fbc5d006e -> '{"judge_model": "MiniMax-M3", "scores": '
extract 214/471 item=en_PLS_16d04c761df9e9c5 -> '{"judge_model": "MiniMax-M3", "scores": '
extract 215/471 item=en_PLS_9d26bc93c3cd8099 -> '{"judge_model": "MiniMax-M3", "scores": '
extract 216/471 item=en_PLS_1b8a69a606559bff -> '{"judge_model": "MiniMax-M3", "scores": '
extract 217/471 item=en_PLS_0490f4548cdf8adc -> '{"judge_model": "MiniMax-M3", "scores": '
extract 218/471 item=en_PLS_e9b9fca9d6d79e12 -> '{"judge_model": "MiniMax-M3", "scores": '
extract 219/471 item=en_PLS_7135b0d6c9c29bec -> '{"judge_model": "MiniMax-M3", "scores": '
extract 220/471 item=en_PLS_883b155df18a43e8 -> '{"judge_model": "MiniMax-M3", "scores": '
extract 221/471 item=en_PLS_1b95f42a8f81c2ac -> '{"judge_model": "MiniMax-M3", "scores": '
extract 222/471 item=en_PLS_cf77fbb0d2d04d99 -> '{"judge_model": "MiniMax-M3", "scores": '
extract 223/471 item=en_PLS_adf223189f5d1918 -> '{"judge_model": "MiniMax-M3", "scores": '
extract 224/471 item=en_PLS_6190fd1eea96ea71 -> '{"judge_model": "MiniMax-M3", "scores": '
extract 225/471 item=en_PLS_04fae58b64dc0ee9 -> '{"judge_model": "MiniMax-M3", "scores": '
extract 226/471 item=en_PLS_2104ff61bf3b0d91 -> '{"judge_model": "MiniMax-M3", "scores": '
extract 227/471 item=en_PLS_ade228a5e249dbe3 -> '{"judge_model": "MiniMax-M3", "scores": '
extract 228/471 item=en_PLS_6b2fb34bdb41b209 -> '{"judge_model": "MiniMax-M3", "scores": '
extract 229/471 item=en_PLS_f17f169d7fc79076 -> '{"judge_model": "MiniMax-M3", "scores": '
extract 230/471 item=en_PLS_b0517b2aa891148f -> '{"judge_model": "MiniMax-M3", "scores": '
extract 231/471 item=en_PLS_d3be6d660b9ad6ee -> '{"judge_model": "MiniMax-M3", "scores": '
extract 232/471 item=en_PLS_e9211534d03bc10e -> '{"judge_model": "MiniMax-M3", "scores": '
extract 233/471 item=en_PLS_c0f8ac86175e574c -> '{"judge_model": "MiniMax-M3", "scores": '
extract 234/471 item=en_PLS_050dca30b9d1bc7a -> '{"judge_model": "MiniMax-M3", "scores": '
extract 235/471 item=en_PLS_cb8ab9b6c3419813 -> '{"judge_model": "MiniMax-M3", "scores": '
extract 236/471 item=en_PLS_e37eb4f38d3e5832 -> '{"judge_model": "MiniMax-M3", "scores": '
extract 237/471 item=en_PLS_2cac869f7236fdaa -> '{"judge_model": "MiniMax-M3", "scores": '
extract 238/471 item=en_PLS_08b6582fe756b0b7 -> '{"judge_model": "MiniMax-M3", "scores": '
extract 239/471 item=en_PLS_00a61ff810106590 -> '{"judge_model": "MiniMax-M3", "scores": '
extract 240/471 item=en_PLS_e395584eb0f42549 -> '{"judge_model": "MiniMax-M3", "scores": '
extract 241/471 item=en_PLS_bf53d77244a6d20c -> '{"judge_model": "MiniMax-M3", "scores": '
extract 242/471 item=en_PLS_5c4eb08f414da779 -> '{"judge_model": "MiniMax-M3", "scores": '
extract 243/471 item=en_PLS_4b8bb8841a8e01a0 -> '{"judge_model": "MiniMax-M3", "scores": '
extract 244/471 item=en_PLS_40240c90c4450b9d -> '{"judge_model": "MiniMax-M3", "scores": '
extract 245/471 item=en_PLS_701d67c87aa60c34 -> '{"judge_model": "MiniMax-M3", "scores": '
extract 246/471 item=en_PLS_0741e82b2e335588 -> '{"judge_model": "MiniMax-M3", "scores": '
extract 247/471 item=en_PLS_f762d59888e349ff -> '{"judge_model": "MiniMax-M3", "scores": '
extract 248/471 item=en_PLS_9062c906a2b851b3 -> '{"judge_model": "MiniMax-M3", "scores": '
extract 249/471 item=en_PLS_9f7e48c9a39f30db -> '{"judge_model": "MiniMax-M3", "scores": '
extract 250/471 item=en_PLS_fc23c3cccacb38a5 -> '{"judge_model": "MiniMax-M3", "scores": '
extract 251/471 item=en_PLS_06187cdd9c8ebe09 -> '{"judge_model": "MiniMax-M3", "scores": '
extract 252/471 item=en_PLS_5e2d83990a04438c -> '{"judge_model": "MiniMax-M3", "scores": '
extract 253/471 item=en_PLS_dfde417a8e7bb285 -> '{"judge_model": "MiniMax-M3", "scores": '
extract 254/471 item=en_PLS_ea330af33e1ae5b8 -> '{"judge_model": "MiniMax-M3", "scores": '
extract 255/471 item=en_PLS_0d7d8391500bd817 -> '{"judge_model": "MiniMax-M3", "scores": '
extract 256/471 item=en_PLS_20ca758c13f4e6f4 -> '{"judge_model": "MiniMax-M3", "scores": '
extract 257/471 item=en_PLS_e26673275161a6d9 -> '{"judge_model": "MiniMax-M3", "scores": '
extract 258/471 item=en_PLS_8b56b672c40eeab0 -> '{"judge_model": "MiniMax-M3", "scores": '
extract 259/471 item=en_PLS_90d162d9937954ad -> '{"judge_model": "MiniMax-M3", "scores": '
extract 260/471 item=en_PLS_99a4ece56293e08b -> '{"judge_model": "MiniMax-M3", "scores": '
extract 261/471 item=en_PLS_eb7ae14e2cade92b -> '{"judge_model": "MiniMax-M3", "scores": '
extract 262/471 item=en_PLS_e6e3a3690635d236 -> '{"judge_model": "MiniMax-M3", "scores": '
extract 263/471 item=en_PLS_e01bf21eddf3163f -> '{"judge_model": "MiniMax-M3", "scores": '
extract 264/471 item=en_PLS_8fd6927b23ff0273 -> '{"judge_model": "MiniMax-M3", "scores": '
extract 265/471 item=en_PLS_adc9c8a5c40a68f6 -> '{"judge_model": "MiniMax-M3", "scores": '
extract 266/471 item=en_PLS_568605b8523b3122 -> '{"judge_model": "MiniMax-M3", "scores": '
extract 267/471 item=en_PLS_f85a239ea264b353 -> '{"judge_model": "MiniMax-M3", "scores": '
extract 268/471 item=en_PLS_20a9ae2a80b73af3 -> '{"judge_model": "MiniMax-M3", "scores": '
extract 269/471 item=en_PLS_4f464ab19fc49059 -> '{"judge_model": "MiniMax-M3", "scores": '
extract 270/471 item=en_PLS_b6b2edaf9ea04fd0 -> '{"judge_model": "MiniMax-M3", "scores": '
extract 271/471 item=en_PLS_519e2efcf0a92194 -> '{"judge_model": "MiniMax-M3", "scores": '
extract 272/471 item=en_PLS_aa4a5332b07bf982 -> '{"judge_model": "MiniMax-M3", "scores": '
extract 273/471 item=en_PLS_3e94975fccf6b721 -> '{"judge_model": "MiniMax-M3", "scores": '
extract 274/471 item=en_PLS_0f4e3ce8f112d307 -> '{"judge_model": "MiniMax-M3", "scores": '
extract 275/471 item=en_PLS_dbf6eabcc7eadc29 -> '{"judge_model": "MiniMax-M3", "scores": '
extract 276/471 item=en_PLS_c34c72539de19c24 -> '{"judge_model": "MiniMax-M3", "scores": '
extract 277/471 item=en_PLS_40f6688db0b5e447 -> '{"judge_model": "MiniMax-M3", "scores": '
extract 278/471 item=en_PLS_72ce696e61313b59 -> '{"judge_model": "MiniMax-M3", "scores": '
extract 279/471 item=en_PLS_4ee8d97ce5f85b40 -> '{"judge_model": "MiniMax-M3", "scores": '
extract 280/471 item=en_PLS_44d6a84dcf3084c3 -> '{"judge_model": "MiniMax-M3", "scores": '
extract 281/471 item=en_PLS_c556376ec6adebde -> '{"judge_model": "MiniMax-M3", "scores": '
extract 282/471 item=en_PLS_cb5b7a0415753831 -> '{"judge_model": "MiniMax-M3", "scores": '
extract 283/471 item=en_PLS_f4927afe6ad73497 -> '{"judge_model": "MiniMax-M3", "scores": '
extract 284/471 item=en_PLS_32409b05f93a2c18 -> '{"judge_model": "MiniMax-M3", "scores": '
extract 285/471 item=en_PLS_60fda126ee7b7c47 -> '{"judge_model": "MiniMax-M3", "scores": '
extract 286/471 item=en_PLS_4b83986e62d5f0cf -> '{"judge_model": "MiniMax-M3", "scores": '
extract 287/471 item=en_PLS_4761d202935d8114 -> '{"judge_model": "MiniMax-M3", "scores": '
extract 288/471 item=en_PLS_0241f624853d457f -> '{"judge_model": "MiniMax-M3", "scores": '
extract 289/471 item=en_PLS_c3f7c58c73e5bb94 -> '{"judge_model": "MiniMax-M3", "scores": '
extract 290/471 item=en_PLS_4f71585368eb5454 -> '{"judge_model": "MiniMax-M3", "scores": '
extract 291/471 item=en_PLS_dc46df511fb41134 -> '{"judge_model": "MiniMax-M3", "scores": '
extract 292/471 item=en_PLS_128d85a3f26c411c -> '{"judge_model": "MiniMax-M3", "scores": '
extract 293/471 item=en_PLS_411ff88f66ff151d -> '{"judge_model": "MiniMax-M3", "scores": '
extract 294/471 item=en_PLS_6a713b71524b3aaa -> '{"judge_model": "MiniMax-M3", "scores": '
extract 295/471 item=en_PLS_673525725eeee100 -> '{"judge_model": "MiniMax-M3", "scores": '
extract 296/471 item=en_PLS_4e292b3ad3640253 -> '{"judge_model": "MiniMax-M3", "scores": '
extract 297/471 item=en_PLS_56b1504a03b6ce56 -> '{"judge_model": "MiniMax-M3", "scores": '
extract 298/471 item=en_PLS_227e4cbf7e1f0091 -> '{"judge_model": "MiniMax-M3", "scores": '
extract 299/471 item=en_PLS_cb4966fcad8269d6 -> '{"judge_model": "MiniMax-M3", "scores": '
extract 300/471 item=en_PLS_63c3306d0a05168c -> '{"judge_model": "MiniMax-M3", "scores": '
extract 301/471 item=en_PLS_69902560e262ed48 -> '{"judge_model": "MiniMax-M3", "scores": '
extract 302/471 item=en_PLS_92f7a4ad270e3502 -> '{"judge_model": "MiniMax-M3", "scores": '
extract 303/471 item=en_PLS_77b5954cdd40695d -> '{"judge_model": "MiniMax-M3", "scores": '
extract 304/471 item=en_PLS_809ac5410cc2e4f7 -> '{"judge_model": "MiniMax-M3", "scores": '
extract 305/471 item=en_PLS_dc3f8295cec33000 -> '{"judge_model": "MiniMax-M3", "scores": '
extract 306/471 item=en_PLS_07d820f3808361b8 -> '{"judge_model": "MiniMax-M3", "scores": '
extract 307/471 item=en_PLS_86f9a2263ed0eb9e -> '{"judge_model": "MiniMax-M3", "scores": '
extract 308/471 item=en_PLS_09aba10c4be22b95 -> '{"judge_model": "MiniMax-M3", "scores": '
extract 309/471 item=en_PLS_888cfd678b44e496 -> '{"judge_model": "MiniMax-M3", "scores": '
extract 310/471 item=en_PLS_9547fb665975f6ad -> '{"judge_model": "MiniMax-M3", "scores": '
extract 311/471 item=en_PLS_7cb527c4e3398451 -> '{"judge_model": "MiniMax-M3", "scores": '
extract 312/471 item=en_PLS_d982f16e77bf8c98 -> '{"judge_model": "MiniMax-M3", "scores": '
extract 313/471 item=en_PLS_2dd53a995c6ca7eb -> '{"judge_model": "MiniMax-M3", "scores": '
extract 314/471 item=en_PLS_bb28326441d68ac2 -> '{"judge_model": "MiniMax-M3", "scores": '
extract 315/471 item=en_PLS_423de18134214f1a -> '{"judge_model": "MiniMax-M3", "scores": '
extract 316/471 item=en_PLS_ee9f34a7bb45cb4b -> '{"judge_model": "MiniMax-M3", "scores": '
extract 317/471 item=en_PLS_1e16771db600d0fa -> '{"judge_model": "MiniMax-M3", "scores": '
extract 318/471 item=en_PLS_93966498cbb8d873 -> '{"judge_model": "MiniMax-M3", "scores": '
extract 319/471 item=en_PLS_0d9caf5eafa275f2 -> '{"judge_model": "MiniMax-M3", "scores": '
extract 320/471 item=en_PLS_87d08dd3756ca2f5 -> '{"judge_model": "MiniMax-M3", "scores": '
extract 321/471 item=en_PLS_b98b99f696a0e8a1 -> '{"judge_model": "MiniMax-M3", "scores": '
extract 322/471 item=en_PLS_7afdf5d6f034f404 -> '{"judge_model": "MiniMax-M3", "scores": '
extract 323/471 item=en_PLS_9895491118d07773 -> '{"judge_model": "MiniMax-M3", "scores": '
extract 324/471 item=en_PLS_368449c97f0a5490 -> '{"judge_model": "MiniMax-M3", "scores": '
extract 325/471 item=en_PLS_51cf0e3857574123 -> '{"judge_model": "MiniMax-M3", "scores": '
extract 326/471 item=en_PLS_3e4f438fd9b7170a -> '{"judge_model": "MiniMax-M3", "scores": '
extract 327/471 item=en_PLS_79797598ba8ebd0b -> '{"judge_model": "MiniMax-M3", "scores": '
extract 328/471 item=en_PLS_fcbcfca10e5ba7f6 -> '{"judge_model": "MiniMax-M3", "scores": '
extract 329/471 item=en_PLS_2563785f2600bd86 -> '{"judge_model": "MiniMax-M3", "scores": '
extract 330/471 item=en_PLS_af40756acd386925 -> '{"judge_model": "MiniMax-M3", "scores": '
extract 331/471 item=en_PLS_a953430b4eb6a8af -> '{"judge_model": "MiniMax-M3", "scores": '
extract 332/471 item=en_PLS_68565bea710b2beb -> '{"judge_model": "MiniMax-M3", "scores": '
extract 333/471 item=en_PLS_01a03a0b5ffc3260 -> '{"judge_model": "MiniMax-M3", "scores": '
extract 334/471 item=en_PLS_574d4548f19399eb ERROR reason='EduBench judge failed after 3 attempts: MiniMax base_resp 1026: input new_sensitive'
extract 335/471 item=en_PLS_20f544fa67e796dc -> '{"judge_model": "MiniMax-M3", "scores": '
extract 336/471 item=en_PLS_a7fc0c9d0d0ac335 -> '{"judge_model": "MiniMax-M3", "scores": '
extract 337/471 item=en_PLS_385d7deefcbe5c71 -> '{"judge_model": "MiniMax-M3", "scores": '
extract 338/471 item=en_PLS_287673bb38060054 -> '{"judge_model": "MiniMax-M3", "scores": '
extract 339/471 item=en_PLS_7fdefe7a1591799c -> '{"judge_model": "MiniMax-M3", "scores": '
extract 340/471 item=en_PLS_4ccb4261e8464efa -> '{"judge_model": "MiniMax-M3", "scores": '
extract 341/471 item=en_PLS_f10c45923d6b62fb -> '{"judge_model": "MiniMax-M3", "scores": '
extract 342/471 item=en_PLS_0badc89a9f3a39e1 -> '{"judge_model": "MiniMax-M3", "scores": '
extract 343/471 item=en_PLS_bd71cd48e4c32d17 -> '{"judge_model": "MiniMax-M3", "scores": '
extract 344/471 item=en_PLS_33df36442404c710 -> '{"judge_model": "MiniMax-M3", "scores": '
extract 345/471 item=en_PLS_85f1bfa0637d1ce6 -> '{"judge_model": "MiniMax-M3", "scores": '
extract 346/471 item=en_PLS_de32f2c5c533b9e0 -> '{"judge_model": "MiniMax-M3", "scores": '
extract 347/471 item=en_PLS_e6c41bb93d687fda -> '{"judge_model": "MiniMax-M3", "scores": '
extract 348/471 item=en_PLS_906d964d8e9456e2 -> '{"judge_model": "MiniMax-M3", "scores": '
extract 349/471 item=en_PLS_58640f587bb0db71 -> '{"judge_model": "MiniMax-M3", "scores": '
extract 350/471 item=en_PLS_67f542ae96f55356 -> '{"judge_model": "MiniMax-M3", "scores": '
extract 351/471 item=en_PLS_55d512bb959e39c7 -> '{"judge_model": "MiniMax-M3", "scores": '
extract 352/471 item=en_PLS_211fff36745f4d36 -> '{"judge_model": "MiniMax-M3", "scores": '
extract 353/471 item=en_PLS_45d7256fdcb61a71 -> '{"judge_model": "MiniMax-M3", "scores": '
extract 354/471 item=en_PLS_2b8cfd1421112e00 -> '{"judge_model": "MiniMax-M3", "scores": '
extract 355/471 item=en_PLS_dde3bd0a59f1a82e -> '{"judge_model": "MiniMax-M3", "scores": '
extract 356/471 item=en_PLS_5d36b6a59353d80e -> '{"judge_model": "MiniMax-M3", "scores": '
extract 357/471 item=en_PLS_220ecb12592ab564 -> '{"judge_model": "MiniMax-M3", "scores": '
extract 358/471 item=en_PLS_7ab54741e8d31752 -> '{"judge_model": "MiniMax-M3", "scores": '
extract 359/471 item=en_PLS_148e9132ab12d98c -> '{"judge_model": "MiniMax-M3", "scores": '
extract 360/471 item=en_PLS_5bebf03ec7f2637e -> '{"judge_model": "MiniMax-M3", "scores": '
extract 361/471 item=en_PLS_35a1b4219ec04e2d -> '{"judge_model": "MiniMax-M3", "scores": '
extract 362/471 item=en_PLS_05ce8e8d7143dd41 -> '{"judge_model": "MiniMax-M3", "scores": '
extract 363/471 item=en_PLS_a15dd7b39fc1386a -> '{"judge_model": "MiniMax-M3", "scores": '
extract 364/471 item=en_PLS_8e01d902586d33be -> '{"judge_model": "MiniMax-M3", "scores": '
extract 365/471 item=en_PLS_dd114adb0f1a74e4 -> '{"judge_model": "MiniMax-M3", "scores": '
extract 366/471 item=en_PLS_a543dc342722245c -> '{"judge_model": "MiniMax-M3", "scores": '
extract 367/471 item=en_PLS_f645981bdecdb306 -> '{"judge_model": "MiniMax-M3", "scores": '
extract 368/471 item=en_PLS_cf2e4613fcf212ff -> '{"judge_model": "MiniMax-M3", "scores": '
extract 369/471 item=en_PLS_275af02ac786886b -> '{"judge_model": "MiniMax-M3", "scores": '
extract 370/471 item=en_PLS_fefa59f28a3f92b4 -> '{"judge_model": "MiniMax-M3", "scores": '
extract 371/471 item=en_PLS_622ff81d2ae3979f -> '{"judge_model": "MiniMax-M3", "scores": '
extract 372/471 item=en_PLS_cfad901681b29e10 -> '{"judge_model": "MiniMax-M3", "scores": '
extract 373/471 item=en_PLS_48b0e48e5edb3874 -> '{"judge_model": "MiniMax-M3", "scores": '
extract 374/471 item=en_PLS_94171ace52baf24f -> '{"judge_model": "MiniMax-M3", "scores": '
extract 375/471 item=en_PLS_32fabf0b8f57d834 -> '{"judge_model": "MiniMax-M3", "scores": '
extract 376/471 item=en_PLS_aa3dd167139d5898 -> '{"judge_model": "MiniMax-M3", "scores": '
extract 377/471 item=en_PLS_68f7c8fd04636f82 -> '{"judge_model": "MiniMax-M3", "scores": '
extract 378/471 item=en_PLS_98ce7e0f0bc3c194 -> '{"judge_model": "MiniMax-M3", "scores": '
extract 379/471 item=en_PLS_82a3b70ae5648279 -> '{"judge_model": "MiniMax-M3", "scores": '
extract 380/471 item=en_PLS_b3003af253cd1b19 -> '{"judge_model": "MiniMax-M3", "scores": '
extract 381/471 item=en_PLS_11da1cf770d7960d -> '{"judge_model": "MiniMax-M3", "scores": '
extract 382/471 item=en_PLS_257958e07f25711c -> '{"judge_model": "MiniMax-M3", "scores": '
extract 383/471 item=en_PLS_6057a10be4e16545 -> '{"judge_model": "MiniMax-M3", "scores": '
extract 384/471 item=en_PLS_284c0c0e651da534 -> '{"judge_model": "MiniMax-M3", "scores": '
extract 385/471 item=en_PLS_763186f3d598d0a2 -> '{"judge_model": "MiniMax-M3", "scores": '
extract 386/471 item=en_PLS_8f5af442c21075be -> '{"judge_model": "MiniMax-M3", "scores": '
extract 387/471 item=en_PLS_a0101f1d674eec56 -> '{"judge_model": "MiniMax-M3", "scores": '
extract 388/471 item=en_PLS_401b54b433abf22d -> '{"judge_model": "MiniMax-M3", "scores": '
extract 389/471 item=en_PLS_90044bd3f4b12f9c -> '{"judge_model": "MiniMax-M3", "scores": '
extract 390/471 item=en_PLS_5619826c3f2fc1ab -> '{"judge_model": "MiniMax-M3", "scores": '
extract 391/471 item=en_PLS_5fc33b1a788047e2 -> '{"judge_model": "MiniMax-M3", "scores": '
extract 392/471 item=en_PLS_3d93e31bfb450354 -> '{"judge_model": "MiniMax-M3", "scores": '
extract 393/471 item=en_PLS_2b455292ebf5526f -> '{"judge_model": "MiniMax-M3", "scores": '
extract 394/471 item=en_PLS_53b942467f991c21 -> '{"judge_model": "MiniMax-M3", "scores": '
extract 395/471 item=en_PLS_1a49c479a8d69b4b -> '{"judge_model": "MiniMax-M3", "scores": '
extract 396/471 item=en_PLS_32f751a7d64c11f2 -> '{"judge_model": "MiniMax-M3", "scores": '
extract 397/471 item=en_PLS_7a9c96ba255882af -> '{"judge_model": "MiniMax-M3", "scores": '
extract 398/471 item=en_PLS_c934c9b6d1c9e677 -> '{"judge_model": "MiniMax-M3", "scores": '
extract 399/471 item=en_PLS_10c67426a2fd8177 -> '{"judge_model": "MiniMax-M3", "scores": '
extract 400/471 item=en_PLS_850958049e48a0d3 -> '{"judge_model": "MiniMax-M3", "scores": '
extract 401/471 item=en_PLS_468465503ccc5b9f -> '{"judge_model": "MiniMax-M3", "scores": '
extract 402/471 item=en_PLS_a515342274edbd87 -> '{"judge_model": "MiniMax-M3", "scores": '
extract 403/471 item=en_PLS_5e99df0d65932ffb -> '{"judge_model": "MiniMax-M3", "scores": '
extract 404/471 item=en_PLS_21fad3daa8a352e9 -> '{"judge_model": "MiniMax-M3", "scores": '
extract 405/471 item=en_PLS_7ed6936287979e59 -> '{"judge_model": "MiniMax-M3", "scores": '
extract 406/471 item=en_PLS_debf0c5bd09b6452 -> '{"judge_model": "MiniMax-M3", "scores": '
extract 407/471 item=en_PLS_d9939b7f5d190a2a -> '{"judge_model": "MiniMax-M3", "scores": '
extract 408/471 item=en_PLS_acf935cef520bfe2 -> '{"judge_model": "MiniMax-M3", "scores": '
extract 409/471 item=en_PLS_4904f9e702c2963b -> '{"judge_model": "MiniMax-M3", "scores": '
extract 410/471 item=en_PLS_aa4c486862267d6f -> '{"judge_model": "MiniMax-M3", "scores": '
extract 411/471 item=en_PLS_fe4574aec9ec4e4d -> '{"judge_model": "MiniMax-M3", "scores": '
extract 412/471 item=en_PLS_cf7667cc75cb9738 -> '{"judge_model": "MiniMax-M3", "scores": '
extract 413/471 item=en_PLS_d8f6ab103bacc76c -> '{"judge_model": "MiniMax-M3", "scores": '
extract 414/471 item=en_PLS_b317a3a69b490e3f -> '{"judge_model": "MiniMax-M3", "scores": '
extract 415/471 item=en_PLS_ab5edc965e737f9b -> '{"judge_model": "MiniMax-M3", "scores": '
extract 416/471 item=en_PLS_5cf6fd7ad4332df3 -> '{"judge_model": "MiniMax-M3", "scores": '
extract 417/471 item=en_PLS_36d42f1eaa7209ed -> '{"judge_model": "MiniMax-M3", "scores": '
extract 418/471 item=en_PLS_86f5560fc1ba0879 -> '{"judge_model": "MiniMax-M3", "scores": '
extract 419/471 item=en_PLS_3f96d1e509a36856 -> '{"judge_model": "MiniMax-M3", "scores": '
extract 420/471 item=en_PLS_535bcb925b622922 -> '{"judge_model": "MiniMax-M3", "scores": '
extract 421/471 item=en_PLS_85651895e46b5fe2 -> '{"judge_model": "MiniMax-M3", "scores": '
extract 422/471 item=en_PLS_e4fd17df135e5725 -> '{"judge_model": "MiniMax-M3", "scores": '
extract 423/471 item=en_PLS_aeab730b86dfe704 -> '{"judge_model": "MiniMax-M3", "scores": '
extract 424/471 item=en_PLS_b35da8faea30f4b0 -> '{"judge_model": "MiniMax-M3", "scores": '
extract 425/471 item=en_PLS_60cc1ba400f878c6 -> '{"judge_model": "MiniMax-M3", "scores": '
extract 426/471 item=en_PLS_212565734918c63e -> '{"judge_model": "MiniMax-M3", "scores": '
extract 427/471 item=en_PLS_ca54d1c06f65e365 -> '{"judge_model": "MiniMax-M3", "scores": '
extract 428/471 item=en_PLS_0a94656d650c8770 -> '{"judge_model": "MiniMax-M3", "scores": '
extract 429/471 item=en_PLS_445aa94a3408d5f3 -> '{"judge_model": "MiniMax-M3", "scores": '
extract 430/471 item=en_PLS_d3a73ecb9271fcae -> '{"judge_model": "MiniMax-M3", "scores": '
extract 431/471 item=en_PLS_f3c3f1eb144f1fbe -> '{"judge_model": "MiniMax-M3", "scores": '
extract 432/471 item=en_PLS_4f03f26c34bdf3fb -> '{"judge_model": "MiniMax-M3", "scores": '
extract 433/471 item=en_PLS_2371b8684e02cbf1 -> '{"judge_model": "MiniMax-M3", "scores": '
extract 434/471 item=en_PLS_43387561418b4dfa -> '{"judge_model": "MiniMax-M3", "scores": '
extract 435/471 item=en_PLS_9a07536cf70e20c3 -> '{"judge_model": "MiniMax-M3", "scores": '
extract 436/471 item=en_PLS_998af5a670f9cd3e -> '{"judge_model": "MiniMax-M3", "scores": '
extract 437/471 item=en_PLS_1c0292ed286b5bd0 -> '{"judge_model": "MiniMax-M3", "scores": '
extract 438/471 item=en_PLS_b2cef967ca5d890e -> '{"judge_model": "MiniMax-M3", "scores": '
extract 439/471 item=en_PLS_f7314a06b8b91c1a -> '{"judge_model": "MiniMax-M3", "scores": '
extract 440/471 item=en_PLS_39911273d9e2621d -> '{"judge_model": "MiniMax-M3", "scores": '
extract 441/471 item=en_PLS_6e488066ce9b980f -> '{"judge_model": "MiniMax-M3", "scores": '
extract 442/471 item=en_PLS_fd1be1baefd78c04 -> '{"judge_model": "MiniMax-M3", "scores": '
extract 443/471 item=en_PLS_b9756fef0ad20925 -> '{"judge_model": "MiniMax-M3", "scores": '
extract 444/471 item=en_PLS_65470f091d3c9c94 -> '{"judge_model": "MiniMax-M3", "scores": '
extract 445/471 item=en_PLS_6b8edf873d3c0aff -> '{"judge_model": "MiniMax-M3", "scores": '
extract 446/471 item=en_PLS_859eedca909784ac -> '{"judge_model": "MiniMax-M3", "scores": '
extract 447/471 item=en_PLS_df29fd2fb229d331 -> '{"judge_model": "MiniMax-M3", "scores": '
extract 448/471 item=en_PLS_3ab245221ff35ebc -> '{"judge_model": "MiniMax-M3", "scores": '
extract 449/471 item=en_PLS_3d15e600143005c9 -> '{"judge_model": "MiniMax-M3", "scores": '
extract 450/471 item=en_PLS_2b312bf880172bd4 -> '{"judge_model": "MiniMax-M3", "scores": '
extract 451/471 item=en_PLS_ceb2709332c80976 -> '{"judge_model": "MiniMax-M3", "scores": '
extract 452/471 item=en_PLS_1ec2684e01fe127a -> '{"judge_model": "MiniMax-M3", "scores": '
extract 453/471 item=en_PLS_ed4b5fbf921efb55 -> '{"judge_model": "MiniMax-M3", "scores": '
extract 454/471 item=en_PLS_115705e689dfa17d -> '{"judge_model": "MiniMax-M3", "scores": '
extract 455/471 item=en_PLS_cf47dc87c13d1cb7 -> '{"judge_model": "MiniMax-M3", "scores": '
extract 456/471 item=en_PLS_9a7196a2a1369c38 -> '{"judge_model": "MiniMax-M3", "scores": '
extract 457/471 item=en_PLS_669ce6a775778d9f -> '{"judge_model": "MiniMax-M3", "scores": '
extract 458/471 item=en_PLS_f2ad4a2c2b836469 -> '{"judge_model": "MiniMax-M3", "scores": '
extract 459/471 item=en_PLS_fe891574be6ba273 -> '{"judge_model": "MiniMax-M3", "scores": '
extract 460/471 item=en_PLS_368d873c25565d89 -> '{"judge_model": "MiniMax-M3", "scores": '
extract 461/471 item=en_PLS_31be7adc826e91eb -> '{"judge_model": "MiniMax-M3", "scores": '
extract 462/471 item=en_PLS_d7a818ac60237808 -> '{"judge_model": "MiniMax-M3", "scores": '
extract 463/471 item=en_PLS_bec02f1ebfe75637 -> '{"judge_model": "MiniMax-M3", "scores": '
extract 464/471 item=en_PLS_4d229810f25ad4c2 -> '{"judge_model": "MiniMax-M3", "scores": '
extract 465/471 item=en_PLS_dc220af7317a884a -> '{"judge_model": "MiniMax-M3", "scores": '
extract 466/471 item=en_PLS_128e4e0819f26225 -> '{"judge_model": "MiniMax-M3", "scores": '
extract 467/471 item=en_PLS_4b35bd7756ff31a3 -> '{"judge_model": "MiniMax-M3", "scores": '
extract 468/471 item=en_PLS_ebfb7e66fbf5a7cc -> '{"judge_model": "MiniMax-M3", "scores": '
extract 469/471 item=en_PLS_6ebd900236b09d3b -> '{"judge_model": "MiniMax-M3", "scores": '
extract 470/471 item=en_PLS_bb1755b56c99ba85 -> '{"judge_model": "MiniMax-M3", "scores": '
extract 471/471 item=en_PLS_987b735b7cc3ff8f -> '{"judge_model": "MiniMax-M3", "scores": '

benchmark=edubench model=Qwen/Qwen3.5-4B
scored=3795/3797 accuracy=n/a
report=/home/likefallwind/code/edubenchmark/reports/eval/edubench/Qwen-Qwen3.5-4B/report.html
